EXV1.DE_log_returns,EXV2.DE_log_returns,EXV3.DE_log_returns,EXV5.DE_log_returns,EXV6.DE_log_returns,EXV1.DE_log_volume_change,EXV2.DE_log_volume_change,EXV3.DE_log_volume_change,EXV5.DE_log_volume_change,EXV6.DE_log_volume_change,CL=F_log_returns,GC=F_log_returns,CL=F_log_volume_change,GC=F_log_volume_change,log_change_eu_hcpi,eu_interest_rates_z_score,Month_1,Month_2,Month_3,Month_4,Month_5,Month_6,Month_7,Month_8,Month_9,Month_10,Month_11,Month_12
-0.01165701842251647,-0.0016598003790871372,0.0010646369745352104,-0.018531118740014365,-0.010385392074743894,1.3220262826629028,0.25597937197744974,4.518049998497569,1.224688218862047,3.1759026564198742,0.04056480047517171,0.01710389008364776,1.8573149729876017,1.374413033233138,0.0009979044835690674,-0.05750193290641999,0,0,0,0,0,1,0,0,0,0,0,0
-0.021526956469343668,-0.008005319331587012,0.007069635939966604,0.007492244772626393,0.02066355888041206,-1.9406648694733002,-0.6850418959060058,-4.9433964771595615,-1.8109531097193172,-1.0047380818421232,0.0032684201916135997,0.032822747664160386,-0.2667856812980915,0.3564757209078912,0.0009979044835690674,-0.05750193290641999,0,0,0,0,0,1,0,0,0,0,0,0
-0.031543510393768424,-0.005036251389497164,-0.021720599631376646,-0.02088670276641323,-0.00859762559105635,0.9719618947609626,1.0396622043400086,3.9457140931907833,1.6509980176790178,-0.3812960012520447,-0.014272582866522134,0.0021251137930971323,-0.048384122128533276,0.14554632459134,0.0009979044835690674,-0.05750193290641999,0,0,0,0,0,1,0,0,0,0,0,0
0.01228848374000927,0.0006731667275696357,0.024183080592261125,0.02126883042351668,0.05279144328304839,0.33178353969551766,-0.5443164957143987,-0.16745658696180407,-1.0393799024290318,0.8287819713011813,-0.016015598204000028,0.0010608657516221077,-0.08746020095887516,-0.8522673152450869,-0.005200011717380938,-0.08371708778595388,0,0,0,0,0,0,1,0,0,0,0,0
-0.040178623689179044,-0.030740323698204,-0.03613318030473179,-0.03921264429316306,-0.023715058639848,1.274161943318324,0.9290911582776666,0.5540282112481935,0.7960876431783999,1.1248179852910374,-0.0315316838356884,0.012493558633006526,0.3485486193934309,-1.4257035934555569,-0.005200011717380938,-0.08371708778595388,0,0,0,0,0,0,1,0,0,0,0,0
0.012132601581894428,0.010418357415816171,0.024705058460279934,-0.002625206107294282,0.02894662452669893,0.15757346722833201,-1.9777634257171113,2.676289180469416,0.545452768832926,1.2796772055216237,0.022554353130801667,-0.021012071771072605,0.10975462962347468,0.7650117417895893,-0.005200011717380938,-0.08371708778595388,0,0,0,0,0,0,1,0,0,0,0,0
0.03029317917135803,0.01487140816853284,0.010332893796884703,-0.0089984616446989,0.03641696222383565,-0.9965224293975098,0.6029785365176248,-3.0476469902386216,-1.3536996724668227,-1.0138000990992715,-0.010135560386204261,-0.004670203915381928,-0.17952347965534254,-2.9389794569615417,-0.005200011717380938,-0.08371708778595388,0,0,0,0,0,0,1,0,0,0,0,0
-0.0301893823191915,-0.02151348139015282,-0.020050493075593326,-0.058584943900515045,-0.04423091865390697,-0.496898207691202,-0.24511303458002984,-1.0297662843217354,0.8520302411337761,0.3745565407557549,-0.04211253079577828,-0.0073170120255529264,0.1728959882607567,8.95852680436764,0.0010021045031411038,-0.09342358675039744,0,0,0,0,0,0,0,1,0,0,0,0
-0.02418596393114281,-0.03606885001308248,-0.015674101926710243,-0.032543188516786135,-0.0032356090391506905,-0.1690649865897621,1.6056035899719827,0.923181216237813,1.6735865479150682,-0.20735928814962395,-0.00235253756507534,0.011758098060088934,-0.05244949304292761,-4.236646955516553,0.0010021045031411038,-0.09342358675039744,0,0,0,0,0,0,0,1,0,0,0,0
0.012849125300477578,0.015873230504333966,0.010597988392987695,0.00717516870253985,0.004388669845923625,-0.0683866309618401,-1.6967301933030399,0.178895056906295,-2.716150935433497,-1.0974080375601514,-0.0030769568046334138,-0.0033672828732415217,0.07292861849804107,-0.8528363360832178,0.0010021045031411038,-0.09342358675039744,0,0,0,0,0,0,0,1,0,0,0,0
0.027210503934240193,0.022997757646672404,0.034652145165028375,0.036630939152917416,-0.007634782044238282,-0.0507541323169532,-0.1451300762453023,1.2961928008664603,1.0589779950299318,-0.22205575568644695,-0.038748270960535715,-0.0200541153385276,-0.4209448247423578,-0.37044826787090557,0.0010021045031411038,-0.09342358675039744,0,0,0,0,0,0,0,1,0,0,0,0
0.020596162299739675,0.016305726447998128,0.01636820022728994,0.0006458802298329328,-0.00023232522216978086,1.184112863134382,0.8918302401005735,-1.8724681075642677,0.474682838203993,0.18391528629490791,0.02436698324725667,0.0056154204442290315,0.10058744084464721,0.7553040879264067,0.0010021045031411038,-0.09342358675039744,0,0,0,0,0,0,0,1,0,0,0,0
0.03082469083840885,0.004463006657311725,0.011675952058150777,0.036974720953228846,0.012465970949022768,0.026744919229952743,-1.597962822077572,0.12145635099038911,0.35054485406892016,0.6781053023404529,-0.028218497644127708,-0.015676758766367208,0.13669148567822456,-0.7418393583494057,0.0031001574907098387,-0.16149600970297406,0,0,0,0,0,0,0,0,1,0,0,0
-0.012314627747660815,-0.008946828054223034,0.006126764261222768,-0.02861567310976912,-0.023912879794578012,-0.8626941777599235,-0.08054603894235833,0.7938615590158359,-1.3946074436819773,-0.27790808052861765,-0.010993905577820217,-0.028771486817307547,0.3158663862998469,-1.9095425048844386,0.0031001574907098387,-0.16149600970297406,0,0,0,0,0,0,0,0,1,0,0,0
0.01860868907925243,0.020188712110108135,0.002033965308478907,0.0008534036538981068,0.000704500880113625,0.04765794542523535,1.0436499985924896,0.24198076688399878,0.19512619542277831,-1.8658800071689083,0.0015162123200504012,-0.011941885044219322,-0.3208901452525264,-1.2086131838824383,0.0031001574907098387,-0.16149600970297406,0,0,0,0,0,0,0,0,1,0,0,0
-0.014339762307909145,-0.004753641434455714,-0.017076993066828586,-0.04470353952782668,-0.03148361847967255,0.7886512832189694,-0.2127873301221138,-0.12996624148381625,-0.053019366169113284,2.10687934477235,0.012153924556411549,-0.000987958613435088,0.11951122291034133,6.118097198041348,0.0031001574907098387,-0.16149600970297406,0,0,0,0,0,0,0,0,1,0,0,0
-0.04301770376057551,-0.028307036404428377,-0.02971714319278125,-0.04283127019658313,-0.04383535383774954,-0.3507470339854718,0.6382594107064116,0.4645503096644223,1.0389973998576456,-1.2722609046255586,-0.04147258534211528,-0.018202742611650263,0.3901063227618029,-0.9075949140315861,-9.985521002862367e-05,-0.17193032318803417,0,0,0,0,0,0,0,0,0,1,0,0
-0.020656418531989504,-0.02985271234487288,-0.048346812966618136,-0.049628651182246325,-0.030850853551155383,0.17059125653628432,-0.41224600844551085,0.6152502949593925,0.027282147194782294,2.2724950086152957,-0.044664500735793644,0.023869896281199586,-0.10112930364343362,-2.1681971420949866,-9.985521002862367e-05,-0.17193032318803417,0,0,0,0,0,0,0,0,0,1,0,0
-0.023338990816046026,-0.024500352210724524,-0.002972398241646103,0.04636443755952628,0.024086285020933837,-0.07942461571245539,0.39582140648351305,-0.3640820761969865,1.1593310139893624,-2.2711977771319516,-0.036428061750208005,0.01406931554192704,0.09172240949827913,-0.1340071677504588,-9.985521002862367e-05,-0.17193032318803417,0,0,0,0,0,0,0,0,0,1,0,0
0.052324897306673196,0.046895118236745144,0.0037440395691427223,0.007677293067583421,-0.00668012138240015,-0.19563566095610704,-0.9000940636934258,1.3987121219757859,-1.824163256810218,0.03305218242111797,-0.021251384044812683,-0.005750246786933907,-0.3095849494152627,-1.2401524609034384,-9.985521002862367e-05,-0.17193032318803417,0,0,0,0,0,0,0,0,0,1,0,0
0.001016902671451833,0.04205239762090117,0.04100143247766963,0.0413131523263767,0.007448221172314185,-0.08934801983956167,2.2637980040341175,-5.357387446264083,-0.3345576985826431,0.20336335256981347,-0.005818663421689484,-0.050045806664726626,-0.0010138964966406462,2.032294763254134,-9.985521002862367e-05,-0.17193032318803417,0,0,0,0,0,0,0,0,0,1,0,0
-0.029398738312185053,-0.004126290867766354,-0.0010766385016030596,-0.002226307339674185,0.017753575566724182,0.25379884971474487,-0.22029104005920147,3.7855023955717044,-1.9619506286469215,0.8746506551838705,-0.023746317885507427,-0.001281668079313807,0.3164606418052694,-1.265196264414054,-0.0020992660281006492,-0.1731614240940362,0,0,0,0,0,0,0,0,0,0,1,0
-0.008251610077163888,0.03387846788216893,0.0032264442809474543,-0.002677849112863824,-0.010868744623651555,-0.9760227598159543,-0.35716858125746054,-1.0608315683173073,1.9631766126525207,-0.46328975974577946,-0.03664554284197765,0.013080985447574184,-0.03794444289185689,1.188786795272053,-0.0020992660281006492,-0.1731614240940362,0,0,0,0,0,0,0,0,0,0,1,0
0.025891584538460008,0.032768413270438085,0.04479369384387029,0.047991649157918426,0.023855410149561808,0.6496251077178395,0.4970304660959937,0.20388248777008666,-1.667115383085347,0.5354981245020128,0.009059373101506623,0.010493275715838723,-0.49573450372840155,-3.2108436531709366,-0.0020992660281006492,-0.1731614240940362,0,0,0,0,0,0,0,0,0,0,1,0
0.02603998067820535,0.03016584673990262,0.010892160191999825,0.0370064474805933,-0.04232152400398764,0.008245229867320146,0.07341901975892982,0.2044247187152669,1.9855627493379413,-0.8552077975964419,-0.1454965655367747,-0.018797745974182583,0.1728871086738128,8.427914630922638,-0.0020992660281006492,-0.1731614240940362,0,0,0,0,0,0,0,0,0,0,1,0
0.011953684725946824,0.016134251698978773,0.016784656711914873,0.026333478756081895,-0.011194044124997945,-0.9362730097926457,-0.5741181012759907,-0.07809691136816557,-0.12021419260871073,-0.4079124839017935,-0.004697412880449332,0.012599012363211199,0.25096893581120056,-3.6004628034194317,-0.0009010362525804723,-0.17315799318153915,0,0,0,0,0,0,0,0,0,0,0,1
-0.07023844397786007,-0.06550361679433368,-0.037996429605370086,-0.05930113163173705,-0.08577482732639961,0.044560783585927376,0.057280713430602134,-0.3173262081667449,-1.4310672243115368,1.1838914564364234,-0.1300657058978329,0.026451544057441823,0.13643110882950615,-1.855066917946206,-0.0009010362525804723,-0.17315799318153915,0,0,0,0,0,0,0,0,0,0,0,1
0.011197235688539368,0.02402737852999715,0.0333246957890816,0.03132430741282292,0.05844125544859964,1.2414740261836705,1.1720591556873234,1.5801560157316787,2.1168949093379834,-0.17318950225322355,-0.02256722893416312,-0.021589800341976415,-0.0703886591665839,-0.6144378872302877,-0.0009010362525804723,-0.17315799318153915,0,0,0,0,0,0,0,0,0,0,0,1
0.010968575066458108,0.008624922033457518,0.017570542154214705,0.012260095180425883,-0.0005378878015398725,-3.2404997707435506,-3.542677007017342,-2.041658581649372,-2.497567809972528,-0.9691500699891944,-0.032182569123680546,-0.0005018196555293654,-0.7381489097272579,-0.1320768469135283,-0.0009010362525804723,-0.17315799318153915,0,0,0,0,0,0,0,0,0,0,0,1
-0.002184036420803498,-0.016677975334314882,-0.00032865988140405166,-0.021762382864126267,0.012305921941442024,1.1580865522496315,1.4536222843450404,0.5584709681194895,-1.4603212225980513,-0.49385564652689135,-0.03798633863419573,-0.007810940176364018,0.11984237699592021,-0.001662510773613414,-0.01280194894377001,-0.18629838804519108,1,0,0,0,0,0,0,0,0,0,0,0
-0.06173818824032759,-0.009423218689106554,-0.020256155954815638,0.003935777569699804,-0.011229980999536194,1.698189371454609,1.6329663854851812,-0.4046063703997466,1.3625475539532832,1.1859986782827514,-0.08575261979000341,0.024980482968441554,0.7664115668964473,0.19581852521457094,-0.01280194894377001,-0.18629838804519108,1,0,0,0,0,0,0,0,0,0,0,0
0.024137859768066847,0.05332465089977417,0.02537839941804536,0.06444806537886426,-0.006030129165640861,0.6792645190823883,-0.7733897126437611,0.7350819830248899,2.3258397275874456,-0.08565673424958259,0.006800603622231552,0.04886850102431496,-0.016993809342518835,-0.8418408209241455,-0.01280194894377001,-0.18629838804519108,1,0,0,0,0,0,0,0,0,0,0,0
0.05554625359498834,0.0637775800347775,0.042600168668515986,0.074855361485681,0.02739945410029288,-0.4206947679754859,0.21085230344642225,0.304256191876609,0.14506430275793478,0.5000968858245476,-0.06578524441751371,0.012220390390805606,-0.25325154016882695,0.21100670479281328,-0.01280194894377001,-0.18629838804519108,1,0,0,0,0,0,0,0,0,0,0,0
-0.02865485909782475,-0.008233301778339797,0.0,0.0026945080226987764,0.01263843926399453,0.36172696388584924,1.1038834552559191,-0.09090259388369251,0.09113411690869797,-0.8295887321106418,0.05650018964070756,-0.010968159209991678,0.09864399367649011,6.493415431031157,-0.01280194894377001,-0.18629838804519108,1,0,0,0,0,0,0,0,0,0,0,0
0.03479939023954136,0.016398872394620557,0.009674246870136818,0.03766694057185531,0.04101008919946536,-0.8768622493636873,-2.000850806803416,-1.4833587563628576,0.4702185272867859,2.7167615958853544,0.0690757254271026,-0.03550761104065855,0.5138649892649713,-3.887778555166214,0.0050597153075912895,-0.1967215002111897,0,1,0,0,0,0,0,0,0,0,0,0
0.020213325400566428,0.0011608496602497863,0.021202077394616454,0.01184878849571542,0.04732994472706071,0.6346579239280896,0.9078093157824548,0.445243954320899,-0.13580952468717483,-2.4419203951543738,0.020867995306919948,-0.006015319992038799,-0.1308461801871886,-1.8648018645192823,0.0050597153075912895,-0.1967215002111897,0,1,0,0,0,0,0,0,0,0,0,0
0.030543607667346956,0.0034755574214387817,0.015387355166134887,0.033901314042301095,0.01592061465608561,0.30296805784146336,-0.3200816072109923,-0.14054019429968756,0.975044516484238,2.2163773255730477,-0.04733231520872389,-0.018183046820239298,-0.7021202211034181,-0.5580850972952097,0.0050597153075912895,-0.1967215002111897,0,1,0,0,0,0,0,0,0,0,0,0
0.01196134014584924,0.023711720477507116,0.02950055083509224,0.0095257910892038,0.01636699973943737,-0.27493570168257697,-0.32543100178136436,-0.020902336416590707,-0.7598903323128814,-1.6060316169342987,-0.011588578038638341,0.006785256625676801,0.4841571805283297,1.3176073468000278,0.0050597153075912895,-0.1967215002111897,0,1,0,0,0,0,0,0,0,0,0,0
0.01238820112354518,0.0011285829901037572,0.012996357786968163,0.022305603028969015,-0.032526797575382176,0.27053418863905365,0.6526465133823689,1.3816334528914316,0.5011533570816872,0.11418458132335814,-0.0030189760837254515,-0.04081855922226504,-0.008558281147048416,-1.4749751875790615,0.009043469994150476,-0.21186492417083913,0,0,1,0,0,0,0,0,0,0,0,0
0.004488913080043749,0.0008459638418986547,0.020168779017241973,0.04546572625094711,-0.027691884283782876,-0.16625894043918482,-1.2215632470194033,-1.5863669651793677,-0.23363383792504397,-0.5059022036055217,-0.10109183700905158,-0.00992799646088108,-0.0375804077717736,-0.22064042109609128,0.009043469994150476,-0.21186492417083913,0,0,1,0,0,0,0,0,0,0,0,0
0.023296445658440548,0.007578770037656684,0.01201935566805085,-0.01213958570686177,0.03841533918749569,-0.42852560613003643,1.924511567820335,0.904988099124257,0.594307135256552,1.0975850043991668,0.019435264019252416,0.027553786344877276,-0.3240477745817723,0.0368139731227164,0.009043469994150476,-0.21186492417083913,0,0,1,0,0,0,0,0,0,0,0,0
-0.004615688848072825,-0.009553316869659092,-0.04286143675210834,-0.0207776573722912,-0.041375269730418524,0.24225600394440241,-0.379019987666194,1.7952813216761858,-0.6362249177110955,0.1328643158951446,0.06662782379965423,0.012580891750166204,0.2908204552461234,6.254494715854629,0.009043469994150476,-0.21186492417083913,0,0,1,0,0,0,0,0,0,0,0,0
0.021059597280539803,-0.00282688100047974,0.008663059164611861,0.00864490405215293,-0.01744369987060985,-0.5281853858870411,-1.8908338075565259,-3.885937051585051,-0.458429318184016,-1.6574810876170054,0.005509665246559049,0.0009163790805631867,-0.15573252055906056,-1.351565389990836,0.003893580519132241,-0.22806288587162332,0,0,0,1,0,0,0,0,0,0,0,0
0.01884917878229404,0.02433309307523278,0.040568902165626496,0.027322690431272063,0.04329238759666863,0.20040856956385586,0.8659598934675805,2.024919167777154,-0.11273501999875511,-0.060249998776483134,0.049623199486719054,0.003076245345817782,0.33422430340685916,-3.264985920431766,0.003893580519132241,-0.22806288587162332,0,0,0,1,0,0,0,0,0,0,0,0
-0.03512514208049085,-0.015868303518874947,-0.03598623184643683,-0.03825531178344865,0.0027689661986808533,0.25984108785993176,0.4258570694787422,-1.5551925632873305,-0.09487502011396654,0.6307818243515186,0.0764014980071454,-0.0014122130462299028,-0.1478692475900648,-0.20890119459866663,0.003893580519132241,-0.22806288587162332,0,0,0,1,0,0,0,0,0,0,0,0
0.03633465599570455,0.03386402315529267,0.027289831705894968,0.02058041658397054,0.05471182650006,-0.645741880976661,-0.09772531323089612,-0.2680204442703862,-0.8768235966088616,0.7685990895921918,0.02498136477413192,-0.02329702398514237,-0.24066842955509615,-0.8780695190539572,0.003893580519132241,-0.22806288587162332,0,0,0,1,0,0,0,0,0,0,0,0
-0.020594551271722703,-0.024869967650506843,-0.04914029528048544,-0.028228684032656368,-0.042055234199214184,-0.1505780771660428,-0.6873337041174751,2.109358234630402,1.70685458804369,-0.7277241500024338,0.03439719928080205,-0.0005957792119202658,-0.007530157045292275,0.41811622566172324,0.002587323564950954,-0.23891955703264223,0,0,0,0,1,0,0,0,0,0,0,0
0.015003482062636277,0.015822875357371712,0.026163913828309855,0.023240419173346467,0.009447673535888008,0.9487896497255247,0.7451468196011368,-0.7811891955657112,-0.22923377999786865,-0.4923942428981664,0.004049235529594973,0.012354172813018432,0.2174892115911514,-1.5012243277938675,0.002587323564950954,-0.23891955703264223,0,0,0,0,1,0,0,0,0,0,0,0
-0.0004486491384326524,-0.011077574839532806,-0.004889732175328987,-0.03223774634550578,0.00023495672594178426,-0.08557790044451677,-1.3556395590118444,-0.12484327455427639,-0.3286139319709345,0.9941932259774663,0.005038627422744955,0.030152226056181397,-0.08772547129233693,-0.5108256237659907,0.002587323564950954,-0.23891955703264223,0,0,0,0,1,0,0,0,0,0,0,0
0.03027531518839739,0.03851328417682758,0.02954739778647465,0.04882061797243818,0.01005484587814236,-0.1904285970980283,0.8861178187803331,2.008831551988677,0.016105201841156307,-0.3674902560627917,0.0005025139379253764,-0.01745039815691537,-0.270160225053797,-0.3927260823307346,0.002587323564950954,-0.23891955703264223,0,0,0,0,1,0,0,0,0,0,0,0
-0.02165192470195566,-0.018934371835867117,0.0025162294445062816,-0.036788890978523996,-0.030233404150327,-0.7392849857327547,-1.1464040755188984,-1.1653245014926317,-0.4477595797381535,-0.06770753160536686,0.00966509796931391,-0.012449527012390521,0.07926591884134532,8.090138467894212,0.002587323564950954,-0.23891955703264223,0,0,0,0,1,0,0,0,0,0,0,0
-0.012670187873978656,-0.02768744147564888,-0.02088062245217448,-0.029287926681983028,-0.031176796617985857,1.2348790561299645,0.3555220661677636,0.2782147844976039,0.2514768863238536,-0.45633803887499835,-0.019593663184159435,-0.018327320137363923,0.24238477777271836,-4.241877913515928,-0.00029819591692560355,-0.2414705800089081,0,0,0,0,0,1,0,0,0,0,0,0
0.005168043047894301,0.010611479658370693,-0.01349260693484336,0.017417423959929554,0.004936124452380564,-0.4434584905194062,0.5364817722967175,-0.40182874046478045,0.1025578242697528,0.6547522674623554,0.013939230068843667,0.009375334623932134,-0.015366130987560095,-1.5059680117891252,-0.00029819591692560355,-0.2414705800089081,0,0,0,0,0,1,0,0,0,0,0,0
-0.017635652344687815,-0.0008337786599816682,-0.010166749982789061,-0.02334613170990143,-0.016882394677462,-0.7643720388474232,-0.10694272340907332,1.0353903703485579,-0.47997382368024183,-0.09664932775708666,-0.005854302494513336,0.01907376289109388,-0.404746573798539,-0.3643511854001697,-0.00029819591692560355,-0.2414705800089081,0,0,0,0,0,1,0,0,0,0,0,0
0.04417409997854374,0.04005468878600843,0.019945287704296932,0.04679050161824547,-0.0010016967359101933,1.1649342949019834,-0.05398271217205283,0.3564372775795551,0.6862487194423652,-0.07796107714375877,0.0003354655764794666,-0.024091440833937366,0.12112165879211216,0.2806521665235228,-0.00029819591692560355,-0.2414705800089081,0,0,0,0,0,1,0,0,0,0,0,0
-0.04303419450725859,-0.038665443650671004,-0.04687430028360591,-0.039876685182890614,-0.04905339767333458,-0.6730502440697131,0.7252493231930531,-0.89073618056053,-0.183192836507387,-0.596312641722398,-0.046336372723859945,-0.008476461823921822,-0.09233517086332392,0.43500678720863933,-0.00468338258267343,-0.24495058303258258,0,0,0,0,0,0,1,0,0,0,0,0
0.003411811209865215,0.015153950681163743,0.007172810506181106,-0.017541500119541416,-0.027216536942134707,0.6813849237144027,-0.6410273143142584,0.2826353408171079,0.4789608056787091,0.6823329659781421,-0.0764482355730856,-0.004567637483820256,0.5895334614493932,0.0758188365573513,-0.00468338258267343,-0.24495058303258258,0,0,0,0,0,0,1,0,0,0,0,0
0.052071651819070267,0.057510117184003416,0.03832910259008041,0.011118870234515292,0.04226019099900395,-0.11550768318385099,0.1683296454725218,-0.8332545401161345,-0.011866185945892721,-0.379019106547667,-0.035707784143253984,-0.02262590718441329,-0.3094502152971438,-1.8305993025443188,-0.00468338258267343,-0.24495058303258258,0,0,0,0,0,0,1,0,0,0,0,0
-0.018336815053624125,-0.022176403015922226,-0.01902036024747351,-0.03242413987925518,-0.09925031604252871,-0.34912662131410244,0.43260867298103217,0.8929127097376288,-0.5680377155917157,0.5710204765568836,-0.05555300893094738,-0.0416765218187755,-0.23261321850337535,0.8423350710450745,-0.00468338258267343,-0.24495058303258258,0,0,0,0,0,0,1,0,0,0,0,0
-8.932430491464545e-05,0.0013338634452102227,-0.007710204296045694,-0.021324452003732012,0.027878977486477927,-0.2531182633873243,1.6492064573988057,-3.6460650094405307,-0.8818902848140389,-0.6317439094889491,-0.02141590300089707,0.008530250145707548,0.18342009365040657,6.124015982118909,-0.00468338258267343,-0.24495058303258258,0,0,0,0,0,0,1,0,0,0,0,0
-0.010220189451436625,0.0015980970578027608,-0.020756283607557924,0.034489323936592466,0.014073022735695478,0.6714849843132276,-1.1795691989934365,1.853703449148357,-0.2071297180410287,0.03391521983180977,-0.07146682584450975,-0.0007309720089068452,0.13438862560789103,-3.6357390408923513,-9.988513218117318e-05,-0.2513827981139843,0,0,0,0,0,0,0,1,0,0,0,0
-0.030048518948441887,-0.022067867624721255,-0.028049064515098476,-0.06597353097162947,-0.048385059028795134,-0.6410973663254449,-0.5044829462286028,0.9548200327904545,1.2607365231453806,-0.529092523378782,-0.031726614900469775,0.01703715774826026,0.2353963529589296,-0.33413744003206575,-9.988513218117318e-05,-0.2513827981139843,0,0,0,0,0,0,0,1,0,0,0,0
-0.06994481099124583,-0.07249735941703363,-0.0638926095239259,-0.08334200988038114,-0.0774307351480809,0.49150464261665855,0.49377768293302543,0.9726151410060322,0.6555530974316216,0.6773864216447003,-0.04943741356457392,0.041105854076918406,-0.4931201600716547,-0.7593525200289473,-9.988513218117318e-05,-0.2513827981139843,0,0,0,0,0,0,0,1,0,0,0,0
0.010254721654416939,0.008448812173855257,0.023382823661681415,0.024473193871649576,0.011972517383218466,0.722690198477885,0.30436239668376447,-0.3728797816379646,0.24388692307814652,0.864757781360082,0.1114728314787878,-0.023117879153369873,0.558935053420238,-0.24897648083790339,-9.988513218117318e-05,-0.2513827981139843,0,0,0,0,0,0,0,1,0,0,0,0
-0.043156121305003015,-0.02467084018793544,-0.023049724119191914,-0.03653349736332145,-0.07678563900411989,-0.4020683813480099,-2.049494784800651,-1.2560907585880428,-2.3257881051987113,-1.2433362165566668,0.018188252289098514,-0.011092983495679528,0.2458835228391423,-0.44734698614046264,0.001197963605382553,-0.25814013622746684,0,0,0,0,0,0,0,0,1,0,0,0
0.010748813226756984,-0.008360496079243534,0.00266135872273059,0.03731324876344007,0.04270078956566419,-0.9037022487957215,0.5910649206179259,-0.19009078971061638,0.7956865540153762,0.7416368155811548,-0.031321443559831616,-0.015377287647794087,-0.5243140040444942,-0.7969771137090407,0.001197963605382553,-0.25814013622746684,0,0,0,0,0,0,0,0,1,0,0,0
-0.02109370864146383,-0.0057135610347333315,0.00464033410352596,-0.007037984767089571,-0.017653342164202224,0.048517913686722196,-0.05853824509465869,0.29013283954277463,-0.2756177967430646,-0.005050418726427267,0.0011196784574025811,0.030873237139455834,-0.09437794985047611,-1.1768918457232653,0.001197963605382553,-0.25814013622746684,0,0,0,0,0,0,0,0,1,0,0,0
-0.018259575059577343,-0.003928012151310027,-0.004972754217351486,-0.1203619091296817,-0.0874914831233085,0.4916833618633471,0.1953537129203713,-0.528375348843982,1.5420050745939422,-0.1390689796932624,0.022572333563421785,0.006917434438437922,-0.054999992671773267,0.35054935051204966,0.001197963605382553,-0.25814013622746684,0,0,0,0,0,0,0,0,1,0,0,0
-0.0007946015730257379,-0.04742893059065133,-0.0019958811684916444,-0.009783768228139544,-0.0025228715620771247,0.08471910515221015,-0.9853180439596875,3.0451365517773468,-1.178305254621674,0.7423619388994206,-0.00350723385527668,-0.007796478114470135,0.1318543225524106,3.8937933339364847,0.0010968740193320538,-0.2700609976489901,0,0,0,0,0,0,0,0,0,1,0,0
0.04760370418995732,0.03616365609728606,0.03404567469578448,0.10148683976444388,0.15203469016566223,-0.4194604971780749,0.7325698841475139,-2.351711384948133,0.34598277719480036,-0.2342091958696402,0.08600443038151366,0.016744154202604097,0.266231447430657,-2.6659150087569943,0.0010968740193320538,-0.2700609976489901,0,0,0,0,0,0,0,0,0,1,0,0
-0.0006111563483816138,-0.006775594944686444,0.027862328139501395,-0.00971879760299066,-0.028854653515743886,-0.15051993042567194,1.4340552256545338,-0.09223525245073626,-1.1334795757984943,-1.3005945436343416,-0.048931274877742556,0.023335326536281814,-0.2680691434609295,0.09888288814189852,0.0010968740193320538,-0.2700609976489901,0,0,0,0,0,0,0,0,0,1,0,0
0.015637014170035074,0.07238553729145265,0.04747481005563759,0.0700932613784103,0.021705079247745347,0.4275025174661971,-0.3466525102602074,-1.0815674517180396,0.4891510939745531,1.038986043503426,-0.05793041142968459,-0.01729978510257778,-0.1124954084976396,-1.214969807333272,0.0010968740193320538,-0.2700609976489901,0,0,0,0,0,0,0,0,0,1,0,0
-0.0276560681979544,0.0020348485868226887,0.004477005316661958,0.004553410584097623,-0.04686573630455672,0.11951813685001697,-1.2576298386971199,1.4326243518364281,0.6260633592710362,-0.7248380547903319,0.04365210429034028,-0.018917648826672632,0.21978739431101862,1.8115935188560885,0.0010968740193320538,-0.2700609976489901,0,0,0,0,0,0,0,0,0,1,0,0
0.017595971259114614,0.0002903205558918943,0.026448510781564932,0.012789845434865338,-0.015338747000478775,0.0312699661413764,1.7438406949969742,1.4148489967571514,-0.5646977404990519,1.2037527423933327,-0.050626990497522145,-0.048369775659183295,0.04458768782641017,-0.6448434250207608,-0.0032942380676822037,-0.2945779864516809,0,0,0,0,0,0,0,0,0,0,1,0
-0.031585660399172086,0.004633542749274699,-0.022881465715413423,-0.03906436076045822,-0.05917661215266289,-0.14251462407455037,-0.18159657685923827,-1.0860445843856505,0.46557414374326117,-0.7228585398626499,-0.08354848660816583,-0.006271858486916997,0.16635535753660416,-2.3299009036410085,-0.0032942380676822037,-0.2945779864516809,0,0,0,0,0,0,0,0,0,0,1,0
0.010794307625472834,0.02932621268183178,0.03326835860540893,0.044840749062451675,0.025692045944146574,0.04199485719149289,-0.5734121344901959,-0.226663251712381,0.48982944677979684,-0.15747017148832992,-0.008628237534269475,-0.004079390289781971,-0.36214116603257623,-0.5634693572514127,-0.0032942380676822037,-0.2945779864516809,0,0,0,0,0,0,0,0,0,0,1,0
0.006277976287126239,0.0055956501053871935,0.011415474941398912,0.038634273297974114,-0.032129917180185506,0.43840240533580177,-0.3918196604308526,0.5145151939053646,-1.214948052389506,2.0969313969374808,0.03215867179515624,-0.01894464749113532,-0.04064315879140362,8.600510365846997,-0.0032942380676822037,-0.2945779864516809,0,0,0,0,0,0,0,0,0,0,1,0
-0.025824018813616203,-0.060676621384447155,-0.014865779139044896,-0.02718064316780901,-0.05874235879964216,-0.859483333679563,-0.007119782872173517,-0.9598800786434776,1.0481053761206531,-0.30969549758581666,-0.04261168299530998,0.026441536224096323,0.35086076951149664,-2.9432908077888227,9.9985002332975e-05,-0.3224603885128291,0,0,0,0,0,0,0,0,0,0,0,1
-0.06205023693834885,-0.03561043735941495,-0.0390597775085506,-0.039528998148581955,-0.09409331723545576,0.7162598772450824,0.08080966335738904,1.4030883742474738,-0.6918138868289058,-0.11889503602039062,-0.1152219553885907,-0.007032485261407375,0.2717753853716277,-1.6752671828575814,9.9985002332975e-05,-0.3224603885128291,0,0,0,0,0,0,0,0,0,0,0,1
0.031696100296699684,0.01766192478044788,0.007459637790781839,0.024725218523326785,-0.006711428854442928,0.3266168077089136,3.0265198482433493,-0.665634079837529,-0.1977406072504097,-0.5529167459719349,-0.025303394299783274,-0.009985686413265197,-0.567252737381806,-0.572679579532893,9.9985002332975e-05,-0.3224603885128291,0,0,0,0,0,0,0,0,0,0,0,1
0.01240211964899561,0.009911403722469916,0.019137823373829882,0.021395210335520054,0.06871239831225447,-2.2165159841729554,-1.0050955861776465,-0.1364287696296974,-1.042718922698869,-0.9613428647941259,0.09261038850799809,0.010264157016440435,-0.3875538312462674,-1.139657721911225,9.9985002332975e-05,-0.3224603885128291,0,0,0,0,0,0,0,0,0,0,0,1
-0.006019965177353048,0.0008963645243179636,0.008421539380816868,-0.004572647863511864,-0.020644015075762023,0.15064622668219702,-2.08931494321116,-1.706009000923253,-0.40039034752585045,-0.12821738997972715,-0.02821580758810008,-0.015813103625710066,-0.15222965661625223,0.6619389741061041,-0.011968963602665106,-0.336749047409012,1,0,0,0,0,0,0,0,0,0,0,0
-0.0942328234781332,-0.03494218161723589,-0.06604301714792524,-0.1272918460723629,-0.14106650436666787,0.9243986812977371,0.5900596505440409,1.4401933701732375,2.5956114678474074,0.2111032368233594,-0.11065410882970989,0.034756288610961646,0.9490850079188197,-0.3338819344101758,-0.011968963602665106,-0.336749047409012,1,0,0,0,0,0,0,0,0,0,0,0
-0.04937447206295375,-0.03842653639160405,-0.030953673406400418,-0.05631376916198391,-0.06826839785415197,0.6192051438324113,-0.7420018469336385,-0.07961021912774148,-0.6311848260972567,0.7260254253198447,-0.11966960789896984,-0.005755324603950174,0.059614437669817714,-0.5631431284533912,-0.011968963602665106,-0.336749047409012,1,0,0,0,0,0,0,0,0,0,0,0
-0.0054473859421324405,0.03597389326238826,0.051564477270069624,0.028446263547297585,0.039526728882228614,0.19461866423424842,0.24982210858271464,0.790656551761352,-0.14419279828133913,1.0034588017521626,0.089981084882118,0.005208538570965079,-0.2303304847521415,-1.4407542782522715,-0.011968963602665106,-0.336749047409012,1,0,0,0,0,0,0,0,0,0,0,0
-0.011873394754883975,0.008097207468868673,0.0069389924479848365,-0.024489154505079047,0.03848421123010707,-0.3114976466779264,-0.22848219255233918,-2.1093955865651313,-0.13810786359870167,-0.6020253564483831,0.04346529356155858,0.01734780896976524,0.4428921333224378,8.135521857408143,-0.011968963602665106,-0.336749047409012,1,0,0,0,0,0,0,0,0,0,0,0
-0.06496202453440565,-0.05548084147648341,-0.07781519929339732,-0.04831872881069937,0.0537766851976996,0.8887189270449554,-1.31497046724778,0.26934509560883124,0.10473059437715429,-0.14898811649522004,-0.08468860903861813,0.03641245028736934,-0.03438007270037346,-3.6095241111204674,0.0015166071356476271,-0.3637108732669781,0,1,0,0,0,0,0,0,0,0,0,0
-0.05540518816282719,-0.043900866606793286,-0.05924445264850037,-0.040649040741474116,-0.015831721920097373,1.155492291926102,1.4418960420940081,0.9093907273194174,1.0280223848642267,-1.2254554992199873,-0.04807817517039855,0.06786359510128809,0.07843386896667671,-0.5568329109050201,0.0015166071356476271,-0.3637108732669781,0,1,0,0,0,0,0,0,0,0,0,0
0.02056805056242388,0.04225969729890325,0.06248907320538357,0.07170667877318142,0.081269774054502,-0.6358765419834481,-0.5553887406821209,-1.4471075884684155,-0.47933194448283517,2.4632106186885676,0.0067704678345084915,-0.007045950325628534,-0.8351069213652658,-1.4099725462111867,0.0015166071356476271,-0.3637108732669781,0,1,0,0,0,0,0,0,0,0,0,0
0.04044862840012876,0.011103889693537528,0.016704544039442038,-0.0022348375847144573,0.007734503636320988,-0.7616587826843753,0.2808563754604958,1.2745128063779567,0.5979452092645879,-1.317820571353939,0.10069375624068932,-0.008652388701787177,0.6446008149658776,1.1543797775328386,0.0015166071356476271,-0.3637108732669781,0,1,0,0,0,0,0,0,0,0,0,0
0.061127931400670334,0.02533441292923752,0.01736965233858878,0.08550058876729676,0.15727419162340575,-0.25229597388549707,-0.7038681485230585,-1.0417954413408856,0.5547572913897294,1.7059708296288807,0.09147565638167007,0.04025122552820189,-0.07078841485876519,-0.4710963264952335,0.00955213134995809,-0.39609868723900804,0,0,1,0,0,0,0,0,0,0,0,0
0.02690533739326162,0.00757079142529553,-0.004392736916816141,-0.03553926811332257,-0.060711352672169046,0.18613260225992065,1.469457505396166,1.0817744091661898,-1.7011523788062552,-1.107222791284285,0.06936404883565091,-0.008858772915218275,0.21266489154067952,-1.4682825946989184,0.00955213134995809,-0.39609868723900804,0,0,1,0,0,0,0,0,0,0,0,0
-0.03345894295501509,-0.00979018106633296,0.011567943666068822,0.02977207615431237,0.034024689642843886,-0.48652589404021174,-0.5382223580020972,0.8147374053406277,0.6543840631954233,0.3591489838851268,0.024122253620943553,-0.0039004247209770237,-0.6110074583128726,0.5849697616310057,0.00955213134995809,-0.39609868723900804,0,0,1,0,0,0,0,0,0,0,0,0
-0.049061365279758344,-0.020843793787177014,-0.006861997242313139,-0.020662543225060333,-0.05787076349095825,-0.8585550259959798,-0.6882617894077631,-1.6109645054301913,0.03462253856921154,-0.7010061267130685,0.0005069824783843699,-0.02618121700635418,0.037921154516032424,0.4590125595505141,0.00955213134995809,-0.39609868723900804,0,0,1,0,0,0,0,0,0,0,0,0
-0.02856393905500817,-0.0061759652370194104,0.008415180165552255,-0.008258484069842614,-0.0011319735558856924,0.6036444620818293,1.2889925085297662,-0.9130223100622038,-1.5527785002417205,-0.8555536592774896,-0.07006138339116105,0.0006547117321808212,0.22184408614326578,5.377915713887409,0.001999400846013314,-0.4109888474761484,0,0,0,1,0,0,0,0,0,0,0,0
-0.029190614165320688,-0.015112192567512462,-0.010922119742964937,-0.043012250375086,-0.024843494107741327,0.5476022167597796,-0.4574779437824976,0.489109542238257,0.9316187168451074,-0.0568209951536722,0.07662877590777303,0.016473005460979892,0.2930284594972324,-4.226926345196429,0.001999400846013314,-0.4109888474761484,0,0,0,1,0,0,0,0,0,0,0,0
0.07902659769478586,0.030507299720516377,0.01301192763222867,0.04741219324606161,0.12138093566989075,-0.9325891996099197,0.7707146721169437,1.884641450396491,-0.4368399748362499,0.5919358776950661,0.015984340698414506,-0.00759417489323081,-0.0045495865258988995,-1.095515875215951,0.001999400846013314,-0.4109888474761484,0,0,0,1,0,0,0,0,0,0,0,0
0.05201825209926872,0.0032257003122455508,-0.018475485958609063,0.03914720351501018,0.05829494315521976,0.14680896282210104,-1.4352068735606263,-1.4794542744746626,2.195491970324688,0.7939472725630635,0.0801951443487812,-0.003574643943692132,-0.2570118850172919,-0.0033783815916273064,0.001999400846013314,-0.4109888474761484,0,0,0,1,0,0,0,0,0,0,0,0
-0.02502890842932738,-0.023791504450264147,-0.023666038423479564,-0.022301180609830766,-0.004264361133341204,0.9243879952986231,-0.028377543597841223,-1.195438558086921,-1.0453764401215186,-0.40677907562578725,0.048866357179551734,0.04806517293267319,0.1553790615498179,0.7235598556591627,0.001999400846013314,-0.4109888474761484,0,0,0,1,0,0,0,0,0,0,0,0
-0.06816851330632931,-0.021333989744329557,-0.026230965690976115,-0.030315260933648835,-0.08325296950047928,-0.7979484605573205,0.6314634019903288,0.8346850210782091,-1.4735138781005086,-0.02584164648521687,-0.02782246914107085,0.0028659430771524504,0.10992796361624523,-0.8073461665039968,0.003489361000177232,-0.41674654244844866,0,0,0,0,1,0,0,0,0,0,0,0
0.0034288478948944225,0.03183292202237797,0.005962208773151028,0.014317955606170172,-0.04718353260734108,0.06234420842070583,0.2407392324804583,0.3432276765778619,1.0674939915058805,0.529853135989905,0.03411796207449891,-0.0163759114912937,0.09951293968646768,-0.6264261302692983,0.003489361000177232,-0.41674654244844866,0,0,0,0,1,0,0,0,0,0,0,0
0.03544056840932073,0.015222992172742533,0.022208694777783606,-0.019064326938446195,0.010802597090221695,-0.3135372066288381,-0.9771208631351542,0.1397004436512379,-1.572920582655428,-0.8770937829990069,0.03278286185688532,-0.01545013470632072,-0.5769490431100069,-1.117726684691425,0.003489361000177232,-0.41674654244844866,0,0,0,0,1,0,0,0,0,0,0,0
0.06180932943138773,0.028206566865355873,0.047928558732820245,0.04337918633290123,0.03280189480686112,1.05300963872666,1.9087447964408175,0.7412928449267839,4.020294528438752,-0.16874945358163473,0.03255338543738825,-0.031305755316830226,0.17531585916188666,7.2351564221678055,0.003489361000177232,-0.41674654244844866,0,0,0,0,1,0,0,0,0,0,0,0
-0.05207811267698541,-0.033362687178128334,-0.012391580159513277,-0.02240689815020227,-0.018820606422288864,0.81020517112053,-1.9513201696865268,-0.9664371664351714,-0.5863403739141324,-0.4643903249136464,-0.014497505444789695,0.02143602719231203,-0.1361415185411587,-3.056890046066427,0.0016904493659119619,-0.4244754526008652,0,0,0,0,0,1,0,0,0,0,0,0
-0.049287434527258915,-0.039207872998233674,-0.026213817806241428,-0.027699170692840162,0.008730372719919785,-1.5572888726549414,1.9587994919590774,-0.040558844224618036,-1.8774015235147654,0.41731031735004853,0.009212896963281389,0.026498505933714504,0.29377380056466135,-1.5620237242522912,0.0016904493659119619,-0.4244754526008652,0,0,0,0,0,1,0,0,0,0,0,0
-0.014400893458081687,-0.03105521916718616,-0.01580408645732396,-0.027144707483605854,0.0025321194186815957,0.6853752906624944,-0.26355175618451726,0.1279809620938735,-0.1729370210287086,0.015639588426574525,-0.02246359601178945,0.014887819627315809,-0.23217131169110528,-0.6020416320376524,0.0016904493659119619,-0.4244754526008652,0,0,0,0,0,1,0,0,0,0,0,0
-0.08056590286589566,-0.03276675170099022,-0.0006504087030741271,-0.027902514615791022,-0.005070763516225028,1.0505068761124137,-0.532297872783662,1.224124126924074,-0.23858938657139184,0.4283883976820079,-0.007111516195476343,0.021053409197832263,-0.013414588898141245,-0.12872754031187725,0.0016904493659119619,-0.4244754526008652,0,0,0,0,0,1,0,0,0,0,0,0
-0.009493312841160211,0.05876884406364554,0.021243094092159,-0.0006905926907722368,0.07819770845408648,0.5658983324392284,2.134914698747882,-0.12730150576138252,-0.49037601546205795,0.15430983349522298,0.027943498236545787,0.01257211686815178,0.10125486761018206,0.597237779725007,-0.003682878795707867,-0.4436511344479409,0,0,0,0,0,0,1,0,0,0,0,0
-0.01980540551922376,-0.02634888393061948,-0.004788598931760859,-0.020465692096496704,0.003017481984972529,-1.9221053558707235,-2.352279445757829,-0.1445958942863793,3.4091531887073954,0.04431002161373944,-0.07588388816226632,0.014777698066902895,0.03318933260522994,-1.2135422553420867,-0.003682878795707867,-0.4436511344479409,0,0,0,0,0,0,1,0,0,0,0,0
0.06468202144232219,0.02831500000699975,0.04226181321142816,0.06287090061292022,0.06957459551502264,0.31471112127788825,0.6261933449855812,0.5181308290320309,-2.1565972748604043,-0.1847464174442773,0.011821523655750513,-0.022437656937676846,0.1379329851918249,-0.6384572942633251,-0.003682878795707867,-0.4436511344479409,0,0,0,0,0,0,1,0,0,0,0,0
0.013752347083528299,-0.00102010103529946,0.060223029127282356,0.016216229389879433,-0.02477112004948761,-0.23296873799958243,-0.5684221427803693,-0.09692076847181792,-0.8518639429787027,-0.7156291288819878,-0.03905537733969902,-0.002566444981596475,-0.5035616298265837,1.4354846053106625,-0.003682878795707867,-0.4436511344479409,0,0,0,0,0,0,1,0,0,0,0,0
-0.0012558227205830066,-0.008543098952164757,0.019103340118264686,0.030798547564232833,0.0294652297485401,0.5415337165116845,-0.42125902952573935,-2.6619088554625705,0.09513906335916668,-0.2321123727827311,-0.06039835747824914,0.019386127611557925,0.2845238042980949,5.225685739957136,-0.003682878795707867,-0.4436511344479409,0,0,0,0,0,0,1,0,0,0,0,0
0.0007389689502982768,0.004109796977548422,-0.010085428185421024,0.005401302065350763,0.011485459177216908,-0.9008437027765255,-0.18554724314372842,2.9407942175079893,0.5716305792340742,1.1699030370589056,0.0047961906911349545,-0.009384127456625374,0.2154114236158048,-3.774696619905434,0.000598145766014323,-0.44631232918477376,0,0,0,0,0,0,0,1,0,0,0,0
0.03448505770581007,0.01660763739584025,0.010944832929513848,0.016667415328610866,-0.003401002365286858,-0.4178537311196039,1.795602014433892,-0.5719439842423849,0.522636963825383,-0.6301356867665313,0.06236816126621225,-0.0004490499061257898,0.0705612567786797,-1.1164234617010707,0.000598145766014323,-0.44631232918477376,0,0,0,0,0,0,0,1,0,0,0,0
-0.033968203935525465,-0.026223197729638836,-0.014426019976722475,-0.023803064995848743,-0.006524554728213053,0.35526475209737446,0.5963736656549943,-0.350097319546815,-0.23835512464269082,-0.2267318145282703,0.08671161096560248,0.003437695232162953,-0.4184130753183433,-0.8769966215319531,0.000598145766014323,-0.44631232918477376,0,0,0,0,0,0,0,1,0,0,0,0
0.0481395708643618,0.008931766046522146,0.009832291959906899,0.007997474488979105,0.008381237258310035,-0.5120639334497826,-1.3775203025618008,0.19012337914819227,0.4862429162731374,-0.9944041495780223,-0.018303361835031406,-0.014200640032823834,0.30809630453435294,0.2582981402406824,0.000598145766014323,-0.44631232918477376,0,0,0,0,0,0,0,1,0,0,0,0
0.0585488488540235,0.005117096261892752,0.014853075565987169,0.017922342731857804,-0.029806210048886016,1.2683907240580312,-0.02833904205143477,1.0684906183420178,-1.5933488204942496,0.8804725459419813,-0.06953279780606293,0.0004539080055828846,-0.0970234279818538,0.3709219530130304,0.0029853738960234064,-0.4487756701139707,0,0,0,0,0,0,0,0,1,0,0,0
-0.0014609890764872126,-0.006143572764104936,-0.019178776579606528,0.0,0.0006364021380776658,-0.30660010446704467,-0.7535535622449494,-1.2067326007695038,0.9746007114743023,-0.7190622988825359,0.03188938167250739,0.0060327459542656335,0.1654135895661096,-2.571695779860391,0.0029853738960234064,-0.4487756701139707,0,0,0,0,0,0,0,0,1,0,0,0
-0.0562437841358477,-0.034834799904877575,-0.011043315831922498,-0.0434333679141285,-0.03135838803016537,-0.9586344703341632,0.7317279557459763,-0.20107972423979883,-0.750947818357587,-1.732415625627867,-0.06413179705994293,-0.01843819185839535,-0.026795993199115343,1.085189268335969,0.0029853738960234064,-0.4487756701139707,0,0,0,0,0,0,0,0,1,0,0,0
0.012574407320200102,0.03071813917199513,0.03953556551332138,0.03323125354715804,0.08042157404363981,0.5427985362339324,-0.10857501192715979,1.6878249120967284,-0.38205820723682155,2.649785416496244,0.03314212116902219,0.02376192188494616,-0.08217968648892886,-0.36832556115870757,0.0029853738960234064,-0.4487756701139707,0,0,0,0,0,0,0,0,1,0,0,0
-0.009415998451955952,-0.013845868296893398,0.002244145469574428,-0.0044960828390345695,0.019802550048422584,0.21895849877264134,0.2497419194451233,-1.1910722695440283,1.469398364783907,-0.657896305406468,0.08114894756213976,-0.018034748259910603,0.238990684596156,4.230419916750648,0.0029853738960234064,-0.4487756701139707,0,0,0,0,0,0,0,0,1,0,0,0
0.025939449981488012,-0.043090262396171926,-0.01667436745383486,0.009184880322418727,-0.0002969750234457117,1.0020909396198567,0.10461993121947188,0.8780476814167887,-1.6843274297860948,1.0482762169893023,0.03202720744276301,-0.050279907353340626,-0.23579735727220058,-1.8668426224469645,0.002282766114613629,-0.4540811084389341,0,0,0,0,0,0,0,0,0,1,0,0
-0.0020506775620819243,0.010498056327815608,-0.03450073143843909,-0.003834443371460962,-0.010755924803486033,-0.6427394883501385,0.9812899711144365,0.23548990159921318,1.9200963917245968,-0.08427437166942656,0.010782794203350552,0.003357278270814875,-0.03792085212012839,-1.250743692912498,0.002282766114613629,-0.4540811084389341,0,0,0,0,0,0,0,0,0,1,0,0
0.051887370433720284,0.015682704165294502,0.017153650978212785,0.011519348289299043,0.04125757981204753,0.1202983419349108,-1.5041143601498401,-0.0944049982883314,-0.6259426223414544,-1.309456023766296,0.00988150362798631,0.010162889240408566,-0.3278050264741433,0.15543355364014746,0.002282766114613629,-0.4540811084389341,0,0,0,0,0,0,0,0,0,1,0,0
0.0201242251339709,0.007525630765600306,-0.025385103527815756,0.01530615710219675,0.01576631741757386,-0.05815010575469177,0.25696389250318413,0.5591747888920319,0.4549934327552977,1.1393570511233355,-0.04320104673246516,0.007554907653150838,0.4696748418749878,0.3411707574027672,0.002282766114613629,-0.4540811084389341,0,0,0,0,0,0,0,0,0,1,0,0
-0.05054981514930426,-0.04378670778229394,-0.04369114776662924,-0.05210406176994583,-0.024763661228349224,0.05406863968081911,-0.8715911748234821,-2.236567020651947,-1.648767449892988,-0.7430169371781739,-0.09989977382555279,0.021561288419800064,0.1524921187305173,-1.75645265539591,-0.0021834069809435063,-0.45673382760141573,0,0,0,0,0,0,0,0,0,0,1,0
0.0737360532971871,-0.010121807307918965,0.0012485162035224852,0.02617760004600752,0.11056538052348239,1.37297036698619,1.1132358886802263,0.669866301819873,2.8457803809964326,1.1527125452200693,0.013298971066255934,-0.02943224601648739,-0.16667064184304864,0.14310084364067324,-0.0021834069809435063,-0.45673382760141573,0,0,0,0,0,0,0,0,0,0,1,0
0.0006278967996431034,-0.0011311182372769994,0.03222633073008358,0.012098277783818376,-0.030747103019599608,-0.7691645472881011,0.7839006566684966,0.6477797777544498,-1.5626700907549662,-0.4866085468959758,0.022801182523116078,-0.04608737984164103,-0.14740377671431154,2.0833554410009723,-0.0021834069809435063,-0.45673382760141573,0,0,0,0,0,0,0,0,0,0,1,0
0.0053202198384921535,0.007890592736999425,0.016474860168965322,0.012370202988835836,0.06890308768911203,-1.795141001715125,-1.0424308196605538,-1.0844024580954568,0.43336015027847363,0.04856941961956641,0.008065498689330715,-0.025392112498936636,0.0018849494107069458,-1.7357410278265175,-0.0021834069809435063,-0.45673382760141573,0,0,0,0,0,0,0,0,0,0,1,0
-0.0026253588041907283,-0.015843638935044434,-0.03784361084890183,-0.022548801293049196,-0.013151267076757837,1.6084794448997493,-0.553290288106797,1.7283699382807372,-0.5071327969249545,0.07871080849605733,0.11512594117164883,-0.0026345790808632663,0.5641399284037574,6.5090745838345585,0.005054269715963745,-0.4589530041847269,0,0,0,0,0,0,0,0,0,0,0,1
0.09412598473156669,0.04643381032310446,0.044358241128228046,0.08318570002584226,0.05642257196904003,0.47049125405157194,2.798766577163088,-1.440908348687307,0.4527441583535242,0.10047525634027381,-0.003489057709760066,-0.013450578600608068,-0.235542609889245,-4.859457542753974,0.005054269715963745,-0.4589530041847269,0,0,0,0,0,0,0,0,0,0,0,1
0.008508339027274337,0.023319281892411607,0.033094283134197,0.019806567320143978,-0.05134397579937794,-0.15007084748216362,-0.45620748114068793,4.593133313778836,0.1290841909365053,0.23385242232303302,0.007737011902516437,-0.021005674783636265,-0.16283179922276775,-0.01826044293883772,0.005054269715963745,-0.4589530041847269,0,0,0,0,0,0,0,0,0,0,0,1
-0.018642030446160165,0.004952234278176329,0.010509594499022876,0.007852268216975098,-0.016343448030627733,-1.065625803179629,-0.6656467266100371,-4.606061060611204,0.5096345653958416,-0.4736100511874566,0.021350389922465084,-0.002999317972020829,-0.558792257902536,-1.268330673308739,0.005054269715963745,-0.4589530041847269,0,0,0,0,0,0,0,0,0,0,0,1
-0.00634993528416379,-0.0003527980977420007,0.0033854322364835526,-0.006891417146830004,0.028428213419437767,-0.5693325555019543,-1.7934229817179785,-0.4707969298085713,-2.872207067940775,-1.0737639265344057,0.013116184883803448,0.015864284149823077,-0.3210646974076947,1.6190257135892538,0.005054269715963745,-0.4589530041847269,0,0,0,0,0,0,0,0,0,0,0,1
0.03734106846147295,0.03400728835123686,0.00449536051323698,0.023726901464575803,0.001750242274813243,0.34346298550824983,0.5039510628541031,0.21850075945539832,2.9368134047766397,0.6661935449387142,0.005013480940195437,0.018864441740149566,0.6189283596634059,-1.4673553988203276,-0.006645201740897057,-0.4660019698604578,1,0,0,0,0,0,0,0,0,0,0,0
-0.008797104158540264,-0.002049016057246563,0.009209125040411457,0.002435840116395419,0.06222512849779456,0.6734285437999558,1.4490885476268245,0.34441816052852336,0.21994053009147996,0.04153628785383957,-0.030464987422829923,0.019770856636589514,0.32117749502779025,-0.8238443719485927,-0.006645201740897057,-0.4660019698604578,1,0,0,0,0,0,0,0,0,0,0,0
-0.007851076252037346,-0.013236911217054219,-0.004187297226673221,-0.005253610334941448,0.0074526176802610445,-1.0377772078374576,-0.9052163754978746,0.0858903006390307,-1.012194447659166,0.49858259394229876,0.000954275068959359,0.007501285077217098,-0.7214079364464717,-0.030653741091002402,-0.006645201740897057,-0.4660019698604578,1,0,0,0,0,0,0,0,0,0,0,0
0.022519594385677286,-0.04553562246547394,0.011139043205378276,0.010293204847889412,0.038034197123613014,1.0868185082310704,0.008104606956076772,2.8990582926307655,-1.1487707621411283,-0.23673579859473137,0.014206130113705326,-0.013543153895838354,0.5437508000855606,6.8174729054762935,-0.006645201740897057,-0.4660019698604578,1,0,0,0,0,0,0,0,0,0,0,0
-0.006623906431605629,-0.007363837751290525,0.01347816219352286,-0.016520022327708696,-0.043185200545300416,-0.2853835410201887,-0.031188591802492345,-3.1473926293034884,0.13677539865875493,0.01821331523844615,0.012336673509865717,0.02526522214984744,-0.012795290067561913,-1.411593168976093,0.004368987189900962,-0.46820274427673864,0,1,0,0,0,0,0,0,0,0,0,0
-0.025383112041975874,0.009562360094055295,0.009246847954013,-0.011996753663955622,0.039356361184156696,0.26257587393762505,-0.05774059987769912,4.324921523941627,1.017438658245742,0.10208331330535252,0.0005571321272678848,0.012964447761770448,0.14871956380243748,-2.752747384958973,0.004368987189900962,-0.46820274427673864,0,1,0,0,0,0,0,0,0,0,0,0
0.01621710703501481,0.006203248810570204,0.015845745313387623,0.015775173915677454,0.004053951499639668,0.014484989375673107,-0.4052109310051625,-3.3706690341477685,0.0013922425503074037,0.1474266180763556,-0.008577324174979133,0.0025889587048835644,-0.3732595584034728,-1.1811244721473073,0.004368987189900962,-0.46820274427673864,0,1,0,0,0,0,0,0,0,0,0,0
-0.029885704823207408,0.029392655424337492,0.012445712092725282,-0.000942977975968513,-0.022733622680073475,-0.42123023214523675,0.9169856511457793,1.0521911494674177,0.8389810845524732,-0.7659823492591749,0.010988100778010636,0.01547439082290595,0.004084547397590156,0.3125924313685435,0.004368987189900962,-0.46820274427673864,0,1,0,0,0,0,0,0,0,0,0,0
0.0441080874852279,-0.004602381842627547,0.015925274948752705,0.02239716600356923,0.004130232039425039,-0.07063924371332184,-0.5755937386406954,-0.6848196155272978,-1.4470720128959629,-0.1476179359155952,-0.012299816371739141,-0.025299467386653725,0.20065955974032143,0.04595575695186915,0.006419458122330724,-0.4687415467088823,0,0,1,0,0,0,0,0,0,0,0,0
0.011145199961913071,0.011291448644645418,-0.0018150471409136186,-0.01487544136640873,-0.07043310784943864,0.01078555155303919,0.022310797013718877,-0.7373985021599737,-0.4776259097886079,1.7006483895591522,-0.09514143321497132,-0.020444244597877845,0.40565692098706907,-2.3960255309012166,0.006419458122330724,-0.4687415467088823,0,0,1,0,0,0,0,0,0,0,0,0
0.005967082006378561,0.01704689140430764,0.019273257051880016,0.007465285204232167,0.08543361314387692,0.6892626450156607,0.1557526559399743,-0.6967948044486821,-0.09545124656625985,-0.16954243412324843,0.0059627420311494095,0.0239469148531977,-0.3123798691604634,0.1283811666482069,0.006419458122330724,-0.4687415467088823,0,0,1,0,0,0,0,0,0,0,0,0
-0.009297692576890955,-0.0006900436614789157,0.00583691415031967,-0.0018611745061113954,-0.041216874862857716,-0.5933854795046647,0.6371442861392136,2.0433966840033975,1.1498684878549073,-0.17791205021394277,-0.016744526801917715,0.014850880157623713,-0.167277519923,-1.086636097621394,0.006419458122330724,-0.4687415467088823,0,0,1,0,0,0,0,0,0,0,0,0
0.01149881825853965,0.0037897229153502215,0.013820903600063973,0.022837416843817186,-0.0014113747048454652,-0.03755765161212693,-0.49562226067995324,-0.5176669434941696,-1.156095209050778,0.800996438543377,0.05337570517651799,-0.0007212201023904267,0.10146093644318602,8.405143687607614,0.006419458122330724,-0.4687415467088823,0,0,1,0,0,0,0,0,0,0,0,0
-0.01177697507915492,-0.02119962313944678,-0.002498468588815828,-0.026757204597890435,0.017038396177440837,-0.005623982956380416,0.3407489004473654,-0.8653310354531101,1.1952353394614565,-0.7280478625631541,0.03189697096038093,0.005596432680493538,0.09726281677352316,-4.297495159759151,0.005106059797520921,-0.4694916237381256,0,0,0,1,0,0,0,0,0,0,0,0
-0.028488498179916333,0.0010530524812676462,-0.008542666201448902,-0.011663062788262783,-0.02246753871265388,-0.31259389658159104,-0.8893346700081637,0.23726719565698973,-1.259382183325134,-0.31950518574432113,0.017833874455327026,0.024881194303152117,-0.24093600599847032,-0.5371103008650747,0.005106059797520921,-0.4694916237381256,0,0,0,1,0,0,0,0,0,0,0,0
0.023408531922711442,-0.00956048699095976,-0.00839377615080852,0.01834809737879199,-0.018810801230869985,0.8610721184730458,-0.22424138108040945,-0.0445039291611256,0.276590245577994,-0.18447201669963806,-0.06928843481566482,0.0011658183200010236,-0.15103640015432676,-0.45543687461737964,0.005106059797520921,-0.4694916237381256,0,0,0,1,0,0,0,0,0,0,0,0
0.047219135859869775,0.004832556148917841,0.0310876355965876,0.044004402180465786,-0.002431924128002953,0.7383289554736907,0.957246134423063,1.267766490377885,1.3653038712591354,-0.5621259473704815,-0.0058615043736255324,-0.01668340933904597,0.4819399620262669,0.6460987633275531,0.005106059797520921,-0.4694916237381256,0,0,0,1,0,0,0,0,0,0,0,0
0.0344491169156869,0.02794458750909852,0.02510836823723211,0.008820466065299027,-0.03241679386170837,-0.5820432959620245,-0.14518246119504033,-0.4213628050513311,0.5397872500671451,0.8263509066381108,-0.06511982110718095,-0.03316368503364506,0.16222408512515765,-1.7777386209861166,-9.7947989695711e-05,-0.4688184371193884,0,0,0,0,1,0,0,0,0,0,0,0
-0.005570985846857754,0.01610245672858162,0.009106266854682346,0.0028630007216790877,0.0027628908961947786,-0.07753521547099487,1.080286962642046,-0.1721313829185319,-0.4586159298621711,0.3299286975073707,0.03444948157497588,0.0011423112982250185,-0.06020891984855062,-0.9150629846358327,-9.7947989695711e-05,-0.4688184371193884,0,0,0,0,1,0,0,0,0,0,0,0
-0.014577634323921118,0.0,-0.01296588313556178,-0.020035091485865873,0.021340673199353205,0.3795083600399059,-1.0542648030421446,-0.9398040738480379,0.10975260214639848,-0.41532013669676354,0.05073924433732466,0.021381266363937806,-0.4147926644036681,-0.34016000970039767,-9.7947989695711e-05,-0.4688184371193884,0,0,0,0,1,0,0,0,0,0,0,0
-0.0023242046042559403,0.021679833997736382,0.013681266942861479,-0.01635899860204875,-0.014093205251265032,-1.1747301948661066,0.44918802546846054,0.5329770291033826,-0.37043892404785855,-0.19802709471854105,-0.010586388458709472,0.01182414668485853,0.49427144326230876,7.758186157373386,-9.7947989695711e-05,-0.4688184371193884,0,0,0,0,1,0,0,0,0,0,0,0
-0.01636695438720806,-0.0054674438196517725,0.013260710491125018,0.011607841980428217,-0.014800227098035062,0.3643706844969003,0.22589341323826623,-0.34102156382261933,-0.12033364176751953,-0.23119566624869248,-0.04392250024153403,0.007231656381425489,-0.2287932909457597,-0.698094651570469,0.0005875440827071238,-0.4692114325508675,0,0,0,0,0,1,0,0,0,0,0,0
0.01744836263779165,-0.009548408997509108,0.0,-0.013462756460582365,0.020015487591641068,-0.035396636869910854,-0.1435886456265389,0.18821826427327037,-0.08299912138918532,0.09734581547024197,-0.039153529994782096,-0.006521885898786162,0.37214427239839387,-3.875592970012329,0.0005875440827071238,-0.4692114325508675,0,0,0,0,0,1,0,0,0,0,0,0
-0.021140235178829535,-0.0074072709173941724,-0.022601051772935365,-0.00745444574395439,-0.0492485100563739,-0.38824593786439193,0.867275176365268,-7.642435902789795e-05,-1.4592546579550218,0.007884310395449642,-0.024070944896217465,-0.01149665784647055,-0.3565419171320044,-0.6129397689413771,0.0005875440827071238,-0.4692114325508675,0,0,0,0,0,1,0,0,0,0,0,0
-0.014066422354924557,-0.008962211967041682,0.014570846162637107,0.004293051429219036,-0.0033884769635619343,0.5181247824459086,1.7831911771231161,0.8675912572972373,3.4255487528792705,-0.12998290682089084,-0.03943538580739605,0.0017528099577074152,0.11745496506627327,-0.6244178484077646,0.0005875440827071238,-0.4692114325508675,0,0,0,0,0,1,0,0,0,0,0,0
0.025866229122802634,-0.030466788845077305,-0.05033258648116006,-0.03102172160227879,0.026792071107866182,0.174335354362802,-2.6833459654530594,-0.6828439558997903,-2.263752100618874,2.305893703407605,0.0680779959685501,-0.012415555057051721,0.04829073059569304,0.4365473277125752,0.0005875440827071238,-0.4692114325508675,0,0,0,0,0,1,0,0,0,0,0,0
0.03126108953910432,-0.006595781910133306,0.0039820686841224775,0.014874197712743328,0.018386050371761716,-0.16849108416941583,-0.04784814099567258,-0.41262780783491193,-1.1484507144408416,-1.9362622456281045,-0.04010732220854256,-0.02621305236634708,0.004573253903193138,-1.8694202781970577,-0.0031375650800571095,-0.4695202146756005,0,0,0,0,0,0,1,0,0,0,0,0
0.007113417196511497,0.023467235449750296,0.02210860436395635,0.03533288627102242,0.05321316450167764,0.24072030639890796,0.4147497957917799,1.4840477861052255,0.9876491547922941,-0.01862852903316836,0.05090889601536768,0.01478344956085863,0.17091006262742756,-0.9240527372096443,-0.0031375650800571095,-0.4695202146756005,0,0,0,0,0,0,1,0,0,0,0,0
-0.02644663672247506,0.008196293882639776,-0.010207429636112299,-0.03603893954316528,-0.027952355423122955,-0.248480426577237,-0.439605009460636,-0.15631593863120338,-0.04036431388770596,-0.5933162340910676,-0.016683312879041807,0.022331592671180834,-0.5866312201827815,-0.24946085963158313,-0.0031375650800571095,-0.4695202146756005,0,0,0,0,0,0,1,0,0,0,0,0
0.018793787821804308,-0.0007561385935516774,0.0,-0.023124402721905205,0.030430022375062735,-0.12158440284073567,-0.1971166984296923,0.16047111939482514,0.53755914276378,0.04451912098805894,0.08257723702227167,0.01117859595289885,0.5437330440995338,8.464221295983466,-0.0031375650800571095,-0.4695202146756005,0,0,0,0,0,0,1,0,0,0,0,0
0.015794999278623194,0.010160033027347401,0.007164577321731125,0.005929980383442826,-0.0040521086917039185,-0.6953858971400783,-0.1687228312708577,0.41999955278023204,-1.6541309122403505,-0.42464225367029357,-0.0026185381508529036,-0.007994640509355378,0.021022406613126158,-3.2868482065544797,0.0024520634129057317,-0.46855359237208777,0,0,0,0,0,0,0,1,0,0,0,0
-0.04453642183525665,-0.03234061520359975,-0.029987031071511096,-0.013692227205520165,-0.022217848694670996,1.06691251031603,0.11424924612095416,-1.9675541151585856,2.0663078751200423,1.0215456299103696,-0.015447504824586738,0.023096000958113184,0.07576890451301213,-1.6050274515710008,0.0024520634129057317,-0.46855359237208777,0,0,0,0,0,0,0,1,0,0,0,0
0.004986046718519114,-0.002710534940243518,0.010598076306380948,0.008752876057802724,0.018629248858639123,-1.022665809920289,-0.9782977846451412,1.367642906097732,-1.7799952531849315,-1.1208636055033459,-0.006370131057077996,-0.0015543642485205907,-0.3494703854017985,-0.7226029918505581,0.0024520634129057317,-0.46855359237208777,0,0,0,0,0,0,0,1,0,0,0,0
-0.008324107855724261,-0.010132799046656557,-0.0017586312994921918,0.014549926944704191,0.03323788199235153,0.156819351411181,-0.281910056466992,0.8306223364531571,-0.6362759369982801,0.3065956379781101,-0.013280946565109782,0.0052750482702343445,-0.011710631577933167,0.14432157044586735,0.0024520634129057317,-0.46855359237208777,0,0,0,0,0,0,0,1,0,0,0,0
-0.0002786224180137765,0.005079187232332979,0.009758878909062163,0.001560312509390289,0.030146068342382492,0.5477994388269654,2.6108696659196253,-0.31812215238627223,1.5733467460692596,0.5013198313221577,-0.012190105075951096,0.024456702329540177,0.35185278191967156,0.9784265357419417,0.0035204417348446374,-0.46876541392625243,0,0,0,0,0,0,0,0,1,0,0,0
-0.023118947614061847,-0.018486238663057885,0.008183553361036227,0.03184039541686083,-0.017932597912639625,-0.6650948652531543,-0.8861845339069416,0.7921434693517776,0.7592422152840901,0.23214695741238453,0.004009684084642943,0.01610220149254875,-0.3822822817950895,-3.2628142696840796,0.0035204417348446374,-0.46876541392625243,0,0,0,0,0,0,0,0,1,0,0,0
0.031168906581498814,0.006725900200580035,0.020775506344474306,0.030674303373088654,-0.00874192405200765,1.4379834936215323,0.6238509574649854,0.04448072902727126,0.32411421200257645,0.3287205442243892,0.0495120095387221,-0.01920249173573645,0.06964751005528971,1.1121810178741787,0.0035204417348446374,-0.46876541392625243,0,0,0,0,0,0,0,0,1,0,0,0
0.01753955094512788,0.002756525473684983,0.0012085294840988123,0.019759191261758995,0.002769197503571684,-0.8497101797953768,-1.3439142850119066,-0.5659996743753906,-0.026422187537625052,-0.5627546124035776,0.015316071922529654,-0.020737610293060763,-0.43231377741239496,0.643413174885807,0.0035204417348446374,-0.46876541392625243,0,0,0,0,0,0,0,0,1,0,0,0
0.01937103505284549,0.009783020219020321,0.010813540864670932,0.0066197655349539905,-0.003000034855210424,0.0016445041447607685,-0.5284580757414566,-0.6213571309449959,-0.20322098878291317,-0.4629175075802562,0.019740665300080992,-0.009165862371750056,0.46261516949254167,3.578786321956011,0.0035204417348446374,-0.46876541392625243,0,0,0,0,0,0,0,0,1,0,0,0
-0.005075389764027448,-0.005466591081244842,0.007619090624506898,0.017499617993483707,0.035417981796890916,0.126820994620743,0.3065873483423938,-0.18589866624783394,-0.22139808450701626,0.8992877302043782,-0.047156067570022546,-0.007755335966961292,-0.1058276609723296,-3.6958613929810546,0.0010732231870650313,-0.4688839363579688,0,0,0,0,0,0,0,0,0,1,0,0
-0.01674350224930956,0.006633940240778571,0.011086434781288184,-0.005270770736531625,0.01834517479257801,-0.6779147358814749,0.7279127703569754,-0.09005548990592853,-0.4155683514387273,-0.24691500678076828,0.042889237817225506,0.02324151459745546,0.0505417709710018,-1.4589335447598621,0.0010732231870650313,-0.4688839363579688,0,0,0,0,0,0,0,0,0,1,0,0
0.01227536795615351,-0.009213534354580671,0.004546571994852183,-0.010771870038090194,-0.007220836031383368,0.32782820863160844,-0.8929032645086803,-0.20215497258623621,0.2936277259090235,0.0020270238521285107,0.00038866027263820046,-0.018690664194823313,-0.5029186143662177,2.2205426703276028,0.0010732231870650313,-0.4688839363579688,0,0,0,0,0,0,0,0,0,1,0,0
-0.0016219184059888966,-0.0007982380225934176,0.019894386080063223,0.02938031631487151,0.003325487155271342,0.09771313985646142,0.4833227048763638,-1.2956507512117175,-0.730423540614537,-1.0753704176334336,0.04613136884294088,-0.006991681200460266,0.5280097711648366,-0.36146600979751736,0.0010732231870650313,-0.4688839363579688,0,0,0,0,0,0,0,0,0,1,0,0
-0.01444372362764581,-0.0015983901438926373,0.01838253328074653,0.032241389328935485,0.024055347919852057,0.6050682260210778,0.18053934281304113,1.1471519542476951,0.7412921377723037,0.16199847306083556,0.031771849861195196,-0.0015779095976066746,-0.15363749255684228,-0.32059048406826984,-0.0004876859399267241,-0.46849094092648963,0,0,0,0,0,0,0,0,0,0,1,0
-0.007162540659478727,-0.02182770812318734,-0.029901007970617795,-0.04059824008576836,-0.01633835138404283,0.6872926246798524,0.3484284051881439,0.18190621483649622,0.679415451505842,0.22405380926129076,0.01957710287683716,0.004647709620670424,0.2784849571244446,-1.318086111093357,-0.0004876859399267241,-0.46849094092648963,0,0,0,0,0,0,0,0,0,0,1,0
-0.01757116264133803,-0.0012265474949345015,0.004853989702566694,-0.012667133425333226,-0.03919442154444429,-0.7897907949742433,-0.2272026166803744,0.9006513355413346,-0.3407214345273262,0.9180154775374069,-0.003354269891709348,0.018223402635293234,-0.5127736101895547,-1.0451236037171234,-0.0004876859399267241,-0.46849094092648963,0,0,0,0,0,0,0,0,0,0,1,0
0.007009959765316465,0.0016352541892739206,0.01623836393319935,0.020330120663148904,0.025706046029652655,-0.972349377276123,0.6782103919827782,-2.1423441645093786,-0.4078399198535968,-0.12571890685383508,0.041564450854809504,-0.0070475394550867055,0.15992689108135547,-1.9616585060234524,-0.0004876859399267241,-0.46849094092648963,0,0,0,0,0,0,0,0,0,0,1,0
-0.0075729334487202715,0.007326112123266477,-0.05239222013491407,-0.012745540952308726,-0.035576545869763734,0.5849710973369726,-0.08137017449037648,2.082361917702088,-0.2349133135344317,-0.0801166777053859,-0.010058905812551457,-0.006158586874152297,0.25728782493641156,10.499141338478363,0.0031170880488957313,-0.467694608078493,0,0,0,0,0,0,0,0,0,0,0,1
0.030771761997309428,0.025819285478293486,0.009871882297618392,0.017505237717636367,0.004373136807618631,-0.10988996413213614,-0.3834302234991282,-1.0755029418690132,-1.4345173123997157,0.20444508888768625,-0.01728352718089108,-0.0266260560140805,-0.14250693633540898,-4.613963661888339,0.0031170880488957313,-0.467694608078493,0,0,0,0,0,0,0,0,0,0,0,1
-0.006298641304387683,-0.006939616578738959,0.007076665739253305,-0.0012956921811271389,0.03309395712344974,-0.045187564596986154,0.166401636048587,2.065967845123487,1.7025551430325332,0.15238788050838153,-0.0010465965262133402,0.007281566604839875,-0.022352900258001213,-0.5306900385749338,0.0031170880488957313,-0.467694608078493,0,0,0,0,0,0,0,0,0,0,0,1
0.005752769263714873,0.0003978814916201481,0.0019957411053729713,0.010491206149970423,0.03525601003391662,-0.1781441636142333,1.0150106951537232,-0.5533175244278397,-0.6473531188920916,-0.49338377718753623,0.020213212659136257,0.01668218706423604,-0.5227722171255378,-0.8898574748059995,0.0031170880488957313,-0.467694608078493,0,0,0,0,0,0,0,0,0,0,0,1
-0.007677760050012223,-0.003985582191298121,-0.012747945590718936,-0.007211905712330741,0.024995845403704777,0.048321384351084726,-0.2333815173386707,-3.104978794319902,-1.075110990454839,-0.5411069808954921,0.03280632258808002,0.02393887684801889,-0.034553760060628005,0.083381608939051,0.0031170880488957313,-0.467694608078493,0,0,0,0,0,0,0,0,0,0,0,1
0.018763884783671424,0.01501264739327064,0.0366955592277897,0.04834911465114706,0.01337597945877625,0.16085049617355732,0.2896012993709235,0.1948691286407562,1.1872328804301855,0.6410612338743171,0.016740920834589182,0.01066026959628443,0.374971525799184,-2.0178485307720218,-0.006831294254075399,-0.4680979454950114,1,0,0,0,0,0,0,0,0,0,0,0
0.034770515555375796,-0.01724532072926709,-0.01593191031420634,0.027057216741572413,0.04240434287326186,0.29708008951624393,-1.977327270966485,1.4726438522490404,1.3530538729934194,0.3053028971759787,0.045498612217139064,0.00987306902583739,0.4360959357381883,0.2832474753839152,-0.006831294254075399,-0.4680979454950114,1,0,0,0,0,0,0,0,0,0,0,0
0.0013574593801486772,-0.005679398065196768,0.03093766491513669,0.020410506560554337,-0.007558785394111046,-0.019735611279633226,1.0807976007959568,0.5251355838853347,0.17751832931541595,-0.17968114098802465,-0.014569132224607428,-0.0011255769563542775,-0.8057810300182445,0.6964749706526201,-0.006831294254075399,-0.4680979454950114,1,0,0,0,0,0,0,0,0,0,0,0
0.012961170352737897,0.011327002679900864,-0.01718386169368528,-0.007072832302355434,-0.010639758367099707,0.9257754641203497,-0.513423116337778,-0.011919206808022699,-0.7241848036372028,-0.5975611527925891,0.04278315184526419,0.01468254523981547,0.7814383447676865,6.838205774198297,-0.006831294254075399,-0.4680979454950114,1,0,0,0,0,0,0,0,0,0,0,0
-0.029163343837715877,-0.04084698057528393,-0.017017276151716342,-0.038589868511463905,-0.03815557423504892,-0.9842658125897379,0.9543459454305412,-0.29483637814529245,-0.549183885234783,0.8965272254356226,-0.010487252596878547,-0.013332059759729589,-0.034791154741870736,-1.5184910653561345,0.0022497197340153245,-0.4681306951143009,0,1,0,0,0,0,0,0,0,0,0,0
-0.0461263358106529,-0.06335208755462896,-0.05187768232087497,-0.040651190817721894,-0.05627700232761554,0.22408298290296677,0.32923434106741506,0.030469271279972426,1.3644304109602556,-0.25164646232485244,-0.10036489095114144,-0.015566262745054207,0.2688692217306382,-3.1747747663251484,0.0022497197340153245,-0.4681306951143009,0,1,0,0,0,0,0,0,0,0,0,0
0.024684765196131563,0.020109000676120332,0.04178598450175944,0.034402222290769585,0.07064031410277785,0.0772278164769981,-0.6845908097193407,-0.012750329865472554,0.07251345559604278,0.4058607182498312,0.041038179425349985,0.030081386550834185,-0.6099042707005926,-1.1282177664446809,0.0022497197340153245,-0.4681306951143009,0,1,0,0,0,0,0,0,0,0,0,0
-0.0014097066582502255,0.023352303295395883,-0.002952868423495313,-0.02184699545374538,-0.0018619425405456006,-1.0680485246639035,-0.801970509937356,1.5782974130295908,-1.0392445336058196,-0.3670254690445864,0.029867251427320815,-0.01864751647911962,-0.07281110668684039,0.07745059365041178,0.0022497197340153245,-0.4681306951143009,0,1,0,0,0,0,0,0,0,0,0,0
-0.03444457895767265,-0.03346687112080798,-0.030993737902166765,-0.041482672873862904,-0.06900013856067402,0.5054500054213195,0.13826404969356199,-0.7081932337738444,1.0218279615148296,0.4507657448320089,-0.03686313620528507,-0.005359900939776375,0.3322986819427885,0.5876630631468168,0.007979801004985984,-0.46770183105217134,0,0,1,0,0,0,0,0,0,0,0,0
0.010503002916742098,0.035814860421239984,0.0678051377623411,0.027902500901229497,0.032736175055910484,-0.22134049762517835,-0.10765116435119647,0.2160919681649105,0.057804792271947805,-0.9063365725070719,0.012815503640550951,0.0009835815645425686,0.0793864074488291,-2.0276539319090117,0.007979801004985984,-0.46770183105217134,0,0,1,0,0,0,0,0,0,0,0,0
0.0009999594914659087,-0.010287195344757015,-0.0014835554295688994,0.009525490940046163,0.01766355965125112,0.964274611007431,0.14703847962811467,-0.6419242141519799,-1.2522841060789223,0.3589512007739117,0.004823923721475902,-0.008429237194945483,-0.3018026789351529,-1.1716374236829996,0.007979801004985984,-0.46770183105217134,0,0,1,0,0,0,0,0,0,0,0,0
-0.05195965592221021,-0.03842840582037384,-0.05672843085753867,-0.03953910592568077,-0.03805251220982488,-0.05247914224200604,0.6267634956281241,-0.12959265752993693,0.02645678789586549,0.15925155558905882,0.05523158683189481,0.028566926850683003,0.16260611567898492,-0.23841102344499823,0.007979801004985984,-0.46770183105217134,0,0,1,0,0,0,0,0,0,0,0,0
0.009081391367364468,0.012900740743890776,-0.004238748484330011,0.03665697387645695,0.005245254759934049,-0.5919983504051198,-1.2982045168888676,-0.1168104629991889,-0.09521244708694009,-0.22437624678396662,-0.014371059349259993,-0.019835236604145268,-0.18857761923101768,8.830790393420255,0.007979801004985984,-0.46770183105217134,0,0,1,0,0,0,0,0,0,0,0,0
0.00023179765242033572,0.026173843140757935,0.0023032116184053416,0.00828470069822162,-0.0062319518558835675,0.2038927574036303,0.4209406485316062,0.2634245204298246,1.169871765050263,-0.8404370466105322,-0.04536212312082392,0.006855773516895492,0.24389513870078292,-4.890329452671575,0.004159216713098137,-0.468094670533082,0,0,0,1,0,0,0,0,0,0,0,0
0.015293498031414247,0.015381659679502946,0.02416352322133011,0.019343565815911012,0.036187419134130816,0.04642976198736938,0.9292754972905941,0.18083580946321312,-0.8597466985078005,0.7911042943192969,0.08239494875244624,0.009638826866006443,0.1602418231089201,-1.4717097311829643,0.004159216713098137,-0.468094670533082,0,0,0,1,0,0,0,0,0,0,0,0
0.016510052719711992,0.01347684629024078,-0.00189247634280787,-0.008125256876009469,0.04285926598625634,-1.1812371813182598,-0.371153074656897,0.45185493057384446,-0.39358847286498905,-0.17848855360886445,0.014583714143581058,-0.006041485954674668,-0.5764771425079697,0.6792068154059497,0.004159216713098137,-0.468094670533082,0,0,0,1,0,0,0,0,0,0,0,0
0.0009009094309077416,0.012471458109129542,0.022017441732583833,-0.003502810940733924,-0.008855405292166276,0.4612082835810248,-0.10265871282936094,-1.1874121614223088,-0.5664663607988737,-0.3221125038387748,-0.004103153295680332,-0.01234483298081495,0.513425423002874,0.25643935942116136,0.004159216713098137,-0.468094670533082,0,0,0,1,0,0,0,0,0,0,0,0
-0.008134989692452651,-0.009130459688302079,0.02403408664510624,0.018540571379014516,0.012597748048634894,0.15582753830921822,0.08186287403611225,-0.24814954466348804,0.8055584034727427,1.3780013079243016,0.023510047411449287,-0.005772972855105196,0.0226307421413457,-2.711250203832881,0.005390848634876373,-0.46577272252542834,0,0,0,0,1,0,0,0,0,0,0,0
0.02077004738356421,-0.0033409984208274475,0.028318560924691857,0.0016387885053054372,0.04549194499259256,0.038036411932447306,1.4955070399408121,0.4403206514437268,-0.32001853299441313,-0.7368071526553011,0.013958291577164182,0.004787826104666418,0.16236120263876422,1.4006144148946391,0.005390848634876373,-0.46577272252542834,0,0,0,0,1,0,0,0,0,0,0,0
-0.022927844892356653,-0.038810932103835405,-0.0015402693190596397,0.006528747987556638,0.016456576890828897,0.6245112087653222,-0.8749928252596677,0.6166038746291088,0.9562021843634475,0.2179512100803948,0.008170236299454056,-0.02207666646456621,-0.4351500245395662,-2.3073356957526436,0.005390848634876373,-0.46577272252542834,0,0,0,0,1,0,0,0,0,0,0,0
-0.021140333586414893,0.0002171504680647516,0.011276337810303664,-0.019383224417940177,-0.028491087229976102,-0.1367052370578573,-0.7593219672104248,-1.3029932349694722,0.18463697028114143,-0.2937534811543583,-0.04887436613338058,0.010102339748917758,0.13085244039876756,0.9897182004289723,0.005390848634876373,-0.46577272252542834,0,0,0,0,1,0,0,0,0,0,0,0
-0.025996874928598458,-0.006761916512642902,-0.0009807702231449077,-0.02843150064988272,0.01780588207537903,1.0083888869809017,0.3061218151968083,1.6030845411583532,-0.1300366593456027,0.352758247094103,-0.03096963453348191,-0.006543266238637597,0.10362514108151859,8.27150538186178,0.0011514106050418357,-0.46348180868081557,0,0,0,0,0,1,0,0,0,0,0,0
-0.011265887475025594,0.005892122722673566,0.016642476068221324,0.003237063539449226,0.005928914041325895,-0.8326801569859167,-0.3246910115150343,0.16615488931419642,-0.05494533098056665,-0.6540772066163711,-0.0010642296292932075,0.002545357328384126,-0.03488367336596319,-5.619261047964568,0.0011514106050418357,-0.46348180868081557,0,0,0,0,0,1,0,0,0,0,0,0
-0.0004818558218055501,0.009528073980035034,0.03630620012694069,0.005259066641272143,-0.026864228168061336,0.1488078408202328,0.2859843619010957,0.8198785788494878,-0.7324119720752819,0.23423829755524112,-0.010397652221185969,-0.018269253365512488,-0.22716454218707915,-0.4819272094809174,0.0011514106050418357,-0.46348180868081557,0,0,0,0,0,1,0,0,0,0,0,0
0.0023484244538827938,-0.0002154783272053899,-0.034860472919036024,-0.06555433110725628,-0.014303468970361093,0.11821594180159112,-0.8219297464348186,-2.2803684765121495,0.13867692165397613,-0.021488695406206865,0.05269109021457,-0.005664807573376151,0.12540201895365047,-1.6195902838981184,0.0011514106050418357,-0.46348180868081557,0,0,0,0,0,1,0,0,0,0,0,0
-0.019129419199466927,-0.025986941866657648,-0.029099618493348703,-0.0447063530755814,-0.02245569626362734,-0.26046053725105556,-0.30666244820333605,1.0329399849887742,1.1976566262440396,-0.6360318496462836,0.07808911542789601,-0.012784527259598244,0.21241603709036874,2.1684704399272077,0.0011514106050418357,-0.46348180868081557,0,0,0,0,0,1,0,0,0,0,0,0
0.008060851558604663,0.04223681411575009,-0.006798876175999479,0.0278534719161892,-0.026199916380778118,-0.9556703325833895,1.014873911725915,0.7991709385318928,-1.016557509964564,1.4907875480955193,-0.004731316204055609,0.0023946370662882087,-0.3045920501613223,-3.0521359444852862,-0.0015355089389363558,-0.46253051021572816,0,0,0,0,0,0,1,0,0,0,0,0
-0.011192376113727118,-0.030907529076278438,0.02383987071518388,0.0008263532611731109,-0.01423479396699201,0.31725553425890757,-0.5427144430477784,-0.22952807960111857,-0.15093068964948742,-1.0536330661630393,-0.03853803068064006,-0.011788959740734262,0.14956253253597754,0.5543107357057295,-0.0015355089389363558,-0.46253051021572816,0,0,0,0,0,0,1,0,0,0,0,0
-0.001336405956789677,-0.01753762253962418,0.017693624944107682,-0.007952796227749767,-0.02597910773364162,0.005301428797409745,-0.11261796053571291,-1.4887308934965937,0.5590763226918202,0.002025317148001597,-0.007775582358001958,-0.00818114456223241,-0.6024443248090139,-0.32378707709389715,-0.0015355089389363558,-0.46253051021572816,0,0,0,0,0,0,1,0,0,0,0,0
0.036938286763110506,0.03655063772948543,-0.0018205530567913944,0.01705888681570445,0.04289099733902001,-0.2853105723785627,0.9695552329507772,1.41002283892659,0.11877971428579599,0.30677389488215084,-0.025441496151343713,-0.005627864030592249,0.408813240083045,7.821808214739584,-0.0015355089389363558,-0.46253051021572816,0,0,0,0,0,0,1,0,0,0,0,0
-0.009260460029317127,-0.0015055781148131417,-0.019480894097814283,-0.027130470952064813,-0.016957979198312823,-0.2788722809707279,-0.0179182272859137,-0.1899510577674255,0.36930715189526847,-0.6995943764305397,-0.0029159457487582738,-0.006894335143557899,-0.03318785226583535,-1.3316203945356035,0.0019190180519781182,-0.46128602468271196,0,0,0,0,0,0,0,1,0,0,0,0
-0.01915643390995753,-0.016712309606501736,-0.009443618628771931,0.0017172416428564465,-0.012120180428995446,0.4288420619326439,-0.8597532847378507,-1.1141383960554005,-1.2029387273499352,0.6481173028424525,-0.012636087044454708,-0.0025563661136777066,0.07811556291920786,-3.914735740543295,0.0019190180519781182,-0.46128602468271196,0,0,0,0,0,0,0,1,0,0,0,0
-0.028605912002752202,-0.016328480486100562,-0.005753407000894025,-0.02980069716850399,-0.04407071433108541,0.38196427692211415,-0.5738547335144837,-1.265926841806834,-1.1680088096796184,-0.42155899210443365,-0.025761400348059727,-0.028985088201002308,-0.21190438813166376,-1.136639684257349,0.0019190180519781182,-0.46128602468271196,0,0,0,0,0,0,0,1,0,0,0,0
0.0038445974432544734,0.0,0.02379368652796233,-0.01813659746655844,0.019046102306020503,-0.498756404209407,-0.5332098245610609,0.9458250687756097,1.5925993191742862,-0.01598134870773964,0.04175006481253348,0.02501393488151674,-0.06662706389530072,-0.6978091936657567,0.0019190180519781182,-0.46128602468271196,0,0,0,0,0,0,0,1,0,0,0,0
-0.017939524550672256,-0.03210081716883338,0.00010837122186195193,0.017153814842069612,-0.0006701394730475967,0.9505369383424477,2.238549616878609,1.2870140421851386,-0.3286775755075985,0.8124261978504294,0.015593758050351536,-0.004986297837701562,0.01023428204746611,2.12455338703886,0.0019190180519781182,-0.46128602468271196,0,0,0,0,0,0,0,1,0,0,0,0
-0.0054843411644568485,-0.010623156101219656,-0.04964089339594618,-0.030645457284394044,-0.037791873964759214,-0.9625861558278486,-0.422596586220797,-0.4615944941221002,0.38282062187277904,-0.7116716224283017,-0.029809593729974194,-0.005597636215877039,0.16111370494093408,-3.0716887942641136,0.0032539027657189005,-0.4611779509390552,0,0,0,0,0,0,0,0,1,0,0,0
0.013138364049297718,0.00947413682006338,0.010983339418264064,0.026508232260881507,0.01633929199285976,0.5762655365994076,0.6667119031646569,0.7404619327651226,-0.25307124033330347,0.7291561056481171,0.018137075833857118,0.0011722553702555986,0.29393832567156103,0.1029479692524424,0.0032539027657189005,-0.4611779509390552,0,0,0,0,0,0,0,0,1,0,0,0
0.0390317514351933,0.016876208638861908,0.006846001120062627,0.04591829854433264,0.07304771014772525,-0.4586613867217055,-1.1439661888785464,0.5675673936759161,1.4372987004343805,0.12561054597819293,0.025614922077208446,0.0010036394254792215,-0.39856660103043284,-3.828641396489095,0.0032539027657189005,-0.4611779509390552,0,0,0,0,0,0,0,0,1,0,0,0
-0.03156418562719722,-0.013661425757371073,0.002345943050488913,-0.04868630507492325,0.0022251639840395404,0.45643883788113293,-0.7074025779573081,-2.0932285273222786,-0.9668384963999688,-0.4385136308858442,0.03430179022630102,-0.0039368072522935095,0.14335391825060978,9.360009596494887,0.0032539027657189005,-0.4611779509390552,0,0,0,0,0,0,0,0,1,0,0,0
-0.0189050511907629,-0.007132102601343132,-0.01915124492895128,-0.012651751906861769,-0.019561201287532214,-0.6383417302657698,0.7658976917007363,1.1043949736376224,-0.5570902870510563,-0.03043898874961924,0.014770867710300853,0.008107998920922847,0.1679300582627667,-2.9327124046623454,0.0023858387993323394,-0.4603462529987409,0,0,0,0,0,0,0,0,0,1,0,0
-0.03539037933089794,-0.012313035589700207,-0.06387134089509643,-0.056609864251918586,-0.03907391852618852,0.42006270257259876,0.7667640700664182,0.6909094893977976,0.6073699584651162,0.0450428334943877,-0.04119198700991779,0.013971231203452533,0.05607780430850961,0.24789531391889316,0.0023858387993323394,-0.4603462529987409,0,0,0,0,0,0,0,0,0,1,0,0
-0.02106665227422615,0.028698259504215614,0.008483273954569995,-0.030727889912504604,-0.01028861025507295,-0.8120944005241275,0.21640871243918733,-0.8880008446582232,-0.14532455176229503,0.372348153547711,-0.03161296436533047,0.0058935041421625525,-0.44432923575537536,-0.7052069903205779,0.0023858387993323394,-0.4603462529987409,0,0,0,0,0,0,0,0,0,1,0,0
-0.0341271518184926,-0.04005751785838366,-0.05044372138159863,-0.01663928202185745,-0.03921584441413177,0.8350062424376886,-0.5077523547659113,-0.3987516089777576,0.10659741292603636,0.061960746118708714,-0.02238417530119853,0.005858875111510327,0.46552992048576924,-1.9269342475963076,0.0023858387993323394,-0.4603462529987409,0,0,0,0,0,0,0,0,0,1,0,0
0.05083235685533657,0.052067146977474096,0.04754502577734639,0.060861555629756044,0.05713843358726409,-0.8547986864344792,0.06082473071614424,-0.739116564438864,-0.137899796571266,-0.26576027629174465,-0.06810551546782374,-0.0012989979662769093,0.0037082674487069712,1.3483009646806758,-0.0038200791369818153,-0.45938654676389756,0,0,0,0,0,0,0,0,0,0,1,0
-0.0005478066800851516,-0.0009188344365012816,-0.004604831070926904,-0.046094179438487794,-0.022741323755592187,-0.0690976735062948,1.0887442967103778,0.9469191159229694,-0.05463427161876659,-0.05917938656990186,-0.04784827071946087,-0.020104890459756133,0.14005596153976868,-2.500980474619061,-0.0038200791369818153,-0.45938654676389756,0,0,0,0,0,0,0,0,0,0,1,0
-0.027216322357012337,0.013692697843384555,-0.039395973327319325,-0.010303128460090561,-0.014596759162807369,-0.19689117312309476,-0.8434533417974786,0.48580215744385125,-0.3361799128908728,0.2000822976799793,-0.0639737961339067,0.011865683036205448,-0.18988351905614573,-1.1856236656577395,-0.0038200791369818153,-0.45938654676389756,0,0,0,0,0,0,0,0,0,0,1,0
-0.008907988545813005,0.005199302227667781,-0.020682405617858862,0.006327618134734264,-0.05320570261771636,0.6637170125729248,-2.3907963934899197,-0.2027871479856848,-0.018889676679878932,-1.3529064521546694,-0.11314452116610527,0.00016377358368710568,0.08184667091637438,0.16705408466316624,-0.0038200791369818153,-0.45938654676389756,0,0,0,0,0,0,0,0,0,0,1,0
0.009470904997055607,0.048199781970145766,0.022450165719964266,-0.009785471202081931,-0.010889699880720138,0.007981004822436518,3.104366434110893,-1.4815814717457902,0.36842109256483974,0.7104137140387919,0.010064261444842465,-0.0006554554094466516,0.11973012939502137,10.062176271518453,-0.0038200791369818153,-0.45938654676389756,0,0,0,0,0,0,0,0,0,0,1,0
-0.047243745809404256,-0.025902472994558338,-0.03543395121516164,-0.0506526578432641,-0.0182065299631292,0.45037881860807055,-1.3216513894687274,1.069389921037205,-0.7897630806080361,-0.5943970284340947,0.03245408045557558,0.021565568354679765,-0.10832170902601683,-5.0934319191313575,-9.56892015467062e-05,-0.45616674208844854,0,0,0,0,0,0,0,0,0,0,0,1
0.005588651433130963,0.0017626703387243015,0.020181686799414036,0.008427917296902478,0.025150328528011363,0.7558655824128779,0.9859641501383017,0.11294290763874544,0.33393207456283,0.34085197006681467,-0.027166680397528852,-0.007891214663449955,-0.023718165281419904,-1.2075442366935332,-9.56892015467062e-05,-0.45616674208844854,0,0,0,0,0,0,0,0,0,0,0,1
-0.043465197464886,-0.02473646694980404,-0.0511044912653823,-0.018351167232534535,-0.002598269598334539,0.3495092272788133,-0.5190744849730847,-0.1956150310367894,0.8567596295942952,0.06139344670677519,-0.11605114937431346,0.01348988539148949,-0.25103770891675536,-0.20805227511375118,-9.56892015467062e-05,-0.45616674208844854,0,0,0,0,0,0,0,0,0,0,0,1
-0.001226173905248272,-0.008838818042906824,0.01032520232084869,-0.021723077155936965,-0.002605163160608458,-2.5937037288434626,-1.585696295031567,-1.6541931799984055,-2.6630462541582616,-2.2836122143451654,-0.005719292225670304,0.02060299015274506,-0.11776018982079205,1.1081118120593236,-9.56892015467062e-05,-0.45616674208844854,0,0,0,0,0,0,0,0,0,0,0,1
0.03688765259509634,0.020726408218261206,-0.010999468788617978,0.02350198830453321,0.010870805044530139,1.1356739357087968,1.7796463735113166,2.9683939514107083,1.9895443059170064,2.1130286361046102,0.05639820572327966,0.0021852243024060064,0.22421539156683065,-1.8696227354286592,-0.008263715710956502,-0.45336061681455625,1,0,0,0,0,0,0,0,0,0,0,0
0.01161007159518222,-0.01913396560803212,0.04070345223749067,0.03184161542178646,0.03418028497256483,-0.40714598934832147,-1.2003252975654635,-1.4886627084020527,0.3310806583296088,0.7275860208614042,0.07296054714434218,0.003424413447931592,0.33772302978461216,-0.226687559748939,-0.008263715710956502,-0.45336061681455625,1,0,0,0,0,0,0,0,0,0,0,0
0.031641151288488586,0.004428089129197336,0.033212512240268305,0.037729594445218534,0.03095350848502172,0.6743211907010822,0.5742192478268966,0.7235573114950151,-0.20669081989118146,-0.793283634746879,0.041945594772446484,-0.004516381063261469,-0.44632712385259354,-1.9110228900548727,-0.008263715710956502,-0.45336061681455625,1,0,0,0,0,0,0,0,0,0,0,0
0.003405940715632346,-0.022867404072906602,0.029396002944353586,0.02609460085151513,0.012432436214858632,-0.6355812444105864,0.127024329801829,-0.06523350691105043,-0.19628319460875351,-0.3343838417094003,-0.002046714130382793,0.012487054972839626,0.11823188856362066,-0.12783337150988489,-0.008263715710956502,-0.45336061681455625,1,0,0,0,0,0,0,0,0,0,0,0
-0.03459082740126793,-0.004918285681639178,-0.016320274021980028,0.005588522670343894,0.0398100341851601,1.5479524148763468,-0.25268319465740907,-0.3644634188485833,0.14139957114279852,0.04689087804665013,0.02882255026495291,0.014918227658576515,0.15277818974161964,9.420553410649054,0.003659832651017206,-0.4536848380455263,0,1,0,0,0,0,0,0,0,0,0,0
-0.011504262193369034,-0.01824507921043211,0.007640933632874269,-0.07520538969797838,-0.02200828410456169,-0.9701568685898426,0.5064817988892165,0.0831493901482448,0.755354645629719,1.0241812806609407,-0.04705437577256664,-0.0024329619481516006,-0.0726362757754765,-5.061516294199872,0.003659832651017206,-0.4536848380455263,0,1,0,0,0,0,0,0,0,0,0,0
0.035270123576309736,0.01306589668535203,0.04183805086005901,0.04661460491698233,0.031309759703569966,0.42696362071848176,0.1489695607754084,0.4161863834734919,-0.4439913441680186,-0.1738418168765081,0.05300841836154681,0.003343740889194128,-0.04571727424722706,-0.19237189264745613,0.003659832651017206,-0.4536848380455263,0,1,0,0,0,0,0,0,0,0,0,0
-0.011522642164993966,0.023327175369874067,0.011123566496930816,0.025585225153867776,0.029936030633109834,0.6023496676913935,-0.48887044421433573,0.11418604840426416,0.5636474023961378,0.9476550724059645,0.029598938646633027,0.008385933549209195,-0.47917636848622414,0.3934124985426571,0.003659832651017206,-0.4536848380455263,0,1,0,0,0,0,0,0,0,0,0,0
0.037252149455523124,-0.021205396808835007,-0.0009318331813421016,0.027146087002792398,-0.005830759603845862,-0.4558669486475328,0.16347042270848786,-0.16219837019926223,-0.6463383037472322,-0.469598969876685,-0.025828414642376264,-0.02498600964587542,0.4642105501268307,-0.06077323010013402,0.007947569003002464,-0.4542183449388154,0,0,1,0,0,0,0,0,0,0,0,0
-0.03739696102632625,0.016351699157332474,-0.011605923984951588,-0.05394499302071162,-0.01964956199700881,0.18931681220636212,-0.18894462288391312,0.12244329897959369,0.6905713691428695,-0.9007681690928653,0.004827048978302013,0.0004626942168530167,0.02667140146340907,-2.4141972130287366,0.007947569003002464,-0.4542183449388154,0,0,1,0,0,0,0,0,0,0,0,0
0.03809450311167495,0.037294109741832726,0.04168497336506341,0.023245583477494915,0.025057555017051977,-1.2581483099139907,0.23297857897184188,0.42021827433121284,-0.8125761093645774,-0.23384050615600813,0.0427676792814522,0.0036940543300041087,-0.055034897279809286,-1.5652318199296047,0.007947569003002464,-0.4542183449388154,0,0,1,0,0,0,0,0,0,0,0,0
-0.034767550618120986,0.0026749811684296434,-0.0174552645108493,-0.028004656656772913,0.00021124705622572,1.0671806598683977,0.5159699183820814,-1.1297153354271532,-0.5981912164176241,0.5886801110861736,0.008846611824847056,0.00749978771009077,-0.1797417407539276,-0.20972053098206903,0.007947569003002464,-0.4542183449388154,0,0,1,0,0,0,0,0,0,0,0,0
-0.0007223172080444925,-0.009618718840018442,0.013602672207701392,0.01278701798668003,0.025986695168772306,-0.8282735261443301,-0.4234755584961892,-0.10835148638558867,-0.517780676913567,-1.375199696698527,0.018459971612421164,-0.014282647584681153,0.36733642372282144,9.194705447727749,0.007947569003002464,-0.4542183449388154,0,0,1,0,0,0,0,0,0,0,0,0
0.048652554241108835,0.007836059853874824,0.0312942248177253,0.06641917873695449,0.05325891392110125,1.018711430229913,-0.46225253730698657,0.4695365977075141,1.542066699789338,1.3235609420751486,0.0477286237107995,-0.002012833041095317,0.0262629025040686,-5.08821275157,0.006938202047541178,-0.45512582129428186,0,0,0,1,0,0,0,0,0,0,0,0
0.026889121737906127,-0.008735606960793195,-0.004963609951086393,0.02159545232997303,0.004483054397651105,-0.20634993518991457,0.0010528978172612904,-1.5767176731741002,-0.7090473036201288,-0.0762833047496307,0.0127590539387522,0.0001549408541456426,0.04286085378361627,-0.4293484982622328,0.006938202047541178,-0.45512582129428186,0,0,0,1,0,0,0,0,0,0,0,0
0.021638473270727963,0.009112210797533694,0.014468094967271073,0.03636468299788264,-0.013724278566683375,-1.5933979678853163,0.4261568049011121,-0.8599879259004969,0.2051626618228722,-0.5689924071579551,0.001720238298582729,-0.014595342932514813,-0.936898070080199,0.2355452520757911,0.006938202047541178,-0.45512582129428186,0,0,0,1,0,0,0,0,0,0,0,0
-0.02228685377249622,-0.0033774785939424436,0.03469206687725904,-0.024881517686421623,-0.030948642190584453,0.3200147462093521,1.0880171051662717,0.9274231646737644,-0.1798024147065165,-0.1926546342936226,-0.0109977662622974,0.010169048637790945,0.9240605093109725,0.16484799393441282,0.006938202047541178,-0.45512582129428186,0,0,0,1,0,0,0,0,0,0,0,0
0.00913494182560132,-0.011112414280860843,-0.011573210271973345,-0.00019836431761389547,-0.02058505294476239,-0.6175766843404148,-0.9872346398031733,2.2041798596925855,-0.9806542586985948,0.42060785113481375,-0.021719164723629163,-0.004446068941269561,-0.02798249027940442,-0.7573091247772312,0.0019870376032131627,-0.4561443344541975,0,0,0,0,1,0,0,0,0,0,0,0
-0.05709535445172344,-0.01609234435602608,-0.04042598057326967,-0.0698434502398722,-0.04861251327140876,0.8470497081351926,-0.046204737057387146,-0.3280989117646284,1.68521172480923,0.6356489343854117,-0.004530732390406708,0.005068434763435675,0.08331015916866225,-2.487319196193384,0.0019870376032131627,-0.4561443344541975,0,0,0,0,1,0,0,0,0,0,0,0
-0.008388626225523622,-0.012358525893809839,0.03367539600276621,-0.004478058084028316,0.003941989258403215,-0.2474843667009904,-0.46912258304165155,-1.3045889302084581,0.47823648871946456,-0.04281781552886306,0.017682481137280073,-0.00874933429617975,-0.20076549388297807,0.5616840409994817,0.0019870376032131627,-0.4561443344541975,0,0,0,0,1,0,0,0,0,0,0,0
-0.023839821659863796,-0.0009389844303493253,-0.021188537384651904,-0.03667648334386766,-0.02344184458324515,0.31819893364914253,0.18107300034629237,0.7380205535399601,-0.6917783387934465,-0.03419892742807607,-0.06807137192659929,0.006647140799466242,0.05032613881374313,-1.428494715610267,0.0019870376032131627,-0.4561443344541975,0,0,0,0,1,0,0,0,0,0,0,0
-0.018893585937005186,0.005854057348164607,-0.020749677481236246,-0.013953349792219637,-0.02526602885125947,-0.24164842703925235,-0.9972770963822961,-0.017721146786782566,0.23231559401730262,-0.34389399469307524,-0.0915648752920585,0.01761483153016074,0.1653759924909308,9.054214754737488,0.0019870376032131627,-0.4561443344541975,0,0,0,0,1,0,0,0,0,0,0,0
0.0014889719545880936,0.02056706858239354,0.01899128963675279,0.017715336504296075,0.008227491827827078,0.6405309119041648,0.43981734218152824,0.14817353061202282,-0.5838969480752763,0.1155449058207673,0.009117221416709944,0.026748782039979054,0.08539063141140743,-4.7543523294048144,0.001039255608677518,-0.46841889176405205,0,0,0,0,0,1,0,0,0,0,0,0
-0.004473673809754412,0.0031966810077656625,-0.011284871252817356,0.009999551785652242,0.045821450686015286,-1.4845394936173484,-0.043263893550592694,0.9085538396833681,-0.21964074206893167,-1.1978636589612608,-0.027795279633610975,-0.0008204793776837706,-0.18570518719080154,-0.24120459824160678,0.001039255608677518,-0.46841889176405205,0,0,0,0,0,1,0,0,0,0,0,0
0.007889990619313551,0.002050147257817785,0.034554135151256306,0.04468927215655656,0.012638686615770523,1.1914379174994418,-0.13849745645060782,0.2623920476976412,0.7667213518628975,0.16476933185337128,0.08956322450501929,0.041010005756051474,-0.48742692534741483,-1.582409240046181,0.001039255608677518,-0.46841889176405205,0,0,0,0,0,1,0,0,0,0,0,0
0.009592070901154095,-0.008683688659899868,0.016628021648053753,-0.003141737343840196,0.02071558181018056,0.24333182291412553,-1.908023452588329,-1.745188940606783,-1.5356879256089608,-0.007888481969880306,0.01794700287492639,0.009622655575489827,0.3100740737801625,1.9211761277401176,0.001039255608677518,-0.46841889176405205,0,0,0,0,0,1,0,0,0,0,0,0
0.03662467415709126,0.01706698397761848,0.012292046675943866,0.012197302864409081,-0.0235103473885844,-0.19136330403831406,2.3565755326280757,0.6210953637109006,0.6355706182450632,0.992210982428739,-0.016555006524994167,-0.009264604787545582,-0.06536806356630917,-2.0026691619913004,-0.002931582788937792,-0.49433466223569256,0,0,0,0,0,0,1,0,0,0,0,0
-0.010961859992530413,-0.017066983977618553,-0.006705095793780237,-0.02443904894405053,-0.0024790469975440495,0.4567050944993461,0.29954559153108273,-1.0667844573574352,-0.06442420068483669,-0.582030208208201,0.045879619730775534,0.009406520835393171,-0.009347291296821039,-0.8868540595790252,-0.002931582788937792,-0.49433466223569256,0,0,0,0,0,0,1,0,0,0,0,0
-0.019471595280098102,-0.0172313738968142,-0.010774512429180599,-0.010253779105934757,0.005597902320630138,-0.6711749545832969,-0.9688419676378746,-0.06726839006204526,-0.6133457643608214,0.06431535245851848,-0.07911579298323938,0.010723172360211752,-0.2946478583762427,0.0076045993852192125,-0.002931582788937792,-0.49433466223569256,0,0,0,0,0,0,1,0,0,0,0,0
0.001051494228447681,0.025024686766226076,0.03002328432690544,0.03579825104701526,-0.007675208744457885,-0.05233297698926132,-0.1109607605842111,0.6840582467642933,0.3187352398743184,0.2982975327154362,0.010194127187533033,-0.004641994298787107,0.3284837661341467,-1.3274538610969573,-0.002931582788937792,-0.49433466223569256,0,0,0,0,0,0,1,0,0,0,0,0
-0.059386687404985365,-0.007810891750553397,-0.04309403010505571,-0.06577960605923577,-0.09480812448877184,0.264661681981394,1.1808871451266414,-0.6105503537694507,0.49589210817990986,-0.7390647494820518,-0.009655017118763836,0.01892446814058009,0.12677342393587532,9.075139014307336,0.0013250049260121225,-0.5251805319173052,0,0,0,0,0,0,0,1,0,0,0,0
-0.038328848488118586,-0.023332881757711057,-0.023098264179493816,-0.03411141505999616,-0.04199918210277507,-0.8047304129646481,-1.5655019338142881,0.22782965542426417,-0.031169417485869922,1.6843781857253186,-0.02106105168711821,0.03467140894375398,0.19225825332077187,-4.717331889868681,0.0013250049260121225,-0.5251805319173052,0,0,0,0,0,0,0,1,0,0,0,0
-0.011824782825924876,0.00776007586132791,-0.011639737075648767,-0.02930247677578659,-0.015484006702095803,0.35383768121979087,1.0968074919936024,0.27836733629065485,-0.5663068882285864,-1.4658282173549897,0.006766029935397131,0.01056805857175629,-0.3586960278355513,0.14485561487401713,0.0013250049260121225,-0.5251805319173052,0,0,0,0,0,0,0,1,0,0,0,0
-0.005712237795710472,-0.004931381018424866,-0.004174070329110002,-0.0033092220453583903,-0.0010413174747408611,-0.4835697282658901,-0.6988853245271196,0.8585778470647794,0.9948623614773094,1.1282103765017117,-0.012839515736795124,0.009279113466930966,0.03380117938077605,-0.15330688692833858,0.0013250049260121225,-0.5251805319173052,0,0,0,0,0,0,0,1,0,0,0,0
0.016874451946978,0.03515627007211275,0.017481463311570623,0.04007018094210137,0.0565583663046472,0.5111893501467303,0.9814086594445537,-0.516150370291301,-0.8304620763980181,-0.04156604087989384,0.017022472598165868,-0.004924986229709853,0.1238632600027085,0.44667079284755046,0.0013250049260121225,-0.5251805319173052,0,0,0,0,0,0,0,1,0,0,0,0
0.0340395582431893,0.005891582966190389,0.032352479543573814,0.05395588797086296,0.040384148278877686,1.0797130499075271,-0.8900305647813336,-0.13420812342966754,1.433025233733093,-0.29832760876075626,0.02544487744950527,-0.00852814789305542,-0.065614248676175,-2.4542208390845563,0.0016065778629257388,-0.5323059133713796,0,0,0,0,0,0,0,0,1,0,0,0
0.07568543275236458,0.013019500005771808,0.004828072942593105,0.0420191061453327,0.06384377016492665,0.08366044543135583,0.9340993992930777,0.15772004708474585,-1.1119033609671851,0.29540412834525864,-0.0299924070133559,-0.010209909439423313,0.18525288561549064,-1.0451236037171234,0.0016065778629257388,-0.5323059133713796,0,0,0,0,0,0,0,0,1,0,0,0
-0.012999882523949745,0.016149024465278106,0.005124557367810294,-0.016640055623756554,-0.031869983115655566,0.19429538235086097,0.08524456666200055,0.33453191278300476,0.2305725000095266,0.48921896350272936,0.05739137572907509,0.01094002240117453,-0.11516727235780008,-1.067840630001356,0.0016065778629257388,-0.5323059133713796,0,0,0,0,0,0,0,0,1,0,0,0
-0.016682363419982277,0.008521821107795632,-0.012644728758386653,-0.025826251373224512,-0.02022867725292502,-0.6398816885390557,-1.0063954479372592,-1.1901989498821048,0.11596292623001915,-1.0771937507547176,-0.03825028232180684,-0.005455091478457757,-0.09819880841295717,5.8998973535824915,0.0016065778629257388,-0.5323059133713796,0,0,0,0,0,0,0,0,1,0,0,0
-0.048086858810524755,-0.016010887163541106,-0.026112029051204938,-0.037826402367667114,-0.053483388082112504,-0.4812490238132314,0.8241664771935767,-0.37583520518757857,-0.14065865571832903,-1.464272695090847,-0.057042659586168096,0.0047249785167066145,-0.033588231375857217,-1.6952047341915255,0.0012268203303459734,-0.5289182602058262,0,0,0,0,0,0,0,0,0,1,0,0
0.0685222472360777,0.03497706735824686,0.06160098213518471,0.0575325101379613,0.07336848905255135,0.8970664534549708,1.806825564359871,1.187846385729249,0.2810542409877003,1.936344672621143,0.03516313065242423,-0.015725173157080326,0.008946678048988755,-1.9438769392732156,0.0012268203303459734,-0.5289182602058262,0,0,0,0,0,0,0,0,0,1,0,0
0.016068585685593283,0.013958957007839596,-0.008547541659921894,0.018523481008071975,-0.03822230064524482,-0.5019797755773013,-1.6566813180326854,-0.713495209060635,-0.06178934727053137,0.798502798962715,-0.016962095233008963,0.003702586060888197,-0.36733397425606523,1.2702130757169627,0.0012268203303459734,-0.5289182602058262,0,0,0,0,0,0,0,0,0,1,0,0
0.024873189002339594,-0.0010676296292029726,0.0037727801477432615,0.03729254139271533,0.041490625033810215,0.24521341626517934,0.2190592488891098,-0.07696440141328396,-0.17891604187005283,-0.7176539272012857,0.052166863566695004,0.007564416036093667,0.05999154278601243,-1.2148994377329103,0.0012268203303459734,-0.5289182602058262,0,0,0,0,0,0,0,0,0,1,0,0
-0.025021446894532725,-0.01463007470497137,0.004175486607925384,0.008078807527469305,0.017738157639070738,-0.4416718733802248,-0.4905157309479919,0.304510284720969,-0.2260498481059285,-0.38276708776725965,-0.00815172123424575,0.005652550378837551,0.27666896987214584,1.0120084926908473,-0.0016990753568327062,-0.5205721926315121,0,0,0,0,0,0,0,0,0,0,1,0
0.03193406859822525,-0.0080511475276873,0.028141817046789697,0.04280859978350192,0.0330238191126917,0.9406451379116696,0.42075102852269064,1.4734515360012848,0.4622549972015395,0.9462559626238399,0.018336213536488597,-0.03145778567312639,0.04171477463309833,0.05856103380159378,-0.0016990753568327062,-0.5205721926315121,0,0,0,0,0,0,0,0,0,0,1,0
-0.01605827279516338,-0.003721558170382891,0.008471245937540157,-0.01976291304818799,-0.015706684021882706,-0.7184941246574181,0.3092788766948673,-0.6184011895098189,-0.1349734108042379,-0.9382594536024513,0.008350771042803724,0.004097526596179264,-0.15653076847263117,-1.977931627622295,-0.0016990753568327062,-0.5205721926315121,0,0,0,0,0,0,0,0,0,0,1,0
0.003057966621754396,0.0017527146381931837,-0.0046300157547386435,-0.01595315306368014,-0.0008918029597483904,0.0615238057435757,-0.7957436830823847,0.16325192962431712,-0.06526290793715352,-0.6679507918673302,0.0008658626627008047,-0.0028665547933680625,-0.20528989098442674,0.22314355131420976,-0.0016990753568327062,-0.5205721926315121,0,0,0,0,0,0,0,0,0,0,1,0
-0.001746191408555655,0.01131955498772274,0.013229231841845138,-0.00998509536851473,0.0014493717371684579,-0.885259545635615,0.44081308732539626,-1.3060601830254397,-0.06687621963250655,-0.38424770600657465,-0.046050323622053004,0.0017072425642128473,-0.009657559660850688,7.5824216249595615,-0.0016990753568327062,-0.5205721926315121,0,0,0,0,0,0,0,0,0,0,1,0
0.0021820511283722733,-0.02188270496729638,0.0031808500775976,-0.011759760346419497,0.00044561964571507274,0.5709839953315352,-0.2549832305680208,0.8553386175984973,-0.5797058206854898,0.7223899496959411,0.07050226068242996,-0.004444907724097485,0.4720528788637534,-4.29054320054166,0.0027359798188748455,-0.5158272406481101,0,0,0,0,0,0,0,0,0,0,0,1
0.034424694514742386,-0.005991595597842456,0.0126235595717806,0.018872766412523025,0.025618420261204415,0.5840127314848828,-0.3058733430547933,0.1829244792798024,0.48973862366261905,0.6166189317417407,0.01458898900428341,0.011244879639642446,-0.18636500135866604,-0.5071415682424726,0.0027359798188748455,-0.5158272406481101,0,0,0,0,0,0,0,0,0,0,0,1
0.016846832609854655,0.005106170832794803,0.00117531264673681,-0.01011777444877745,0.01197769405487591,0.04736591973696302,0.6503579024208243,0.5045740110364665,-0.19751364663433824,0.20634355684748124,0.006140570901245599,-0.0006101240309972219,-0.5142958224395013,-1.114099323869272,0.0027359798188748455,-0.5158272406481101,0,0,0,0,0,0,0,0,0,0,0,1
-0.007205028411340168,-0.005551348366732767,0.004687409541192578,-0.005514838636907043,0.0008572858124376919,-1.9871098716103872,-2.242519963488881,-2.028889316243702,-1.9171524057648206,-3.0471252911500337,0.02095693259006056,0.026168531984054035,-0.3553641460861077,0.16318760220741074,0.0027359798188748455,-0.5158272406481101,0,0,0,0,0,0,0,0,0,0,0,1
0.0031932781512300887,-0.004686711012151746,-0.0005848495269588377,-0.014821359646764742,-0.0019304632729854687,0.607975933700229,1.0871824287341096,1.105810411819612,0.07728145859704379,0.5996499317772959,0.02132000303734166,0.023115558991912127,0.702758171379154,-0.2763825171978475,-0.006616906645551885,-0.5132596704957822,1,0,0,0,0,0,0,0,0,0,0,0
-0.0072342592879368365,0.0033498905744660454,0.022173815824193904,0.022305715498520177,-0.00851939095081291,0.675601059700371,1.2879302336336085,1.5331204985582008,1.5176243908745624,1.364624621199064,-0.0657128545112657,0.005343334539295139,0.520113870886774,-0.3284520500144961,-0.006616906645551885,-0.5132596704957822,1,0,0,0,0,0,0,0,0,0,0,0
-0.009335807266580358,0.0032580468777372493,0.019655180770866722,-0.03469437975693491,0.018213270774913713,0.046353535085191716,0.28458913642962286,-0.23023822099023677,0.6734747115998181,0.5280185512136294,-0.008504898896030231,0.0008343541271211964,-0.7461039115719561,-0.9513588307029444,-0.006616906645551885,-0.5132596704957822,1,0,0,0,0,0,0,0,0,0,0,0
-0.018881884416351517,0.005352050083038589,0.006902308001773718,-0.03994639594993358,-0.033374776906090045,0.2330406017546762,-0.7063291590484926,-0.7725291174725413,0.5652248283632234,-0.2241771745593933,-0.07721393266721198,0.00785966962535148,0.33498825476199656,-0.7169983963821253,-0.006616906645551885,-0.5132596704957822,1,0,0,0,0,0,0,0,0,0,0,0
-0.026188477265677426,-0.020901921689015848,-0.06688347682343261,-0.046158505252225354,-0.055806297810051544,-0.3850591834393747,0.13829367003036155,-0.11560824075388972,-0.4799287705969606,0.6995520898772852,-0.04975015953007384,0.007482627701240931,0.31894151261403575,7.682736664973066,-0.006616906645551885,-0.5132596704957822,1,0,0,0,0,0,0,0,0,0,0,0
0.06234967833282804,0.009493630894374838,0.06072971447357317,0.01876590939078139,0.028235742271691653,0.41891416379175095,0.6071234420989523,0.3926938847900385,0.06386608859020776,-0.5004006027267537,-0.024343598378316848,-0.009075136900992934,0.162844557782185,-4.394334777456256,0.002084320981972598,-0.5260221971330559,0,1,0,0,0,0,0,0,0,0,0,0
0.019857369321260657,0.022027981815022715,0.026579783242041466,0.018307053021634066,0.024914121925499133,-0.09725600856789043,-1.0257102980149635,-0.23776346299883241,0.08718287188283053,-0.09527715607365599,0.033802174075675664,0.008948732273752036,-0.14321548225343653,-1.6504100297336246,0.002084320981972598,-0.5260221971330559,0,1,0,0,0,0,0,0,0,0,0,0
-0.02376444407986508,0.017019765001393444,-0.021169682827295245,-0.014298737099465454,-0.009913568848733395,-0.021100203160128,0.6130486394979772,0.12315974379857302,1.0795827741612387,0.13695417601275034,0.02523138358287071,0.038364960203729204,-0.7361941874608328,0.4371300227521331,0.002084320981972598,-0.5260221971330559,0,1,0,0,0,0,0,0,0,0,0,0
-0.14526516745367238,-0.11984038714356479,-0.11846935318707331,-0.11443096326730977,-0.1708570195290183,1.078645962776661,0.5533376373351659,0.9231315739171372,-0.49401265117914717,0.5485630298300774,-0.17612131804156453,-0.050186615620630516,0.9685501768259902,1.1987644592187978,0.002084320981972598,-0.5260221971330559,0,1,0,0,0,0,0,0,0,0,0,0
-0.08976372392464682,-0.0063616306151397795,-0.04093562640683117,-0.055328537067240634,-0.03803183019647913,-0.5272620641606786,-0.1471586963886841,-0.47287936960186466,-0.015163424736488667,0.022579054736272145,-0.0809367543424554,0.06599201977623907,0.034608656715403245,-0.8988202131169151,0.00453258566357914,-0.5316322069174159,0,0,1,0,0,0,0,0,0,0,0,0
-0.21976667488926185,-0.2291754695615455,-0.17623053326402396,-0.2557356953523575,-0.2011766042349468,0.4629603482890819,-0.022866132690925235,-0.1510549315982837,-0.36563512802711556,0.26073124356109334,-0.2631155004337474,-0.09742523662470838,0.15642559225523936,-0.9532049345225689,0.00453258566357914,-0.5316322069174159,0,0,1,0,0,0,0,0,0,0,0,0
-0.05619331259316607,0.08833776985177434,-0.02556786157783301,-0.0920968251967448,-0.05086720852248417,-0.5853006003567454,-0.4856409087458287,-0.7500545109336356,-1.2264769190822764,-1.5379656732794251,-0.34686322903044914,-0.021136201495384286,-0.6630502537630923,0.43011713710647653,0.00453258566357914,-0.5316322069174159,0,0,1,0,0,0,0,0,0,0,0,0
0.05773450527717929,-0.004985919475197492,0.0878676022779921,0.1044394037323615,0.10232076801486065,-0.5704136999175278,0.31665780841998753,0.9230968009513715,0.04964380327501741,0.1949698373708158,-0.04188140821745754,0.09008953377793147,0.1760421319726858,4.700185162838243,0.00453258566357914,-0.5316322069174159,0,0,1,0,0,0,0,0,0,0,0,0
-0.13675808861595273,0.0005678437360783706,-0.023004055618054037,-0.06421594949760369,0.02421954944465106,0.9265787088742962,-0.949620376753028,-0.9663593201266668,1.502894506570807,0.02369060423492163,0.2757562857263662,0.006016672639144311,0.22673775347103461,-1.4702024176414163,0.002164604863824622,-0.41449009367937484,0,0,0,1,0,0,0,0,0,0,0,0
0.10842039458513301,0.03896729912316825,0.11710170116531561,0.16347633935992945,0.0909784937168658,-0.9188759045308804,0.26775542525983415,0.40586120849199947,-1.0259257252580953,-0.7634322961895856,-0.21926962033227265,0.060851437689745526,-0.18951410666970864,-1.8214801134890217,0.002164604863824622,-0.41449009367937484,0,0,0,1,0,0,0,0,0,0,0,0
-0.062452903236082165,-0.0010489825434490522,0.02706266585961615,-0.003572542778381263,-0.003138650146730082,0.2855382953611805,0.4850182369329987,0.23807717439126874,-0.324770348415725,0.5807934666152659,-0.21974422386905185,-0.027443773680424003,-0.25952671545588407,-0.4548243677620295,0.002164604863824622,-0.41449009367937484,0,0,0,1,0,0,0,0,0,0,0,0
-0.021640978511302096,-0.017258054753627534,-0.027827009344360464,-0.03564106952021545,-0.016178459365985505,0.47979518757343126,-0.1744011876924077,-0.17405381115475338,0.1461709161927657,0.43815997440383997,-0.07558267469506641,0.020102091803196925,0.6575308671137606,-0.21815186041696857,0.002164604863824622,-0.41449009367937484,0,0,0,1,0,0,0,0,0,0,0,0
0.09163095160108685,0.02495560830954267,0.03496058411947346,0.08690283250387437,0.03350834004399096,0.16196164733964716,-0.8108947269303791,0.46431840011426373,0.2459384420168434,-1.0578668688354957,0.15499364015836473,-0.016969394909814074,-0.5434191343754353,0.24408457522056487,9.40070505980005e-05,-0.4273868937557372,0,0,0,0,1,0,0,0,0,0,0,0
-0.02678178577463274,0.0,0.018777875231123325,-0.003436665555202194,0.021041444257071093,0.022054948585793627,0.15178433774319863,-0.987741220021078,-0.00998501660537374,0.9005117778457296,0.22374999680415653,0.009047191485505547,-0.6391550538981601,-0.1807786599025523,9.40070505980005e-05,-0.4273868937557372,0,0,0,0,1,0,0,0,0,0,0,0
-0.06970875253908387,-0.006924805946336802,-0.034627167497682125,-0.07681725802096186,-0.04167278371619533,-0.6948958469054326,0.014567271559269844,0.18357467419078746,0.11043219873171567,-0.42375838257926923,0.1735932149020759,0.025121870545714187,-0.6761851015750483,0.3431959995185921,9.40070505980005e-05,-0.4273868937557372,0,0,0,0,1,0,0,0,0,0,0,0
0.026257277971277554,0.012168664588784364,0.058749844946731127,0.06658703372908721,0.07142433754951301,0.16459784934054034,0.5968885019985356,0.4033895573423019,0.7770763955768427,-0.6847200890098943,0.12204019448693441,-0.010779948902721263,0.7563437656303112,-1.1184978209552172,9.40070505980005e-05,-0.4273868937557372,0,0,0,0,1,0,0,0,0,0,0,0
0.06511621863827004,0.0265594529485808,0.030283868817576515,0.05658701461058197,0.02289220136551314,1.004892310584837,-0.36174145747078346,0.21322029491503464,0.021220641539864436,0.874207408066685,0.06519624685061794,0.0013251039404752179,0.021360303267063823,5.145180971314538,9.40070505980005e-05,-0.4273868937557372,0,0,0,0,1,0,0,0,0,0,0,0
0.15317303261270113,0.05842504250152603,0.064538423834572,0.12401928331115111,0.08858002323113243,-0.4907389339499474,0.43078485952874107,-1.1111769988257945,-0.678313880737948,-0.042802994317108704,0.10831466097067702,-0.035572631581524385,0.08783587653075496,-3.191149255584691,0.0035657352221520446,-0.5023540472722456,0,0,0,0,0,1,0,0,0,0,0,0
-0.09666102331686661,-0.05366142005153098,-0.048846405670972544,-0.09806568325475448,-0.03521523633125711,0.3276686756668435,-0.6863940559482966,0.1448483930818946,-0.4105546077874862,-1.1125336271867177,-0.08685051588621695,0.031187433033095267,0.09448681289494314,-0.9201928830059809,0.0035657352221520446,-0.5023540472722456,0,0,0,0,0,1,0,0,0,0,0,0
0.0013998268427256155,0.029551702414989143,0.05446131841214501,0.0011130092727090555,-0.010723394220377472,-0.4129186394339764,0.2852952385954116,0.750681377626412,-0.2751254800051725,1.8625388744393088,0.09189468206339968,0.009553465406732395,-0.5931680913150817,-0.44769787173143727,0.0035657352221520446,-0.5023540472722456,0,0,0,0,0,1,0,0,0,0,0,0
-0.023292222151520544,-0.0212431825080264,-0.010506554334193462,-0.001948930187967279,-0.012234508662692099,-0.6707114566406478,-0.07593993473928784,-0.3094104628650156,1.7178396326748075,-1.50159311440974,-0.03221133019682026,0.015120783431899465,0.5312995154916752,0.8122365521303843,0.0035657352221520446,-0.5023540472722456,0,0,0,0,0,1,0,0,0,0,0,0
0.03728752920038234,0.021550582223772326,0.03247342878450065,0.028031766615950325,0.010352270592847311,-0.543283819525618,-0.6871767712590541,0.38337230091034674,-1.99856037675247,-0.7694422210054556,0.054600362627294674,0.006467054733672201,-0.3049937840638626,-0.5933372891965015,-0.0023444470812490023,-0.5514414548983323,0,0,0,0,0,0,1,0,0,0,0,0
0.00834606909752036,-0.01341424261841901,0.025596137421212257,0.01639567748892416,0.03018543966206611,0.33461291075052013,0.315827320308123,-0.1285344478872219,0.36781360190447593,2.3383685833198657,-0.0024631117841766733,0.00792810325682751,0.13300724282626794,-0.18194355641145343,-0.0023444470812490023,-0.5514414548983323,0,0,0,0,0,0,1,0,0,0,0,0
0.01906988454627666,0.02928799990026669,-0.003142571047399501,0.029165682227689338,0.030215547417408832,0.3572670504852931,-0.3729052804654275,-0.3570416069428769,0.5167042003755107,0.19622398894414142,0.0009859728634160647,0.005601066996377183,-0.153435318528632,-0.7419373447293773,-0.0023444470812490023,-0.5514414548983323,0,0,0,0,0,0,1,0,0,0,0,0
-0.02307585961003184,-0.02664099117283183,-0.01821667023356377,0.0006482231638149334,-0.01603516592499941,-0.06921541954184182,0.5996117137509546,-0.6674187190441306,-0.44470412303946394,-0.09731830174430488,0.017098627461044923,0.048044644212512914,0.05869643576172127,0.20002113389335563,-0.0023444470812490023,-0.5514414548983323,0,0,0,0,0,0,1,0,0,0,0,0
-0.08311059483841336,-0.05551055161478878,-0.026373232723595867,-0.07856429922248327,-0.02680735666959256,0.3679434492704973,-0.11841598057719022,0.4542872581277506,1.5523858300772142,-1.4373671769701335,-0.025013575840374908,0.03394020148684609,0.14098381984491987,5.4665332442044425,-0.0023444470812490023,-0.5514414548983323,0,0,0,0,0,0,1,0,0,0,0,0
0.019888135007760873,0.010482958355044533,0.031456741967290175,0.054561479166169075,0.03570693008840882,-0.2902458469505853,-0.7918641355068277,-0.5739186459980251,-1.4343081444032362,0.09472034648195723,0.02331681884592844,0.02381240982113635,0.14952477560935676,-3.8402784669127645,-0.003574119681343327,-0.5770793214577131,0,0,0,0,0,0,0,1,0,0,0,0
0.03819443785339073,0.03227802021523864,-0.005629752301914677,0.050350553628405716,0.008941503035970032,-0.20695582983613964,0.060369459682211364,0.2317523993884855,1.1815884100027674,0.5546250888489962,0.0189840401506544,-0.03704407550665904,-0.10370342841296473,-1.0206507471983979,-0.003574119681343327,-0.5770793214577131,0,0,0,0,0,0,0,1,0,0,0,0
-0.03605882734479034,-0.019756468303859628,0.00036412448565927333,-0.026736853638163055,-0.008456150356988561,-0.36226936051778874,-0.24953937004691062,0.21556359228707744,-1.258278950391767,-0.9424309614478334,0.007824624083282343,-0.0012398102782446112,-0.4924261088392885,-0.8224322823030168,-0.003574119681343327,-0.5770793214577131,0,0,0,0,0,0,0,1,0,0,0,0
0.03995032856253227,-0.0010735005481563916,0.02977258953761899,0.029887581699762925,0.013735054349933027,0.8466065639356157,1.5645797783010116,-0.10114830666101189,-0.6306580622771135,0.9002486974639085,0.014769956884577896,0.01538807568502892,0.2763729766218575,1.4801176336920923,-0.003574119681343327,-0.5770793214577131,0,0,0,0,0,0,0,1,0,0,0,0
-0.03145288464721319,-0.02324930244443352,-0.042045059030276576,0.01535896719019814,0.00035909143820815143,-0.06321036172280321,0.7975412134632943,1.0619169076858586,0.7345172965862437,0.8103831303250347,-0.07738935546529269,-0.020934261300972107,0.19781615521408832,-1.1058025851330868,0.0003768252517506594,-0.5854725810300095,0,0,0,0,0,0,0,0,1,0,0,0
-0.02354384940766919,0.013428949857541329,0.007527696483123628,0.03673927495357251,0.02270687482700331,-0.18405481315978078,-2.0229424208138678,-0.46302040348484796,0.5701797915266142,-0.7884165262660832,-0.06331552875289656,0.007198945635806617,0.054984582201083494,0.06760417524933668,0.0003768252517506594,-0.5854725810300095,0,0,0,0,0,0,0,0,1,0,0,0
-0.039170604332531514,-0.009369978952430056,0.0101914223955591,-0.025035870322581612,0.020714486596271522,0.20215456345649585,1.145114466814868,-0.7661450245497582,0.6528856117085083,0.11778651755659565,0.09645407377959903,0.007352369513869709,-0.2877825489463506,-1.2779810109286198,0.0003768252517506594,-0.5854725810300095,0,0,0,0,0,0,0,0,1,0,0,0
-0.08210931273289473,-0.04328833534464723,-0.03332124305510223,-0.0415113764263912,-0.06433231510236245,0.1851112245785013,-0.7290367105377787,0.24426625106661243,-1.038716459808834,-0.8355625938520594,-0.021141411892005153,-0.049566566549308466,-0.1995836393556518,0.7488302670367485,0.0003768252517506594,-0.5854725810300095,0,0,0,0,0,0,0,0,1,0,0,0
0.045162293194721086,0.0075163108028922865,0.03114604325973213,0.031046266194556978,0.012985136340847357,-0.9048659844597953,-0.6882410393789941,-0.17519467956695986,-0.6219793171580875,0.28825468908454727,-0.08284167271463466,0.022619980963164508,0.4187625710230635,3.0255347264529946,0.0018819992380917814,-0.5982776821723609,0,0,0,0,0,0,0,0,0,1,0,0
0.048614088012598866,0.0336899593472509,0.023846969356704797,0.028428742043456613,0.021351795924074747,0.21067226329589933,0.5940094931183433,0.6229200590825729,0.03514650291942226,-0.6518482915061777,0.09149969787452426,0.010105617364511807,0.09242653831757605,-1.551403701509474,0.0018819992380917814,-0.5982776821723609,0,0,0,0,0,0,0,0,0,1,0,0
-0.027076657583182978,-0.013859805585394474,0.002123927209584461,0.014278880531701505,-0.013419547610710127,1.044878314459298,0.6401235426532744,0.6979308132207298,0.7344048134109046,1.1917378475901066,0.0068729429990501386,-0.009789859584329832,-0.3545030026056571,-1.6625477377480489,0.0018819992380917814,-0.5982776821723609,0,0,0,0,0,0,0,0,0,1,0,0
0.03570970357832399,0.013364737789690181,-0.04409816814308099,0.006665287962783433,-0.010196976173978292,-0.459763602661954,-0.5299640352045054,-0.34747118758388423,-0.32405725703400823,-2.0000610418313065,-0.02551860507785105,0.0006310882488130994,0.00632345443178026,1.482039418078275,0.0018819992380917814,-0.5982776821723609,0,0,0,0,0,0,0,0,0,1,0,0
-0.054422282150423995,-0.05094972700751004,-0.1070659782006238,-0.08101190792214605,-0.05582434306170896,-0.10349596322102157,0.9466272802204327,0.25004627959018705,0.4903736972965712,0.5470056312207475,-0.107453816587192,-0.013018110198256286,0.4427582008379384,-0.5084130773606067,0.0018819992380917814,-0.5982776821723609,0,0,0,0,0,0,0,0,0,1,0,0
0.054073579650842085,0.03275217519774581,0.08085707663532768,0.0723146821038596,0.0666249814417323,0.04579239153394026,-0.5886062697321387,0.09446707414555158,-0.5667843342197488,1.7235948260938643,0.03702598913228445,0.03809537800766549,-0.048297912960821414,0.24601258035266718,-0.002824328746194709,-0.6067224054321132,0,0,0,0,0,0,0,0,0,0,1,0
0.15371892762105313,0.05969649438718073,0.01356469946881371,0.08802791616982976,0.04334376999232413,1.0096754937961794,-0.031657667031720224,0.1642578768209065,1.1286428875602064,-1.1835988250280938,0.07742967140444923,-0.03368415307576697,0.10068408781309224,-0.2204387810405678,-0.002824328746194709,-0.6067224054321132,0,0,0,0,0,0,0,0,0,0,1,0
0.03678055905431502,0.012760372299564683,0.012828902635294247,0.042372492083958074,0.023869487507339686,-0.18257770625880926,-0.2101463969224522,0.030043522128861685,0.18018162202310217,1.1273862385197138,0.04911050975382136,-0.006971252371710561,-0.7268686970959867,0.24509692731314497,-0.002824328746194709,-0.6067224054321132,0,0,0,0,0,0,0,0,0,0,1,0
0.04763692844598183,0.016730333663578206,0.021565186236444697,0.009824310400749669,0.04533924749580159,0.5199498144684441,1.050827725139115,-0.7499537952291883,-0.6204764119012364,-0.12823804437138345,0.0771367018867037,-0.049647602032757726,0.31669734568109836,4.855306428650754,-0.002824328746194709,-0.6067224054321132,0,0,0,0,0,0,0,0,0,0,1,0
0.03190316604317848,-0.00226967364068945,0.012040608102878101,0.0083891904166455,0.06815840141974099,-0.18651974094001203,-0.8525919884006186,0.4297969759318581,0.07824302432604417,1.1099200407401828,0.015906197984235704,0.029854613329794222,0.14781490854480311,-3.463398258894149,0.003200303936261222,-0.6191391896600262,0,0,0,0,0,0,0,0,0,0,0,1
-0.06485778074691462,-0.018766134577775158,-0.022582394683485912,-0.029303201170773244,-0.0026228988203003045,-1.191412746051368,1.1973278323202685,-0.577192209163189,-1.0156584286220205,-0.41804389031502454,0.0066789299212670124,0.0021220588186620488,0.10388926214705217,-1.4520446294935383,0.003200303936261222,-0.6191391896600262,0,0,0,0,0,0,0,0,0,0,0,1
0.0026464850248226575,0.0063989412898758325,0.03465661352575988,0.05696952119016987,0.028283180203698022,0.35738561015605125,-0.7644866971549612,-0.12945827782258781,0.42746109207197674,-0.7713918831549904,0.05290245328228033,0.024642182256011985,-0.5009531611778687,0.3809270305101094,0.003200303936261222,-0.6191391896600262,0,0,0,0,0,0,0,0,0,0,0,1
0.008459492105059361,-0.015066130100192317,0.005456277158712791,-0.0006022084948089614,-0.0053166541452696,-0.8686061580103636,-0.20554879678316573,0.6295221840700296,-0.17883227968985155,-0.052816043774982994,-0.017877779133894704,-0.003080481932167851,0.09392028121883329,-1.7974441526523803,0.003200303936261222,-0.6191391896600262,0,0,0,0,0,0,0,0,0,0,0,1
-0.0009364412752481954,0.006771059779348161,0.017400862549000334,0.0016048722334881034,0.0009867374618502793,-0.38386239701270847,-0.8296797106490412,-1.9855873237596353,0.9977502765099548,0.36833652304663295,0.005994868920768802,0.006997087212713523,-0.3553208901470631,0.6881043055260834,0.0029090247136734633,-0.6256661887845033,1,0,0,0,0,0,0,0,0,0,0,0
0.045420573689416856,0.01900846042381937,0.022008813070577393,-0.022807571686721664,0.10813797634804374,1.1955774126356045,1.8174352769644364,0.5917990722549518,0.3314417727281444,0.935963233382111,0.07387242358770582,-0.03166179947373159,1.0401596382324527,-0.23740041193907466,0.0029090247136734633,-0.6256661887845033,1,0,0,0,0,0,0,0,0,0,0,0
-0.0164279362576453,0.0012646795218073628,0.0053553275953099775,-0.00640412674790723,-0.029146598993536128,-0.34549820308621926,-1.3199951183847058,0.985148743600807,-0.6447500302970125,-1.0517571147717089,0.002294435600437226,-0.0026204779562941016,-0.359018104744852,-0.3224681885371965,0.0029090247136734633,-0.6256661887845033,1,0,0,0,0,0,0,0,0,0,0,0
-0.01429872336392703,-0.0015563574737329931,0.034175881021430106,0.03724854856848921,-0.009005016640087179,1.5200455739720293,-0.4023074028320386,-0.4004602785333509,0.9278628065476513,0.9307130852763782,-0.001720351216022602,0.014328550348284834,-0.3022847369051498,-2.5756256154528785,0.0029090247136734633,-0.6256661887845033,1,0,0,0,0,0,0,0,0,0,0,0
-0.05016674905608239,0.005591718626216433,-0.032330147078915614,-0.022325163828809853,-0.05210005700957499,-0.34454946587639945,1.5769808394824287,0.4717529406527764,-1.2817466465397307,-0.7592931125081591,-0.0013400919782141365,-0.0045368170410336325,0.3819362026463009,8.560617935378499,0.0029090247136734633,-0.6256661887845033,1,0,0,0,0,0,0,0,0,0,0,0
0.07334500426453099,0.025287036413620213,0.043627801769236536,0.06381038491944556,0.0325264922499884,-0.8083117629213125,-1.3277607376835832,-0.05165366707010307,-0.24115250725386006,0.4211228975262742,0.08533368385181539,-0.019901167267723712,0.09038278100123669,-3.3813198334193277,0.0026202522945926125,-0.6213072144570178,0,1,0,0,0,0,0,0,0,0,0,0
0.019296569294300542,-0.006262038300169035,0.03856618613243713,-0.01642712022787909,0.039314714222544345,-0.28618983036743567,1.2081820242334336,0.005714713999615173,0.13695459931193282,-0.38683223916602955,0.04505581088876388,0.005891249617966764,0.056419528660317304,-1.4218910008374805,0.0026202522945926125,-0.6213072144570178,0,1,0,0,0,0,0,0,0,0,0,0
0.04464418068934933,-0.01192504523914811,0.0020053521277927774,0.02216135349597134,0.0700661667317294,-0.24537956424004262,0.02874509716971754,-0.3901954098314625,0.5857774666209483,0.8242636969387321,-0.003874986511937324,-0.025464169252356082,-0.6445528660502533,0.2893094121111563,0.0026202522945926125,-0.6213072144570178,0,1,0,0,0,0,0,0,0,0,0,0
0.01043803221476583,-0.027757835977192644,-0.05203161534034909,-0.005926106055985721,-0.022871763610755238,1.4370041366716855,-0.755987576538464,1.0150869569447714,-0.9011015758006744,0.08626979780883187,0.037440157079538926,-0.027228528162381013,0.7769893335018941,0.6841638616747537,0.0026202522945926125,-0.6213072144570178,0,1,0,0,0,0,0,0,0,0,0,0
0.04342431981837906,0.013611243063914676,-0.049415330127920376,0.047182221712069906,0.003963218286763875,-0.5444577444879537,0.18418686437164308,-0.10666298095780154,0.9003224971145154,-0.22154589901220997,0.07198021925894244,-0.017571437060962432,0.040154666716190536,-0.6295832933706172,0.008468711913736077,-0.6198568334914223,0,0,1,0,0,0,0,0,0,0,0,0
0.021574336665587224,0.061162957963696016,0.03502692780724637,0.02260303655816687,0.020594652712291817,0.14601279246693477,0.7681663397042158,-1.4946253126646443,-0.07974197939086755,0.008718316029769344,-0.007289261411906916,0.01258246300102836,-0.12196044242632204,-0.19627527156781996,0.008468711913736077,-0.6198568334914223,0,0,1,0,0,0,0,0,0,0,0,0
-0.002986163602673178,0.005852113906584724,0.013088955874687717,0.0512306092493202,-0.03531995338468907,-0.08302703548476431,-0.9485778967770462,0.25782493742928353,0.30745179518213395,-0.3614354898839755,-0.0659926474588586,0.012655850541984426,-0.6902266302744623,-0.3430512077192554,0.008468711913736077,-0.6198568334914223,0,0,1,0,0,0,0,0,0,0,0,0
-0.001417531093522794,0.015919162328209883,0.04450818290917753,-0.0013599308588739746,0.010934740392118098,-0.7910713250905863,0.6406566108666455,0.328401934097077,-0.038421851999969926,-0.17143676857125162,-0.007353525259551331,-0.00529715270586428,0.8423099775094806,-2.447973394742318,0.008468711913736077,-0.6198568334914223,0,0,1,0,0,0,0,0,0,0,0,0
0.005031368453113847,0.008815027207325651,0.027600515347560944,0.04294938336255551,0.008936366542769796,-0.8278891672807949,-1.8428603246728565,-1.723291044104646,-1.024280391465644,-0.9080914985333828,0.007841888486559598,-0.003296010878393972,-0.3870488837161736,7.121727127531348,0.005729086082281445,-0.6191817641651033,0,0,0,1,0,0,0,0,0,0,0,0
-0.0012555611477667295,-0.006902296617935987,0.013371072429199184,-0.018086547563395023,0.015112052700733371,0.5215127014121533,0.8865631336775429,1.510063018556513,0.3576026109229609,0.32763970185379165,-0.03527733630249414,0.009683658928142302,0.14314100916355224,-3.8352639986762176,0.005729086082281445,-0.6191817641651033,0,0,0,1,0,0,0,0,0,0,0,0
0.005793509052332325,2.4333636049479573e-06,0.013472755832801116,0.026091329768897786,0.0432624877937788,1.04310267348266,0.6655896850215733,-0.7948892429685723,-0.6604274738370227,0.5412829912016908,0.062249597173668195,0.020271511907645767,-0.34952775229306615,-0.3631373984310759,0.005729086082281445,-0.6191817641651033,0,0,0,1,0,0,0,0,0,0,0,0
-0.03252956185099337,-0.003374268699063715,0.004851817532752235,-0.032116768965068064,-0.008757862044634232,-0.021102507768729625,-0.9068176253133694,0.3557485026087286,0.26674732260055395,-0.08042980345360681,-0.01580621515613091,-0.001124859511183791,0.1013095771113345,-0.036778068966293445,0.005729086082281445,-0.6191817641651033,0,0,0,1,0,0,0,0,0,0,0,0
0.061155627994352035,0.014382207643359448,-0.024348087056252646,-0.029710130559439767,-0.016920198280991672,-0.10296704622866026,-0.8397108397588162,-0.38810534708980743,-0.11651089887692154,-0.19076793264246836,0.02290909013918027,-0.005473563330243631,0.12839208331168417,-0.3617354674962204,0.005729086082281445,-0.6191817641651033,0,0,0,1,0,0,0,0,0,0,0,0
0.01341317856972628,0.02258903802790421,0.001351797346602922,0.0029418844247867284,0.07375285613826292,1.3018822116294089,1.7871541827312392,0.9119688805161695,-0.08207631553356232,0.4009019183163377,0.020548662939394623,0.03546387999025695,0.01864897940372051,-1.7942074508666952,0.002760399250046693,-0.6205832919201427,0,0,0,0,1,0,0,0,0,0,0,0
0.024254321644861715,-0.010290220505437373,-0.031095145708529146,-0.0006914571834196859,-0.026510191420161283,-0.21187032766630873,-1.0350859390142046,-0.32435087608886803,-0.056809597030439335,0.47243505416859727,0.007215832419302653,0.0037067629404366246,0.21574457418149312,0.7520402002121022,0.002760399250046693,-0.6205832919201427,0,0,0,0,1,0,0,0,0,0,0,0
0.0014600206472546104,0.008892956039469053,0.0037086472992713462,0.019521401188704927,-0.036203794903643394,-1.5523716422489733,0.8981170388625189,0.08199322925386611,0.5095941494212001,0.3730958339950799,-0.02776449535869717,0.020891260524048334,-0.41137352167743885,-0.23974506846675156,0.002760399250046693,-0.6205832919201427,0,0,0,0,1,0,0,0,0,0,0,0
0.01893245454687212,-0.00023290367358634335,0.03367025795499006,0.03105411484810387,0.009134087575462099,0.03520032153723869,-0.09422109360446565,-1.0308361950422849,-0.16746682457409534,-0.8967309817986335,0.042192521943593984,0.013653921456691193,0.2612569368203647,6.131178604789474,0.002760399250046693,-0.6205832919201427,0,0,0,0,1,0,0,0,0,0,0,0
0.0008585380959098004,0.004186042847596611,0.00846492109110623,0.05189310224471019,0.025013156388971794,-0.017012605019683706,1.1877996913432851,0.443934650681588,0.9138320278861868,0.22731629604736744,0.048560415608866495,-0.0066977815495948174,-0.2682682265294647,-4.1491143558942145,0.0024778611310547895,-0.6226106493047557,0,0,0,0,0,1,0,0,0,0,0,0
-0.00977419293872035,0.023395604123546368,0.023386369894906812,-0.0034397216144766945,-0.00970642042119956,1.1018681143362212,-0.9294886427115684,0.1679459985767171,-0.6256977483768428,-0.6087973327696538,0.018359597126033095,-0.006583175279166738,0.3630094283588942,-0.6617779168923001,0.0024778611310547895,-0.6226106493047557,0,0,0,0,0,1,0,0,0,0,0,0
-0.034534360946221705,-0.011629480981663661,-0.013673279325854812,-0.03994142148525022,-0.08211018563410079,-0.39199416457308517,0.07498295998492654,0.08471802404568923,-0.28284930502066474,0.5060785717434161,0.010242049712433254,-0.0600954385854621,-0.3540612001748912,0.014598799421152631,0.0024778611310547895,-0.6226106493047557,0,0,0,0,0,1,0,0,0,0,0,0
0.02115609405775732,0.00867797497217575,0.016990372123858573,0.01343831981596148,0.053729121311252924,-0.46851953368653015,-0.8256369831330834,0.11904178055948124,0.2161278014240608,-0.211320111433355,0.03308701325312383,0.004908996271969121,0.09279116473266287,-1.4919769898421866,0.0024778611310547895,-0.6226106493047557,0,0,0,0,0,1,0,0,0,0,0,0
-0.025651859224683108,0.0011362478713685341,0.0030193994848042014,-0.017357903983025762,-0.001975957786429832,-0.37460355441186877,0.2125546700006307,-0.3550332515793759,-0.24393090992285388,0.0918918224126353,0.014878641343512054,0.0033715474072702123,0.1591198555576775,1.3009217530794774,0.00036656891906072716,-0.6239861333149316,0,0,0,0,0,0,1,0,0,0,0,0
-0.011480329135408853,-0.005237405771984521,0.006581631528350566,-0.01716494178523392,0.022168651790264494,0.21792614714035363,-0.37342862331884186,-0.4592251753219098,-0.039324398617143506,-0.9737403571186403,-0.008015085636290829,0.015253886259014927,0.10218404359543191,-0.4139218181263879,0.00036656891906072716,-0.6239861333149316,0,0,0,0,0,0,1,0,0,0,0,0
-0.022504972414024358,0.0016271336403589902,0.004978959269967747,-0.024344794242704266,-0.024694193091101112,-0.7056803609723327,0.640583683473055,0.290853504666307,-0.27432075839031445,-0.30328245499036355,-0.037580429509064546,0.0024831023932536914,-0.1939508462368617,0.16320871277400403,0.00036656891906072716,-0.6239861333149316,0,0,0,0,0,0,1,0,0,0,0,0
0.0105971457581264,-0.0009144141353146035,0.026328366894510742,0.02324495072596091,0.023043143078325334,0.1213185844239011,-0.33929667463915053,-0.06378850131978026,0.2235834985276412,0.2967411615917516,0.00361415657782583,-0.007245793750655673,-0.008466718334801355,-1.3107704139596807,0.00036656891906072716,-0.6239861333149316,0,0,0,0,0,0,1,0,0,0,0,0
0.013090132026906598,-0.011039662889119862,0.006475296441515286,-0.0001690215931531334,0.03519360791354816,0.6827665240246419,-0.7416276153529417,0.09724424721997117,-0.38077674975744324,-0.04429409891456707,0.025751283187039856,0.006198111249127369,-0.1207497815273479,6.702005560678615,0.00036656891906072716,-0.6239861333149316,0,0,0,0,0,0,1,0,0,0,0,0
0.04458484409115434,0.01946673498480341,0.029364082725717604,0.02106750318873792,0.004611070625235152,-0.24260356430867688,0.4410755434596525,0.37402076080765895,0.16609663391987256,0.11475915311096486,-0.07977226784061572,-0.029448456119399335,0.4157888917977645,-3.2994712804216184,0.003293087498469677,-0.6259838600916152,0,0,0,0,0,0,0,1,0,0,0,0
0.010335532012774568,0.017982170690508618,0.0002664532988118231,0.011024439075768236,0.018856487362415755,-0.40812371516819357,-0.6817872560018471,-0.4191342830590273,0.408121675753779,-0.26742228215598235,0.0023406046478669164,0.00859925608048269,-0.13097631807761254,-0.6474473226235529,0.003293087498469677,-0.6259838600916152,0,0,0,0,0,0,0,1,0,0,0,0
-0.04064101374452529,0.0028918083489228945,-0.0021351710263459063,-0.0661216128457329,-0.08136661752028658,-0.3834249730845799,0.12110158198431475,-0.05527217537375966,-0.5164663268860032,1.0710935572834148,-0.09367508803062784,0.003261939176981407,-0.648077121471902,-1.397632593612274,0.003293087498469677,-0.6259838600916152,0,0,0,0,0,0,0,1,0,0,0,0
0.0177896548817469,-0.0017785988858484542,0.026629831107532573,0.015611708642602145,0.04232033683152454,0.024158051403151765,-0.2547701673983404,-0.45301473603314435,-0.6116575166163436,-0.603606710458256,0.09804884367914662,0.01979160433902476,0.42871042162432876,0.6134629857787872,0.003293087498469677,-0.6259838600916152,0,0,0,0,0,0,0,1,0,0,0,0
-0.0025221579882378745,-0.022048181006416534,0.01907020970593081,-0.006735219153054258,-0.00048572835522290084,-0.2093607966594862,0.02567271171817998,0.8798873894920946,0.4492673629382213,0.7992962753453561,0.00796936850754543,0.007841053924332375,0.02544374883054035,-0.8054698483072056,0.004828506625265882,-0.6241498814113806,0,0,0,0,0,0,0,0,1,0,0,0
-0.013308639309805699,-0.014665570739269098,-0.001021951850442815,-0.017127273433275157,-0.008130085003752738,0.17501921268038076,0.44244877365262114,0.22405085517200504,0.9546229004134931,-0.4536735065620983,0.006186629308201455,-0.022815545019288487,0.01978144789011309,-1.7539032865268949,0.004828506625265882,-0.6241498814113806,0,0,0,0,0,0,0,0,1,0,0,0
0.0220346028565178,-0.009742614518019974,-0.014153458789581538,-0.00017619598515546283,-0.07824843075137007,-0.033490590111952954,2.036338143142576,0.16246926511026152,-0.7237267442885214,1.388999325056828,0.031762144320519436,-0.022719231592298023,-0.11295748518928181,3.071688794264114,0.004828506625265882,-0.6241498814113806,0,0,0,0,0,0,0,0,1,0,0,0
-0.0007365953098202436,0.0009319822600087249,0.005299101017562721,0.016436844823938108,-0.007798611636832386,0.769584129212772,-0.9661739570566209,0.4040487553261401,0.1286617316662763,-0.7705689568733457,0.02754544929954824,0.0001714308025718088,-0.023469256651527277,-2.155398062389959,0.004828506625265882,-0.6241498814113806,0,0,0,0,0,0,0,0,1,0,0,0
0.02373607830548473,-0.011712430040350478,-0.08891171327330281,0.010523610248404642,-0.0017810308765533157,0.06551103893654506,-0.06869568514018533,0.11133311881364868,-0.02016426799271637,-0.844186506112275,0.025358277089885077,0.004163492443093288,0.3561492735331885,4.15310588527241,0.00877714543051282,-0.6275823534140986,0,0,0,0,0,0,0,0,0,1,0,0
0.0470824228051502,-0.0035406474376420897,0.0037967416220902744,0.018027706429275998,0.02621288842726989,0.3945195844736421,0.6692014332914478,-0.5289085790189817,0.0020339465561510918,0.24992256947145666,0.04471531887226658,-0.0003984579577081136,0.11663835376549707,-3.1243474238052173,0.00877714543051282,-0.6275823534140986,0,0,0,0,0,0,0,0,0,1,0,0
0.018802013565994643,0.007526506772568194,0.05117629690972003,0.036094655363226875,0.06033537915876252,-0.32987069498719085,-0.7320325754935613,0.484601979279078,0.9439754160492659,0.3691222170468131,0.036259622206102265,0.006186994246297726,-0.06284775454191426,0.3380705648645942,0.00877714543051282,-0.6275823534140986,0,0,0,0,0,0,0,0,0,1,0,0
0.0006755473813112925,-0.011665384694378205,0.011404410914972279,-0.01812245345825201,-0.04301170730532608,-0.11912149229396551,0.03038210087885908,-0.4888777741418666,-0.7952066577201736,-0.3137189564992152,0.017827542117673102,0.015887189190450724,-0.3057380693515001,-0.372239460479844,0.00877714543051282,-0.6275823534140986,0,0,0,0,0,0,0,0,0,1,0,0
0.004447738674356616,-0.026693933566782197,0.020102527209993823,0.026738255770723838,-0.005795125373926712,-0.21155008070197,-0.1465241108791704,-0.2621151705453402,0.9087283397299173,-0.04555387114833235,-0.0022709917048589364,-0.006986195802997177,0.36531318901405074,0.6158117377934706,0.00877714543051282,-0.6275823534140986,0,0,0,0,0,0,0,0,0,1,0,0
0.005231171727453223,0.02261461572876898,0.03229767365771517,0.028876540126468522,-0.029308640113869674,0.40895784271140473,-0.22834352480059997,0.25689485696173786,-0.5728331107201826,0.33852541033277905,-0.02790769690243191,0.018559194801562016,0.021358502324022484,-0.9478375464575489,0.004853069649073464,-0.6402299444827212,0,0,0,0,0,0,0,0,0,0,1,0
-0.0055002132703057165,0.015508328936312914,0.0008754853524119016,0.0006287381615000327,0.039297435513077475,0.06428236342422602,0.7085043058783266,-0.6589660224181078,-0.45324815226432735,0.40002534253101374,-0.005923696635370813,0.027958284570881155,-0.12197375509314332,0.7638776719454374,0.004853069649073464,-0.6402299444827212,0,0,0,0,0,0,0,0,0,0,1,0
-0.025890385300920648,-0.005698227465628822,0.01845596437891044,0.002668252285808698,-0.010517335968248285,-0.7399032526202455,-0.2246505841684154,0.18119152196549326,0.4109891579177259,-0.45807760646073975,-0.05980496200713486,-0.008980767172643893,-0.40251976587392213,-2.667228206581955,0.004853069649073464,-0.6402299444827212,0,0,0,0,0,0,0,0,0,0,1,0
-0.06148802493282345,-0.018018597514937267,-0.08687745335985943,-0.08399523296124803,-0.031504391105112495,0.5723008329018053,-0.0857395237385972,0.6756615648666526,-0.1824419815671642,0.19634678207311831,-0.11033706428412149,-0.03624755539392887,0.3247788678475159,7.352793602210028,0.004853069649073464,-0.6402299444827212,0,0,0,0,0,0,0,0,0,0,1,0
0.018039669316223368,-0.014652147792622798,-0.011308589120524558,0.01186262717560576,0.013008420154360047,0.18039103294305964,-0.3613156382336812,0.1632218948439342,0.6947160676637955,-0.23652360229530003,-0.028124751420676303,-0.0018501666382562945,0.373567034662527,-1.6712567365011464,0.00465117117573088,-0.6507439961712698,0,0,0,0,0,0,0,0,0,0,0,1
0.01260770244924734,0.025022378958964003,0.019706889993780497,0.046091100531562415,0.040455807539102356,-0.6750941950350806,0.4188175481209508,-1.0894395859173998,-0.8743857863787858,-0.45013966902336483,0.0784857953455444,0.0005049367034258137,-0.3701766056812205,-2.4389445142233646,0.00465117117573088,-0.6507439961712698,0,0,0,0,0,0,0,0,0,0,0,1
-0.0052816605625539085,0.004787079761773624,-0.01673280855888899,-0.031707045549881664,0.020137014744895213,0.47577340932841505,-0.8503981910770275,0.4162238646022877,0.3216682834278775,-0.056686289573753955,-0.011366116406604447,0.011654312067016205,-0.5194160005589404,-0.7262408689898584,0.00465117117573088,-0.6507439961712698,0,0,0,0,0,0,0,0,0,0,0,1
0.03114019564447162,0.008085513346934654,0.03605923450599859,0.01401612393902233,0.01708586823140262,-0.506967406781852,0.427643925918952,0.08873779936621468,-0.6965571985080066,-0.5638408758416062,0.040517125426664816,0.004094004248675573,0.10853580164972071,0.0492386952377276,0.00465117117573088,-0.6507439961712698,0,0,0,0,0,0,0,0,0,0,0,1
0.011449201453546687,0.009195051464131354,0.010620439769337388,-0.006241814026258733,0.013035609722068492,-0.691329776857322,-0.22002531558272292,-1.2729254200546312,-1.2094949116443745,-0.6984215222396408,0.01906095518788869,0.008959330574061305,-0.11716344849163048,-0.17912360075863834,0.00465117117573088,-0.6507439961712698,0,0,0,0,0,0,0,0,0,0,0,1
0.06401557267362545,-0.008957973682558636,-0.04546566818381885,0.06367309274554503,0.04957041104175755,1.656978175709751,0.9303621821241199,1.6230979615887138,2.2211952309921847,2.4364018183111673,0.04789705852586689,-0.01683030484037457,0.44376965367643734,-1.8316240677919828,0.005428750038936093,-0.6350274335326689,1,0,0,0,0,0,0,0,0,0,0,0
0.03128221787069654,0.0021288110776053895,-0.01535231887280496,0.015342432628026474,0.018394368241050108,0.2537776286468113,-1.3645483298226198,0.35874757945568114,-0.4051081770700765,-0.44767354778007423,0.0604903916648472,0.01079296487769755,0.021059124086429015,2.868333779198166,0.005428750038936093,-0.6350274335326689,1,0,0,0,0,0,0,0,0,0,0,0
-0.040399014953919274,0.00024695381902023933,-0.021750087783057984,-0.040744114969108576,1.4016018440448752e-05,-0.35772769525892945,0.7950110702291795,-0.3544330530832421,0.9857350775241871,-0.018885759890266782,0.015625314375128513,0.00838754396344695,-0.42769770734564744,-1.361601748529519,0.005428750038936093,-0.6350274335326689,1,0,0,0,0,0,0,0,0,0,0,0
0.013771751301170922,0.03208321460691173,-0.08243796843825757,-0.03782566786080903,-0.0287190973657083,0.34176506636881754,0.3157984304799475,0.6242735430887171,-0.45379121754130525,0.5728572610624998,0.01954005312520039,-0.02593671171112931,0.575040331252357,5.473148052280974,0.005428750038936093,-0.6350274335326689,1,0,0,0,0,0,0,0,0,0,0,0
0.024956142734897054,0.006432453753768684,0.0025818183388237573,-0.023840531092695776,-0.003508844941024411,0.04054843965407603,0.24887583307179692,-0.23732734589128704,0.28224413633779544,-0.9688081756125174,0.06131544519774584,0.01208420728835146,-0.12393454445321181,-3.870093140241909,0.00866035812247761,-0.6143904948990155,0,1,0,0,0,0,0,0,0,0,0,0
0.03569146755819986,0.02755366596541575,-0.005628484706922491,0.049697647703042566,0.05365519800108009,0.5043636666200788,-0.6593970540597094,-0.7747487233667684,-0.8184216566603297,0.6309354634941939,0.008521716339191224,0.01875367404472173,0.17175394031957847,-0.882709402221811,0.00866035812247761,-0.6143904948990155,0,1,0,0,0,0,0,0,0,0,0,0
-0.046035547387035886,-0.03352522957536634,-0.03208827858619279,-0.016510654041339695,-0.005161765749834512,0.04021726274652987,0.025719696946443306,0.502246121830579,1.5333482467934483,-1.3146978375114997,-0.022045729664619554,0.03091647334206895,-0.38377668141895666,-1.103267068213092,0.00866035812247761,-0.6143904948990155,0,1,0,0,0,0,0,0,0,0,0,0
-0.06825953267865469,-0.02448520031767674,-0.005687444727948289,-0.034706673635449097,0.009995606625408049,0.9657286047163489,0.25278533223255734,0.2993990973987356,-1.0768130528355282,1.2651243999236057,0.005693617202445513,-0.006393499184351213,0.45005413605098443,1.7051721504821113,0.00866035812247761,-0.6143904948990155,0,1,0,0,0,0,0,0,0,0,0,0
-0.17301915730484424,-0.061734731690834224,-0.07995011886176358,-0.20449864526131586,0.013322560477847346,-0.8442580558620316,0.3210525437015607,0.7914877535892754,0.9038845657386102,-0.09551757251437372,0.23350570561738737,0.04081986176552922,0.10877482125541886,-1.068817518945082,0.02356528332844868,-0.5884058078011924,0,0,1,0,0,0,0,0,0,0,0,0
0.043797963309945113,0.01435986490020528,0.021896801171831886,-0.0004146353586505626,0.02539951205901843,0.3623600502219215,0.7039504006372665,-0.2749627473207391,-0.4109330711265976,-0.15744276728293802,-0.05645691285420243,0.008916405347535336,-0.13408938707101575,1.7347462881238203,0.02356528332844868,-0.5884058078011924,0,0,1,0,0,0,0,0,0,0,0,0
0.07020142794066082,0.0390779700504868,0.08924736209278258,0.07210576251537833,0.0028951851877034385,-0.7768574113010366,0.16945149224929953,-1.0571752106925072,-0.17561361643539417,-0.49360704074641293,-0.043271759465503615,-0.027872627610314095,-0.658729776205387,-2.8788209508686875,0.02356528332844868,-0.5884058078011924,0,0,1,0,0,0,0,0,0,0,0,0
-0.004822699946140588,0.014181386609199993,-0.009411385370416163,-0.0034795565932575255,0.06369817720751123,-0.6379326308643505,-1.4665744490373258,0.00807126927724875,-0.2919333080508885,0.19173396327038708,0.0842217951209388,0.013189319303089149,-0.00929785673873883,-0.1715273116630742,0.02356528332844868,-0.5884058078011924,0,0,1,0,0,0,0,0,0,0,0,0
0.011651667235135884,0.016756064938153764,-0.006843911374499627,0.028445310495298113,0.006489044746494085,0.3469138557793361,-0.5225379530282618,0.23949726188597864,0.20556472375037366,0.2682318311952874,-0.13747750706435474,-0.017919905807624058,0.3266389919879497,6.134528580255206,0.008216410482249284,-0.5541536030038271,0,0,0,1,0,0,0,0,0,0,0,0
-0.016645163182697834,0.028888614347248605,-0.045175605999967554,-0.031160008713580826,0.015244920598349043,-0.5429131417127854,1.4998683366936505,-0.27902770169559465,0.4305533715754316,0.3584643881895868,-0.010226328304342789,0.011656049435612922,-0.12124345173711387,-4.687970543000475,0.008216410482249284,-0.5541536030038271,0,0,0,1,0,0,0,0,0,0,0,0
0.002206220049571868,0.008039296301231147,-0.020789356240705752,0.0017459359364476513,0.018148987327478768,-0.2484624856276013,-1.3459016640593329,-0.36388379101528845,-0.6817961213515115,-1.095612380165388,0.08474435851288638,0.014977940747520837,-0.2930929687569865,-0.6625724562818545,0.008216410482249284,-0.5541536030038271,0,0,0,1,0,0,0,0,0,0,0,0
0.013361367639867783,-0.02117113228359491,0.005140130229693749,0.0107964263097243,-0.08741612366417008,-0.19520342840803637,-0.1804649605398569,-0.11145544092532282,-0.1726621429824601,-0.14543653535327733,-0.04670255756843984,-0.020452300157200183,-0.2191440381916359,0.4582046018100776,0.008216410482249284,-0.5541536030038271,0,0,0,1,0,0,0,0,0,0,0,0
-0.03226793212050051,-0.0059402661093556465,-0.006663206409770023,0.005926721893292008,0.008923100744214676,0.35917717912467234,-0.8774304588782852,0.42201510563776545,1.103971110682222,0.923919170102671,0.025344776226062377,-0.01130129513526001,0.4828897528847569,1.1259873236617768,0.008216410482249284,-0.5541536030038271,0,0,0,1,0,0,0,0,0,0,0,0
-0.03955637627352352,-0.021072861525102272,-0.055851752205742886,-0.02080183614705185,-0.06585536174468928,-0.2489751146537066,0.6985723750535733,-0.2740776429850963,-0.09840473040140177,-0.31569579599057207,0.04738361146610136,-0.014826863178201139,-0.1440516080396379,-1.1110419905367541,0.00958568649554425,-0.5093624658002842,0,0,0,0,1,0,0,0,0,0,0,0
0.026594543597777878,0.012327226513999498,0.013342765657323733,0.035373102082421046,-0.022849608427370795,0.07345629210624231,-0.6273885722011711,-0.06832627574619697,-0.7155906736010382,0.3589992381652076,0.006537762673227958,-0.040020483139362004,0.22968108696782497,1.034345206351834,0.00958568649554425,-0.5093624658002842,0,0,0,0,1,0,0,0,0,0,0,0
0.0062003862323057966,0.0,-0.019903723632757195,-0.005462959302160582,0.04327184739902127,0.34621199969993927,1.5175346977190276,0.5210818899080017,-0.012787426476003592,-0.9807743828254282,0.02449617818204991,0.0188540188226649,-0.5914348251030104,-1.5074951412869344,0.00958568649554425,-0.5093624658002842,0,0,0,0,1,0,0,0,0,0,0,0
0.0693043355762446,0.03787723193299407,0.04181064020274877,0.035989792031466405,0.05077688884143976,-0.1367349665956532,0.7423672725576631,-0.8997324035457804,-0.80212387790112,0.4538599848266586,0.01611945821029788,0.005144740571821819,0.13826185016188391,5.371842435753602,0.00958568649554425,-0.5093624658002842,0,0,0,0,1,0,0,0,0,0,0,0
-0.01702397370276978,-0.014121019456097627,-0.015648104572235786,0.010693408960838756,0.004478071746551669,-0.331315304720826,0.008896833423474432,0.6050035564976638,-0.5543810306985407,0.241230096991595,0.03248984591501656,-0.003192051996036383,0.1816854863494378,-3.1944204857135627,0.009076455285095092,-0.40381044282893885,0,0,0,0,0,1,0,0,0,0,0,0
-0.05969495499964621,-0.037019915542898636,-0.04828769626556297,-0.033174592936469065,-0.05569751300221688,-0.16553900550294545,-0.1135496424277795,0.42897221261937823,0.345002397351973,0.49944111438035715,0.015029049813146624,0.014044178970342405,0.1922753891840619,-0.6846122781101078,0.009076455285095092,-0.40381044282893885,0,0,0,0,0,1,0,0,0,0,0,0
-0.013917818259526725,-0.011544511333494656,-0.066942318838431,-0.058321037968402836,-0.09080311521117931,0.7294465215352638,-0.4155040103900478,-0.553784882049595,-0.2671172724545057,-0.4540894877332469,-0.09658720980030218,-0.019368858124122618,-0.18735735025894454,-1.0817579571131275,0.009076455285095092,-0.40381044282893885,0,0,0,0,0,1,0,0,0,0,0,0
0.017707689315312393,0.02803927097750909,0.05412868162183094,-0.01613109352191609,-0.04699740475948748,0.03890550602281929,-0.43021093657177906,0.10040654001701348,0.10017001158278616,0.2131103663321081,-0.01786579252875512,-0.00496982298502383,0.1568244056380875,-0.9879732498498194,0.009076455285095092,-0.40381044282893885,0,0,0,0,0,1,0,0,0,0,0,0
-0.03730402948483997,0.0029910153787104433,-0.05121576694820524,-0.041190197180475466,-0.04878181118878101,-0.517323922885508,-0.27969708097103274,0.05317417684240685,0.5266255964310685,-0.4636550320430094,0.007498276716201561,-0.015226186695035015,0.03347343248704633,0.958767217318299,0.00233976876191819,-0.20506547940398387,0,0,0,0,0,0,1,0,0,0,0,0
0.005325772223536957,0.007552228458226241,0.03898215952413081,0.03807364622206186,0.027548119763847717,0.19128328141151427,0.05403727508876964,0.18973770460263992,-0.08107498517851071,-0.12565333098380554,-0.034146450074954565,-0.032945513211122775,0.09972976818863571,1.3492891651263363,0.00233976876191819,-0.20506547940398387,0,0,0,0,0,0,1,0,0,0,0,0
-0.05244107743805402,-0.011271443447726015,-0.00040981498055381836,-0.02012443296345312,-0.05065918703291555,-0.024709840288808637,-0.32240545122096315,-0.34677773477949425,0.04498653726523581,0.8124453359593723,-0.07118336459572004,-0.02219083284088715,-0.013285289199326155,-0.32817343380651787,0.00233976876191819,-0.20506547940398387,0,0,0,0,0,0,1,0,0,0,0,0
0.03095397882428055,-0.014002533331694246,0.07541553265715217,0.03353219349095867,0.03765626551693377,0.22983478337705504,-0.29566997748823864,-0.037477799054849284,0.06599557646718705,-0.5848543690581797,-0.030061023661411064,0.014404652725710447,-0.45773613340508557,-0.22366021368684996,0.00233976876191819,-0.20506547940398387,0,0,0,0,0,0,1,0,0,0,0,0
0.03598668833409416,0.0011744198843679512,0.02921543174804193,0.03586220477779033,0.06433375945855326,-0.24115445022861912,1.3193192761151893,0.7241760919003843,0.03209948580117249,0.23262458654582355,0.040560140679631394,0.02051650692650229,0.3705134789983177,4.381455843035021,0.00233976876191819,-0.20506547940398387,0,0,0,0,0,0,1,0,0,0,0,0
0.03131687008759295,-0.0023501240605595776,0.012881929138382358,0.01415065770578212,-0.004276820462457225,-0.4447409500520587,0.7561820203218127,-0.9243712125174754,-0.2981311663495983,-0.23963854838367638,-0.10252536167539936,0.005656443534523214,0.11655252109602394,-4.088619119994576,0.006655044943343901,0.05295704078623171,0,0,0,0,0,0,0,1,0,0,0,0
0.022936426145570368,-0.002119931390476552,-0.0011642571582058997,0.019791107354824047,0.02321542203912499,-0.41808353251108754,-2.3532965424343923,0.05141744613190473,-1.8295138127555428,-1.3632449336792527,0.034017572995907644,0.014391933231461219,-0.056068641124232994,-0.2602136224585876,0.006655044943343901,0.05295704078623171,0,0,0,0,0,0,0,1,0,0,0,0
-0.03531419846949028,0.0068146693754691035,-0.01745898633261517,-0.035850573835382114,0.002676461288360541,0.21504767473862624,0.8096568856150373,-0.7814972725263551,1.4109219014072956,0.4150064842950291,-0.014437522410958397,-0.02876516679926053,-0.5684995740958609,-1.1429314290131587,0.006655044943343901,0.05295704078623171,0,0,0,0,0,0,0,1,0,0,0,0
-0.03415708753989676,-0.031401142298248,-0.037616515678249196,-0.04862408926462823,0.01278120226119287,-0.4745415784153308,1.0893041658885867,-0.11760633656592408,-0.03141958399752605,0.7852974015175525,0.024915622626065836,-0.0066021999219161975,0.47465919733034273,0.6164214058641446,0.006655044943343901,0.05295704078623171,0,0,0,0,0,0,0,1,0,0,0,0
0.016662920647698067,-0.005816695589868414,-0.040367791805808434,0.024092376127815077,-0.061738376561304514,0.6116359245759017,-1.0987046913418361,0.5569081355167718,-0.28015237727688436,0.007202701863676436,-0.06883164029276663,-0.015264771035380594,0.044568358102731874,1.117718182049229,0.012032451086556652,0.49686958688187344,0,0,0,0,0,0,0,0,1,0,0,0
0.02472016505198275,-0.010752888325240227,0.021552892878513277,-0.018723095791658748,0.03516392445598792,0.02602898869819393,0.16950589423625922,-0.43516044094868395,0.36559327232539124,-0.273146134735952,-0.0009213616840624124,0.003736082771785781,-0.09696219526639449,-0.31063759937288304,0.012032451086556652,0.49686958688187344,0,0,0,0,0,0,0,0,1,0,0,0
0.018454466444257765,-0.0373472295420542,-0.0607589152565993,0.006071377360913403,-0.02782253846361965,0.9230292877195317,0.2910543721571834,-0.1388200181701301,-0.30967089022467553,-0.08335530115888645,-0.019546873544722947,-0.026271472421798066,-0.12270077652732578,-0.19206661904361993,0.012032451086556652,0.49686958688187344,0,0,0,0,0,0,0,0,1,0,0,0
-0.042212331215397705,-0.047210241550500534,-0.05157398274871308,-0.05623810009643563,-0.06660727001638893,-0.046223739437460366,-1.2694939083244827,2.264249352081981,-0.13162273213868353,-0.26413364311014326,-0.07779328627478584,-0.015918275429977344,0.027105184216303074,1.1088610024016021,0.012032451086556652,0.49686958688187344,0,0,0,0,0,0,0,0,1,0,0,0
-0.05977356100603897,-0.03892991650085379,0.004600574681343317,-0.03711196200169222,0.03349813017599325,-0.2257163805470499,1.2348086853156541,-1.4894512532073332,1.2163182773099135,1.0153434616076342,0.009479942325407031,0.0103395879610542,0.08135514337079136,1.2226789240367384,0.012032451086556652,0.49686958688187344,0,0,0,0,0,0,0,0,1,0,0,0
0.009989042582212877,0.0017777958810626163,0.021714031129567348,0.011392192252153597,0.023484337328542822,-0.4982074424532504,-0.7200877108109976,-0.48885246663540116,-0.28409285554112174,-1.427602421393452,0.15308980652544452,0.022659969416253485,0.10330695453507492,-2.936722350205296,0.013911145629507215,0.7971726792304857,0,0,0,0,0,0,0,0,0,1,0,0
0.013054752947170107,0.0018851672306390876,-0.05385555710105253,0.00440795316221168,-0.007944249646961415,-0.026699830463870866,0.7797427994837666,0.9992981283449294,0.4799824574123184,0.8023218631033728,-0.07891890135242488,-0.03519006488919447,-0.06115843294147948,-0.07922775914481935,0.013911145629507215,0.7971726792304857,0,0,0,0,0,0,0,0,0,1,0,0
0.037634725680711655,-0.024104382156256658,0.05987124783674105,0.04000155308377868,0.017956749514099007,-0.8509414604196823,-0.9076339858629833,-0.4237649397505206,-0.7358007609080606,0.06148581742659726,-0.006562751160040399,0.005648904362072387,-0.44819412758075755,0.20328040781479814,0.013911145629507215,0.7971726792304857,0,0,0,0,0,0,0,0,0,1,0,0
0.015071672200471207,0.05085183283772637,0.023272470276821628,0.02736957705190426,-0.006588963384468081,0.954442434218357,-0.6383076108750828,-0.4973286251848911,-0.332859938472389,0.36008187841507205,0.03296046732659451,-0.0069288701802008865,0.3378349181870034,0.884175578529862,0.013911145629507215,0.7971726792304857,0,0,0,0,0,0,0,0,0,1,0,0
0.04054187266056677,0.011053479644341679,-0.0034278321917932683,0.012055304485781411,0.058299392553671045,-0.011806197055142789,0.7158777324987451,0.30984793996577675,0.7045879574167283,0.057425825958954284,0.05219731172234474,0.01986721826245634,0.07240280158599714,-0.05691846902610438,0.0011303997973977507,1.083611766079704,0,0,0,0,0,0,0,0,0,0,1,0
0.00198452502335081,0.011997912053205653,0.12786382403999566,0.06660736310435444,0.03997879010938296,-0.15809360318266225,-0.1457408922421765,1.2350205150440325,0.06509427575851838,-0.2907707726304837,-0.04021031356191275,0.054397589161521806,0.16781814371588213,-1.175152365790444,0.0011303997973977507,1.083611766079704,0,0,0,0,0,0,0,0,0,0,1,0
0.022022057643656764,-0.004054583002834309,0.011516419850002313,-0.017901532051147504,-0.016491653480989975,-0.11640825735360323,-0.412272507906736,-0.7238226498485907,-0.7559489502348489,-0.18775296760992147,-0.10516066233853963,-0.00801617498636649,-0.42618080521005736,0.005231049417552503,0.0011303997973977507,1.083611766079704,0,0,0,0,0,0,0,0,0,0,1,0
0.02490006323363756,0.018852440933877196,0.00513115259221652,0.0013884823932611957,0.030322657705849916,0.007386172795049988,0.9930921965529483,-1.026991085454238,-0.44769787173143727,0.43395515512443267,-0.04861539314299003,0.0007988271478134814,0.22707664522838922,-0.3455568553547555,0.0011303997973977507,1.083611766079704,0,0,0,0,0,0,0,0,0,0,1,0
-0.005252458924996206,-0.005154153714019881,0.009530243783126694,0.013193030988270247,0.03128935148939474,0.42657247871284115,-0.6095227428696721,0.18687686715434804,0.2742537728002803,-0.35731431151404386,0.04736588066154122,0.02400654829367141,0.18694111584531717,5.270286879866563,-0.001776916710170919,1.2552681158348724,0,0,0,0,0,0,0,0,0,0,0,1
-0.005868692590442799,-0.021318356336051517,-0.011844134847048146,-0.016767304962009837,0.0029368630025592775,-0.44846343424766194,1.4997215053132795,-0.017857950290318288,-0.008572187089532552,0.012070396875944652,-0.11881516514333375,0.001224235640868207,0.1517024725752144,-3.9402119314702793,-0.001776916710170919,1.2552681158348724,0,0,0,0,0,0,0,0,0,0,0,1
-0.011245986845889214,-0.04360012683667848,-0.048310446970178285,-0.029780586877617244,-0.05488211678175395,-0.01188998779346342,-0.4177050230543853,-0.6846071631165273,1.4821653011773535,-0.08268367485118025,0.04501488523990965,-0.004514918425091166,-0.4113890461252265,-0.43564301033462827,-0.001776916710170919,1.2552681158348724,0,0,0,0,0,0,0,0,0,0,0,1
0.030915882231289733,0.004939337627503999,-0.027823574452052215,-0.012476438534277092,0.023526679788618575,0.07361324150589553,-0.06642225846094749,0.98676045747368,-0.37072494741721496,0.23831078589999355,0.06853505781200754,0.003290682784222877,-0.241288572886936,-1.1586406543277947,-0.001776916710170919,1.2552681158348724,0,0,0,0,0,0,0,0,0,0,0,1
-0.001299214355863406,-0.002129784354882735,-0.007168547374590805,0.006721591559008201,-0.006711345884679014,-0.8673599102524459,-0.5083803185891769,-0.5300194602714126,-2.5460354990977696,-0.7639967136455997,0.008759968155730064,0.013165322867109853,-0.2224159334357609,0.3364722366212129,-0.001776916710170919,1.2552681158348724,0,0,0,0,0,0,0,0,0,0,0,1
0.076591735288965,0.048624274950419086,0.07265522273701858,0.07512334910633188,0.039763134740373005,1.5331262568448287,0.46886058595855273,-0.7470621848419864,2.286878248153042,0.7564310082549822,-0.08431929206434126,0.02416035494838724,0.4299135639769093,-2.1298329872162416,0.0016155092366545928,1.4580054138018372,1,0,0,0,0,0,0,0,0,0,0,0
0.015403436806384431,0.016117629105670196,0.055307769173930627,0.014615414556570738,0.025105962119173153,-0.4017763079018458,-0.30886445482141817,0.8429863396815384,0.09224601439151184,0.05456268307445615,0.07932300988703792,0.028659537564991767,0.23370596066150956,2.9413979225906615,0.0016155092366545928,1.4580054138018372,1,0,0,0,0,0,0,0,0,0,0,0
-0.002018714584122142,-0.003324815106893701,-0.012512136294967642,-0.01672087834335289,0.012756147844757744,0.023608398644482293,-0.0979730511543724,0.06942772127037113,-1.2113275223323905,-0.39448871795836793,0.017993870915997107,0.004161470788402154,-0.7261073100686115,0.5603406882933712,0.0016155092366545928,1.4580054138018372,1,0,0,0,0,0,0,0,0,0,0,0
0.03145850837346392,0.00562553975298611,0.03422229399395652,0.03223965380054382,0.0026702319408950684,-0.2135736847025465,-0.6001840175350108,-0.003329124868455734,-0.21399456020222532,-0.013114357055724809,-0.020250363087481637,0.0011413496294134032,0.7019460332191344,3.7819407302173373,0.0016155092366545928,1.4580054138018372,1,0,0,0,0,0,0,0,0,0,0,0
0.006276807934692201,-0.0010591381138451213,0.04249532783451969,0.05046715360209695,-0.02020279467002289,0.021097783847803524,0.2688632288865255,0.41794880075330904,1.331023031888394,0.24552550460203004,-0.08223093886593814,-0.034659912016258225,0.1294674478515833,-1.5189706309935116,0.008438868645864604,1.6709008639196827,0,1,0,0,0,0,0,0,0,0,0,0
0.014578548372093911,0.011168461078766189,-0.03723769385812183,-0.007258503215760487,-0.03288548044404691,0.08061558741258251,-1.0823330366651889,0.26994151717856596,-0.9885186053942122,-0.2406768066561247,0.08273283241655423,-5.366808062709786e-05,0.037924885111814,-3.318189787169248,0.008438868645864604,1.6709008639196827,0,1,0,0,0,0,0,0,0,0,0,0
0.02042908576433229,0.03934574864592394,0.002618309635959244,0.027514214166645422,0.006229538118813292,-0.04619535855434701,1.7946328114314891,0.09167043139585807,0.23931290021333254,-0.1990720653049534,-0.043323511310936126,-0.012097805773500832,-0.5261323182976978,0.4320310959923869,0.008438868645864604,1.6709008639196827,0,1,0,0,0,0,0,0,0,0,0,0
-0.006184254857790765,-0.0037341713368508394,-0.03921447806956207,-0.02591630493604913,-0.05570743990959481,-0.2421486111582901,-0.6968021569227645,-0.31876470755248254,0.08378438681250204,0.013149264216589993,-0.0002619762046435758,-0.01731928358842044,0.2608583800802206,-0.008141157583699885,0.008438868645864604,1.6709008639196827,0,1,0,0,0,0,0,0,0,0,0,0
0.024995175711344405,0.010160597613314629,0.022931364133156305,0.060739337294123175,0.0663630607322097,0.7974008978954519,1.101899993525882,-0.8953875426141702,-0.22479172828071456,0.13616813077911596,0.043083593964963404,0.021277926976149917,0.09896591075311463,0.02049694195541795,0.008764996352967349,1.8655886648295437,0,0,1,0,0,0,0,0,0,0,0,0
-0.05228732473702655,-0.00020024921313314397,-0.014647057242726944,-0.02965055186296656,-0.06751269660087796,0.017602502542417357,2.0411916683554616,-0.39700069131773236,0.645211257119763,0.7787090020389893,-0.038377694949054804,0.007709582902341093,0.12503010949292023,-0.5231814081377087,0.008764996352967349,1.8655886648295437,0,0,1,0,0,0,0,0,0,0,0,0
-0.11987311421159816,-0.028019198404314972,0.0014267228833430275,-0.06960728311092752,-0.07470227650494603,1.5808112774355085,-2.9333200027568,1.2231129318015217,0.21341775350762107,0.5306171561091851,-0.13883648084232572,0.056280860686956216,0.09617941794723532,0.39641527258824644,0.008764996352967349,1.8655886648295437,0,0,1,0,0,0,0,0,0,0,0,0
-0.012293079824961766,0.003289011931873229,0.010558923930634985,0.004415049888823005,0.012669479217211418,-0.12445862860268819,0.668258221646755,-0.7761320868484011,-0.9078833258208246,-0.5974932584822951,0.037063128502935465,0.006224836862710375,-0.22298510749195355,-1.120672006732842,0.008764996352967349,1.8655886648295437,0,0,1,0,0,0,0,0,0,0,0,0
0.05258022445177589,0.03404686944092675,0.0456571765406595,0.03835194997903256,0.04445938525608137,-1.1822403849141774,-1.2472205872588802,0.08683429703756881,0.8012379240964306,-0.7182048611335154,0.0885141866906205,-0.0066310767475532455,0.018491055627040245,5.230422537769493,0.008764996352967349,1.8655886648295437,0,0,1,0,0,0,0,0,0,0,0,0
0.02117431633251631,0.02859787851126406,-0.024254420028091934,-0.024498197430512045,-0.031257840270303906,-1.1437680777502786,1.3155180737066194,0.03639663261898038,-0.40128333335232413,0.46281605591892017,0.06435678095128508,0.02155376169089386,-0.31434878629985735,-3.881528985495497,0.006168953445409461,2.050347777898242,0,0,0,1,0,0,0,0,0,0,0,0
0.03623728695763798,-0.0038628460217580325,-0.0007676150693636884,0.041661425212782134,0.030923340290873645,0.7503438949976028,-0.7578589085177722,0.1881744706864149,-0.6129095740257572,-1.001412590061205,0.02230211006298747,-0.004833009731873017,0.24728509365102855,0.2466942417019601,0.006168953445409461,2.050347777898242,0,0,0,1,0,0,0,0,0,0,0,0
-0.006367382543861152,-0.014646595448186485,-0.015171877674572376,-0.04186424389194633,-0.03226798185592307,0.31534012248737253,0.4010683309063856,0.21242622947217027,0.630885965908571,0.057211280714983,-0.0579998426625381,-0.011402264051961148,-0.3400476124263947,-0.9928372339905731,0.006168953445409461,2.050347777898242,0,0,0,1,0,0,0,0,0,0,0,0
-0.01830777411393937,0.007872137719450872,-0.006264814445488154,0.009674300222157758,-0.01884219892977463,-0.33243010472006385,0.1881077852933111,-0.28136352327540015,-0.35228083009981453,0.7169360079461009,-0.014096631186330536,0.005340588898325463,0.5667683365701859,0.4701307829111112,0.006168953445409461,2.050347777898242,0,0,0,1,0,0,0,0,0,0,0,0
-0.003755857483076592,-0.013568801326764416,0.008603843619690528,0.01925038347510028,0.001935390562792937,-0.8239869058381799,-0.9530535169760161,-0.40794595240346376,-0.0503668028890176,-1.0079827545271498,-0.07348704507637957,0.013624689277970321,0.014037436624234026,1.0385702477012426,0.00039415080719954816,2.1940388683774152,0,0,0,0,1,0,0,0,0,0,0,0
0.006964024589661557,-0.01098906002659735,0.005591603262220989,0.0072792040334851375,-0.025096995883691256,0.23185335042425947,0.827216379442557,0.40938063967951815,-0.138519671299963,1.0485716947805606,-0.018390608108416112,-0.001438540091079055,-0.15377802544077923,-1.8525247399989968,0.00039415080719954816,2.1940388683774152,0,0,0,0,1,0,0,0,0,0,0,0
0.017200794389885535,-0.007663607656068588,0.048524829057853054,0.0303159573762853,0.009150524901258056,-0.5415777805618471,-0.24164771468067475,-0.14893070295354124,0.4361681315164458,-0.33146279657838035,0.02133002816541618,-0.01793098690987912,-0.5581444283671888,-1.278927251697196,0.00039415080719954816,2.1940388683774152,0,0,0,0,1,0,0,0,0,0,0,0
-0.0023641118333431028,-0.02065948422914476,0.011735485811819178,-0.007925644413842043,-0.014934949529030503,0.19803192405509462,0.765386618259135,0.1107509314378975,0.38451010785898754,0.11915021118253566,0.015532070777139929,-0.017640906252956976,0.5900632842921546,6.753299569820292,0.00039415080719954816,2.1940388683774152,0,0,0,0,1,0,0,0,0,0,0,0
0.007467215001205312,-0.0336271854465605,0.01159947090569977,0.008611791187662568,0.03158436868692094,-0.38744639586339924,-1.0638796068151317,0.12829259435535662,-0.8817752649483898,0.7173824948880182,-0.012880177104960743,0.004260265049068133,-0.02989890542478867,-1.3088978422405404,0.0026761133641204234,2.3161109384357776,0,0,0,0,0,1,0,0,0,0,0,0
0.007800269737898092,-0.005465494938102071,-0.005493134305971404,0.012949599104411194,0.017412896933398987,0.5508155985423915,2.559875825758628,0.8497701389756668,0.0006747942133782143,-0.9070448937826718,-0.02212759915709358,0.005006870327278885,0.10666843413415551,-3.4003737225659147,0.0026761133641204234,2.3161109384357776,0,0,0,0,0,1,0,0,0,0,0,0
0.013505925251503986,0.0013961689278787698,0.018098860973208127,0.03198671912979643,0.029091068507244463,-0.17365011692643156,-1.9176199203044693,-0.8011047556851358,0.6635149602927135,1.411315060275773,0.02268502554364224,-0.00193844206057512,-0.32401423336854757,-0.21765131815240943,0.0026761133641204234,2.3161109384357776,0,0,0,0,0,1,0,0,0,0,0,0
-0.03404702622815678,-0.016881670302852262,-0.045727144445710924,-0.04305162593742592,-0.08372430037699945,0.26620892398851054,1.1983751271601026,-0.8189223777803926,-0.2970328463478351,-0.9949305919401296,-0.03718315494693591,-0.020271512381757048,0.10899927586468622,-0.09846868961990501,0.0026761133641204234,2.3161109384357776,0,0,0,0,0,1,0,0,0,0,0,0
0.04434256274022781,0.019132588907806655,0.036287584776232,0.037296486495454244,0.005817096330533149,0.6418437648616232,-1.480624451358915,-0.11963355535789823,0.3865685681101106,0.26384225249967086,0.021173833889041992,0.001041612523439529,0.12213384884494728,0.3053816495511819,0.0026761133641204234,2.3161109384357776,0,0,0,0,0,1,0,0,0,0,0,0
-0.01464884564634836,-0.019460092043568532,-0.03852524810578899,-0.02150261326091605,-0.00873845777327781,-0.7138278697180201,-0.11508161365583439,0.09082860019046622,-0.8214928091801739,0.16804504788058858,0.04457487003265142,0.0026511988512858717,-0.06847017712600678,-1.3715586624661376,-0.00039309721800266406,2.414058811709139,0,0,0,0,0,0,1,0,0,0,0,0
0.028587752336753838,0.004900776639721823,0.05858438892688482,0.01704018850825954,0.05686385401768175,-0.07032364294922651,-1.1566467237444649,0.3217457045831458,0.12063893245566173,-0.371212780024178,0.020901049864060647,0.017446355098404382,0.08927866647440351,0.7010942422524773,-0.00039309721800266406,2.414058811709139,0,0,0,0,0,0,1,0,0,0,0,0
0.02413540678904989,-0.0002588836538025156,-0.04672309070924804,-0.0019207106662642482,-0.027979551094234067,-0.748308743978034,3.857695136646343,0.30802747103927175,0.6196448089991501,-0.46399908915806504,0.021641628278074174,0.002140492722293575,-0.40083182743078866,0.09674833920848387,-0.00039309721800266406,2.414058811709139,0,0,0,0,0,0,1,0,0,0,0,0
0.013522165170799324,0.015368139491058568,0.03055212710259591,0.03456210128664101,0.022662861729014442,0.20790662459620526,-2.6806507783530424,-0.545820408644948,0.09701996443231407,-0.13007774414378498,0.04453640665645976,-0.0019874261089989883,0.43268659506885826,5.562430446409001,-0.00039309721800266406,2.414058811709139,0,0,0,0,0,0,1,0,0,0,0,0
-0.012640290467478199,-0.04739469824541187,-0.04139518464143299,-0.03473452024010994,-0.025212996866398354,-0.09876457092726396,-1.1348863802165274,0.96199039131532,-0.5884268397521828,1.0805290530491378,0.027419071945973768,-0.010666792844971554,0.017150852429647125,-4.1501298915421865,0.004785261141541765,2.492228423701419,0,0,0,0,0,0,0,1,0,0,0,0
-0.006950915052253201,0.0011254671244578128,-0.01504695435029706,-0.033307152690386574,-0.034700515810085875,0.2294773024928631,0.5164146692155817,-0.27304244201742656,0.6072394086497427,-0.9662217099307456,0.004457603210535083,-0.013861325722572244,0.08025764075923603,-0.7514044201405636,0.004785261141541765,2.492228423701419,0,0,0,0,0,0,0,1,0,0,0,0
-0.0242616298747642,-0.006092851916933658,-0.02098883217305111,-0.025454940158931308,-0.035361136308470154,-0.2627444486391691,-0.9659295845763256,-0.023394163068601714,-0.5492719821988682,1.0977474983482578,-0.023596356433301567,-0.014109235808540004,-0.39740599150768036,-1.3844407924705677,0.004785261141541765,2.492228423701419,0,0,0,0,0,0,0,1,0,0,0,0
-0.0007799695848486173,0.004065873334413734,0.00046420195317183624,0.002921212013413157,0.019372936521219256,0.5393970158262049,0.0034251416174286677,0.24536571207828298,0.28846127487131484,-1.1465094462114844,-0.017631424615215052,0.013167787607139797,0.1944483674523266,1.5975152674771942,0.004785261141541765,2.492228423701419,0,0,0,0,0,0,0,1,0,0,0,0
0.009705771888931118,0.030635005317485486,0.027925905043538955,-0.01192112743221759,0.04721750781433127,-0.7730918794920251,0.42204954343621637,-0.13836784855760378,0.564059280846974,0.07230556923580778,0.06920163941578303,0.014905920411112715,0.0489282427969078,0.3455690231098569,0.0025792346941452492,2.564092615204573,0,0,0,0,0,0,0,0,1,0,0,0
-0.02728454364316857,0.006428915753456358,-0.016845457958037848,0.0029476557813280795,-0.030285682439852264,0.576147333123728,2.3189080057683555,-0.5100677609028887,-0.30779019139320624,-0.15486618699808544,0.02265206094859726,-0.011093382131661228,-0.20054411955332926,-2.3015244600503526,0.0025792346941452492,2.564092615204573,0,0,0,0,0,0,0,0,1,0,0,0
0.04185903973288909,0.023401572390479398,-0.020564974204704708,0.027935779885457673,0.06729369378648256,0.48313115232776477,-1.052971664146113,0.5952019531176154,-0.11694595122888506,0.328572094995931,0.03657570059666985,0.002758871530221852,0.20072379082946942,0.7630818934162606,0.0025792346941452492,2.564092615204573,0,0,0,0,0,0,0,0,1,0,0,0
0.002281935319520697,0.003706830519843295,-0.018606743097667723,-0.005201299236347741,-0.02536315163618703,0.21249575448828953,-1.0895899037902583,0.8328549489058018,-1.441961897143393,-0.34504036558606827,-0.00818586299414498,0.000883361494126955,-0.12823305917501768,-1.371576188645869,0.0025792346941452492,2.564092615204573,0,0,0,0,0,0,0,0,1,0,0,0
0.009452429873250956,-0.03288155827709163,-0.003986812710520171,-0.014490403288364635,0.020589853438973266,-0.06203510936300626,1.27438019509841,-0.8165347320638068,0.2733910198683729,-0.48381529728036743,0.008406222906139762,-0.040975679942508614,0.29488605681288343,4.8038613555944405,0.0025792346941452492,2.564092615204573,0,0,0,0,0,0,0,0,1,0,0,0
-0.0054083904413654614,-0.015523109514178289,0.007958037212646074,-0.01322333063351328,-0.032967089073478346,-1.017026696465106,-0.10178392506326793,-0.30571390670066473,0.9804111053995286,0.23140768680675775,-0.09224186525853303,-0.009732847279194877,0.07971373658814097,-1.6089057144438912,0.0012481474434169137,2.6271995720705252,0,0,0,0,0,0,0,0,0,1,0,0
-0.0029049571003790966,0.014976708734424107,-0.0022220058899833995,0.01377044439312639,0.01436512059093193,0.7475114535537112,-1.3175558778306988,-0.17891100227845477,-0.4444633449655445,0.3263943005757583,0.05750060342345058,0.051746733281866665,-0.07193899360975507,-1.7989681508249984,0.0012481474434169137,2.6271995720705252,0,0,0,0,0,0,0,0,0,1,0,0
-0.03337329997280181,-0.03010719912056447,-0.04217079638155174,-0.04490945043953263,-0.061167168241706565,0.03325201999895525,1.1302754609152295,0.4199157227641365,-0.6230199480290021,0.2256025890791264,0.01201553272293114,0.028186717424978698,-0.7513786912984378,1.477283614358165,0.0012481474434169137,2.6271995720705252,0,0,0,0,0,0,0,0,0,1,0,0
-0.02264037851503289,-0.006417706001178046,0.013356637130951384,-0.04512920860055698,0.03772601006268104,-0.29588417197527345,0.9576628284122082,-0.4455277464106276,0.8879683335423089,-0.389188295229247,-0.03683931485384776,0.0030721867599599853,0.6775073510250479,-0.8829091930575681,0.0012481474434169137,2.6271995720705252,0,0,0,0,0,0,0,0,0,1,0,0
0.03181608927567684,0.042650622722164994,0.05295447870233148,0.05954248878411792,0.029297360253866957,-0.25187388943117095,-1.0151538670830107,-0.26207004880528995,0.8136716555683361,-0.7261755448732476,-0.06060268665606012,0.001457262352736019,-0.0012228884424744168,-1.2191720240593324,-0.003983913405002372,2.6300815385680365,0,0,0,0,0,0,0,0,0,0,1,0
-0.0013056912405835642,-0.007075790007187481,0.021364230165424172,-0.016899572060430818,-0.03454666396907917,0.2192104700227203,-1.852920313492154,-0.22484248842282084,-0.7233528845928369,-0.44671640765623066,-0.04237067010365148,-0.030021889689245924,-0.07029517545419346,0.5514313786919336,-0.003983913405002372,2.6300815385680365,0,0,0,0,0,0,0,0,0,0,1,0
0.04070698401432741,0.007736680343978112,0.04649907165940685,0.0421843922066562,0.05965104701555711,0.30957539819508845,1.0488910881725177,0.943304550247718,-0.5643442903117972,1.2453191865167375,-0.016725841368726607,0.025038352922318072,-0.4770611800178695,-0.7611519096740027,-0.003983913405002372,2.6300815385680365,0,0,0,0,0,0,0,0,0,0,1,0
0.0048801584518807645,0.016054462102718506,0.010684467192122824,0.0018342472297618957,-0.0023047782569078573,-0.6585259903331709,-1.0975374951902697,-0.43959890713225097,0.7625205338700828,-0.49738358799013993,-0.004622585969159544,0.010341964743375422,0.13103190728703998,3.155580974495887,-0.003983913405002372,2.6300815385680365,0,0,0,0,0,0,0,0,0,0,1,0
0.012898612175012411,0.014733758101174377,0.022999345504282218,0.019418122323173793,0.037280008466389986,0.832520486163911,2.2434027385155617,-0.035952173797775676,0.34891762105430085,1.0731804427981726,-0.019651741498981495,0.03378503079743768,0.43161559255765913,3.418011251498955,0.001486058699040841,2.602312980421567,0,0,0,0,0,0,0,0,0,0,0,1
0.02061185504657,0.01272977192313186,0.018770025351368458,0.042402356146224625,-0.03710257200051473,-1.06682983808941,-1.4377714989917725,-0.824721625397507,-2.462916623077032,-1.2362083983193943,-0.039096462786750434,-0.0357347388735089,0.004993306793424728,-4.434397902135312,0.001486058699040841,2.602312980421567,0,0,0,0,0,0,0,0,0,0,0,1
-0.003991493998021529,-0.028222237243703055,0.029719322462334934,0.01096466147239086,0.022113981005646086,0.9060488160777722,0.7925582003333309,1.9473653906728807,0.6489071622686898,1.5474182745421186,0.0028038283209087934,0.011345062033056994,-0.3572781409323011,0.42147237181000624,0.001486058699040841,2.602312980421567,0,0,0,0,0,0,0,0,0,0,0,1
0.005800506146111913,0.013248072493522136,-0.02820527228054911,-0.026590053333880783,0.020105443672442255,-0.3395581127049057,-0.9477118435453266,-0.16599343764150956,-0.03087987791906423,-0.47713549360339885,0.029383413107544994,0.017655365876072335,-0.19399836444671403,-0.999796749870346,0.001486058699040841,2.602312980421567,0,0,0,0,0,0,0,0,0,0,0,1
0.003728404216465544,-0.0055793562499255244,0.006989680195278209,-0.000525081682534495,-0.0010212379802714661,-1.4501681898020502,-1.365148718344004,-1.2715522812321791,-1.2255962847981143,-1.643804893979663,-0.0263081909763347,0.002573034402936715,-0.1132757934021691,-0.2171351990980953,0.001486058699040841,2.602312980421567,0,0,0,0,0,0,0,0,0,0,0,1
0.02173105975580929,0.022343675300679395,-0.046259899383587336,-0.014282084959861996,-0.01717660577193985,1.2515986391762157,1.8304184057842001,0.5870222101448488,2.3279033761730523,1.316579089912262,0.02970101513458999,-0.009744706953252504,0.352214222278311,-1.5715186775718066,-0.0016426144723547967,2.5966769268923438,1,0,0,0,0,0,0,0,0,0,0,0
-0.027872187765109368,0.0007362831649040707,0.01631583515436647,-0.009815430931364494,-0.02704292007662906,0.5818769555545936,0.0557844172300646,0.24829440668234215,-0.16805365912661077,-0.32939522675091853,-0.015427942978190196,0.0021031172475132437,0.3447599784515996,1.5972711736742213,-0.0016426144723547967,2.5966769268923438,1,0,0,0,0,0,0,0,0,0,0,0
-0.021061144508348905,-0.0002776072630123812,0.025304921097643148,-0.0333458201241561,-0.04450482210259243,-0.23296133207364247,-0.48386577928795643,-0.6816093561281498,0.9803605164947375,0.8054007522142607,0.00999396828152398,-0.00991854906003857,-0.7275408013825587,0.7874296110446172,-0.0016426144723547967,2.5966769268923438,1,0,0,0,0,0,0,0,0,0,0,0
0.029757839789757122,0.020147600762899485,0.0758921801621511,0.021466795877285758,0.040038233474779715,-0.9826931545886703,-0.7121117669857978,0.9463577450844478,0.25589277710611175,0.6133729519203189,0.0607768349758901,-0.004798045983960789,0.6165852053370064,-0.9788318204743183,-0.0016426144723547967,2.5966769268923438,1,0,0,0,0,0,0,0,0,0,0,0
-0.0001206486830527835,-0.027381632474011028,0.004192713923115911,0.051129928851426726,-0.02265615221730823,0.5575915700380716,1.5104389711160167,-0.06379993500336757,-0.0374239229680777,-1.319226389671192,-0.0762896021487856,0.00952408030281904,0.2038728808648029,5.332266997645611,0.005776302065008362,2.595176682427731,0,1,0,0,0,0,0,0,0,0,0,0
-0.017652120343800832,-0.03211402180277218,0.04098935739558709,0.02149888970127504,-0.029014424877362666,-0.13244409238806512,0.43932748049356224,-0.20982765726024746,-0.6917201944291038,0.1963502539884841,0.06117784140596609,-0.006306335469158739,-0.23421048227115146,-5.074386060102292,0.005776302065008362,2.595176682427731,0,1,0,0,0,0,0,0,0,0,0,0
0.02522566322165843,0.007469343350435432,-0.0045129959807244345,0.030423751863184165,0.027730416716057704,-0.07314059642797212,-0.12813680657562201,0.4372528022123513,0.6277791412086245,0.3345090828647743,0.030124768810588426,-0.005849153528219694,-0.38066153475004144,0.8846045582497426,0.005776302065008362,2.595176682427731,0,1,0,0,0,0,0,0,0,0,0,0
0.017569268366238122,0.011100331624910026,-0.0006114269061242236,0.03365038308290469,-0.032269912428421595,0.27018994721485223,0.16971116075879247,-0.5191721626483062,-2.449125140227328,-0.3233622675771096,-0.03469007364650755,0.013382573368573038,0.2539571215881119,-0.16665732486295404,0.005776302065008362,2.595176682427731,0,1,0,0,0,0,0,0,0,0,0,0
0.014718222718764705,-0.0019497881185655212,0.012641458491538613,0.011178609375295271,-0.002467521768651838,0.2852285423000515,1.0802212658094823,-0.23836659210864178,2.564013665782152,1.2194826830707637,0.044491594202769366,0.023416378707480763,0.07537096771703064,0.4374644554259368,0.006594027228701673,2.594593427303231,0,0,1,0,0,0,0,0,0,0,0,0
0.01804123573337422,0.005946248224495422,0.010573254805285967,-0.010862022015547767,0.011901581199238022,1.7963615933289108,-2.3001874163714415,0.2601566935915815,-1.9329762975155125,-0.7727588434572643,-0.024814528624030944,0.04300284900767933,0.21853396382371024,-0.20159602170565294,0.006594027228701673,2.594593427303231,0,0,1,0,0,0,0,0,0,0,0,0
0.02818341775161787,-0.002482429869188783,-0.03354301747330486,0.011800996207825841,0.017867573007441316,-1.088673454478657,-0.7536824119345747,-0.833517352771152,0.16775180608030416,-0.5973226204315999,0.03810582025337505,-0.00982505106311233,-0.2964823858430418,-0.4265618514337959,0.006594027228701673,2.594593427303231,0,0,1,0,0,0,0,0,0,0,0,0
0.0319251202908978,-0.0008648040352667761,0.02006674042064643,0.020743727356602067,0.02729420779256151,0.6078257355284186,0.37622468030365047,0.7158073967643112,-0.3985327664345239,0.29199141688445757,-0.005072116604746807,0.00037078778798432636,-0.3531513179032991,-2.678839823002409,0.006594027228701673,2.594593427303231,0,0,1,0,0,0,0,0,0,0,0,0
0.01806648622023317,0.020552979233394147,-0.006197408847591305,0.006262009339180651,0.005727709474284997,-1.7364308096730932,-0.06945411913979506,-0.3858404605872456,0.6093767665850732,0.23591012026064023,0.031015929231879843,0.027107044098921024,0.06631061591360783,7.487479224310831,0.006594027228701673,2.594593427303231,0,0,1,0,0,0,0,0,0,0,0,0
0.016814254960678694,-0.026519330061572064,-0.0024407841081663622,-0.0024390639906091715,0.030062934225035403,0.3246942270196352,0.18183792470763027,0.2122759935394872,-0.128164520837603,0.7950572489866493,0.04398645872138026,0.04768575368381792,0.45394819834902106,-4.923112787297161,0.005859241186314569,2.5686432527801903,0,0,0,1,0,0,0,0,0,0,0,0
-0.015025344867591415,-0.0031603324459912757,-0.007604626516208222,-0.003822945348571613,0.043381846276973605,0.4357228392393695,0.7897506440540213,0.7945175838808511,1.084213265319517,-0.1916389219045028,-0.014487127647259384,0.013029083107580209,0.0793182667212594,-0.03440434217347739,0.005859241186314569,2.5686432527801903,0,0,0,1,0,0,0,0,0,0,0,0
0.006468864875948539,0.00922051116675861,-0.060408371768625846,-0.01590642886863055,-0.01586825289987657,-0.6061011118276161,-0.38160164605164365,0.4226366218541586,-1.5686570625578469,0.23433172281807704,-0.029860088455668593,0.017751676542316113,-0.6040475366638627,0.2683349841097961,0.005859241186314569,2.5686432527801903,0,0,0,1,0,0,0,0,0,0,0,0
0.03757763579087905,0.01824412644856305,0.04707952781209587,0.006671385262083073,0.03559100049526858,0.0916631529484368,-0.9860975944760902,-0.5037422533359788,0.8317301167435945,-0.5972480574251959,0.008503543588255712,-0.02687555238825385,0.4366407673232693,-0.05063773975273226,0.005859241186314569,2.5686432527801903,0,0,0,1,0,0,0,0,0,0,0,0
-0.0030275635580435997,-0.0032143818619765037,-0.015363529479259405,-0.032372374922097026,0.006968616673922072,-0.4488228367161049,-0.025055306342147247,-0.3843510071843526,-0.21153949773232916,0.19059596350121696,-0.07091137263529051,-0.015452009479648006,0.1798129714072449,-0.9334270141171424,0.0018431769291608524,2.5162552530882736,0,0,0,0,1,0,0,0,0,0,0,0
0.02923291694455606,0.009612416880728518,0.04151210741383743,-0.0038407115075342045,0.023620634596285217,0.44662167980877415,0.9151757761495505,0.05484126402344294,0.990475417617727,-0.39124789142745126,0.0019185466426412884,0.0292758400579997,-0.19451189225120893,-1.5671355327434109,0.0018431769291608524,2.5162552530882736,0,0,0,0,1,0,0,0,0,0,0,0
0.020403985433938846,0.033859069061518365,0.007398868488666694,0.013061725544208461,0.023383767883443117,-0.4535426594751642,0.6268861756676752,0.605748139050332,-0.5388524829493727,-0.09440618052884772,0.0227396789908724,0.018789088085806697,-0.21230706246540007,0.4648126646787656,0.0018431769291608524,2.5162552530882736,0,0,0,0,1,0,0,0,0,0,0,0
-0.006029277006987418,-0.014385755547097685,0.01677691675141145,-0.019657032400819723,-0.01850610267262254,0.20777476335903647,0.22846872281783975,-0.2249578791767185,0.9203472588010182,0.19442035491302276,-0.02966368285405864,-0.03359852018548894,0.12087953362241137,0.8285355839316806,0.0018431769291608524,2.5162552530882736,0,0,0,0,1,0,0,0,0,0,0,0
