Date,EXV1.DE,EXV2.DE,EXV3.DE,EXV5.DE,EXV6.DE
2014-06-06,13.771135330200195,19.41364288330078,25.20799446105957,36.41072082519531,27.72875213623047
2014-06-09,13.872105598449707,19.574615478515625,25.270654678344727,36.341800689697266,27.948606491088867
2014-06-10,13.79588794708252,19.516658782958984,25.369117736816406,36.17639923095703,27.788707733154297
2014-06-11,13.662346839904785,19.36212730407715,25.22589683532715,36.00410079956055,27.802034378051758
2014-06-12,13.637598991394043,19.42008399963379,25.324369430541992,36.00410079956055,27.362329483032227
2014-06-13,13.611536979675293,19.381446838378906,25.234846115112305,35.74220275878906,27.44226837158203
2014-06-16,13.491025924682617,19.19471549987793,25.216943740844727,35.61814498901367,27.482248306274414
2014-06-17,13.539883613586426,19.18827247619629,25.34227180480957,35.83867645263672,27.588848114013672
2014-06-18,13.48125171661377,19.3492431640625,25.440732955932617,35.8455810546875,27.72875213623047
2014-06-19,13.476694107055664,19.4007625579834,25.50339698791504,36.10748291015625,27.948606491088867
2014-06-20,13.321653366088867,19.226911544799805,25.41387939453125,36.0109977722168,28.015222549438477
2014-06-23,13.271491050720215,19.143205642700195,25.458635330200195,35.63882827758789,28.30170440673828
2014-06-24,13.170523643493652,19.123886108398438,25.33331298828125,35.65260696411133,28.101850509643555
2014-06-25,13.056524276733398,18.99510383605957,24.930490493774414,35.3975944519043,27.648807525634766
2014-06-26,12.90343952178955,19.16252326965332,24.849924087524414,35.1839485168457,27.83534049987793
2014-06-27,12.907999992370605,19.13032341003418,24.867826461791992,35.26664733886719,27.775390625
2014-06-30,12.805724143981934,19.072372436523438,24.814111709594727,35.135704040527344,27.70210838317871
2014-07-01,13.05456829071045,19.28485870361328,25.109521865844727,35.62504196166992,28.401649475097656
2014-07-02,13.076064109802246,19.04661750793457,25.181135177612305,35.8455810546875,28.64815330505371
2014-07-03,13.2161226272583,19.18827247619629,25.485490798950195,36.15572738647461,29.267757415771484
2014-07-04,13.067598342895508,19.143205642700195,25.476537704467773,36.02476119995117,29.28108787536621
2014-07-07,12.9132080078125,19.02729606628418,25.31541633605957,35.56990432739258,29.054567337036133
2014-07-08,12.627886772155762,18.71822738647461,24.876781463623047,34.908267974853516,28.861345291137695
2014-07-09,12.663718223571777,18.71822738647461,24.867826461791992,34.89448165893555,28.887996673583984
2014-07-10,12.504117012023926,18.563690185546875,24.626131057739258,34.5567741394043,28.641498565673828
2014-07-11,12.55296802520752,18.563690185546875,24.57242202758789,34.63947296142578,28.5948543548584
2014-07-14,12.706055641174316,18.711788177490234,24.787267684936523,35.018531799316406,28.901321411132812
2014-07-15,12.633583068847656,18.731962203979492,24.4833927154541,34.886253356933594,29.091005325317383
2014-07-16,12.89763069152832,18.986858367919922,24.68185806274414,35.420806884765625,29.89965057373047
2014-07-17,12.707514762878418,18.745031356811523,24.708913803100586,34.93548583984375,29.380775451660156
2014-07-18,12.706195831298828,18.75810432434082,25.18704605102539,34.54865646362305,29.434675216674805
2014-07-21,12.634904861450195,18.666601181030273,25.15095329284668,34.18291473388672,29.46163558959961
2014-07-22,12.778812408447266,18.967256546020508,25.565927505493164,34.527557373046875,30.18942642211914
2014-07-23,12.826339721679688,18.941112518310547,25.574953079223633,34.62602615356445,30.30396842956543
2014-07-24,13.080490112304688,18.999937057495117,25.746349334716797,34.858123779296875,30.28376579284668
2014-07-25,13.096996307373047,19.039148330688477,25.448650360107422,34.239166259765625,30.52635383605957
2014-07-28,13.09039306640625,19.045684814453125,25.268232345581055,33.55693435668945,30.398319244384766
2014-07-29,13.145184516906738,19.143718719482422,25.367464065551758,33.669464111328125,30.620698928833008
2014-07-30,13.176209449768066,19.143718719482422,25.674179077148438,33.331851959228516,30.2635440826416
2014-07-31,12.912158012390137,18.856142044067383,25.322357177734375,32.74807357788086,29.751401901245117
2014-08-01,12.707514762878418,18.63392448425293,24.94347381591797,32.2908935546875,29.205570220947266
2014-08-04,12.793333053588867,18.562028884887695,24.663818359375,32.43861770629883,29.326868057250977
2014-08-05,12.691014289855957,18.548952102661133,24.880321502685547,32.12208938598633,29.347078323364258
2014-08-06,12.529282569885254,18.424776077270508,24.74500846862793,31.728219985961914,29.495332717895508
2014-08-07,12.351046562194824,18.28098487854004,24.717941284179688,31.116300582885742,29.091005325317383
2014-08-08,12.403858184814453,17.973796844482422,24.55555534362793,31.256959915161133,29.111225128173828
2014-08-11,12.47317123413086,18.202556610107422,24.970535278320312,31.99549102783203,29.839006423950195
2014-08-12,12.46987247467041,18.15680503845215,24.826202392578125,31.559404373168945,29.825529098510742
2014-08-13,12.641502380371094,18.294057846069336,24.80815315246582,31.749311447143555,29.448171615600586
2014-08-14,12.648106575012207,18.24176788330078,24.916406631469727,31.946247100830078,29.33360481262207
2014-08-15,12.564265251159668,18.261375427246094,24.81717872619629,31.482040405273438,29.23926544189453
2014-08-18,12.717418670654297,18.444381713867188,25.20508575439453,32.03065490722656,29.690757751464844
2014-08-19,12.763629913330078,18.529346466064453,25.448650360107422,32.52299880981445,29.198833465576172
2014-08-20,12.749104499816895,18.4639892578125,25.502782821655273,32.452667236328125,29.374042510986328
2014-08-21,12.892354965209961,18.640451431274414,25.719289779663086,32.93094253540039,29.25273323059082
2014-08-22,12.910839080810547,18.68621253967285,25.69222068786621,32.656639099121094,29.01688003540039
2014-08-25,13.169609069824219,18.9934024810791,26.08013343811035,33.24042892456055,29.45490074157715
2014-08-26,13.260708808898926,18.88882064819336,26.1162166595459,33.4725227355957,29.326868057250977
2014-08-27,13.298333168029785,18.973791122436523,26.10719871520996,33.31074905395508,29.40773582458496
2014-08-28,13.156405448913574,18.98032569885254,25.926774978637695,32.83247375488281,28.747333526611328
2014-08-29,13.179510116577148,18.9934024810791,26.1162166595459,32.677738189697266,29.01013946533203
2014-09-01,13.128682136535645,18.967256546020508,26.053070068359375,32.43157196044922,29.07080078125
2014-09-02,13.120097160339355,18.921504974365234,26.251541137695312,32.52299880981445,29.151653289794922
2014-09-03,13.341241836547852,18.967256546020508,26.260560989379883,33.099754333496094,29.306652069091797
2014-09-04,13.597373008728027,19.1633358001709,26.53119659423828,33.61319351196289,29.751401901245117
2014-09-05,13.592090606689453,19.078359603881836,26.422935485839844,33.90860366821289,29.374042510986328
2014-09-08,13.501651763916016,18.999937057495117,26.702594757080078,33.82419967651367,29.117979049682617
2014-09-09,13.387451171875,18.999937057495117,26.50412368774414,33.51472854614258,28.929277420043945
2014-09-10,13.443560600280762,18.93457794189453,26.40489959716797,33.24745178222656,28.828197479248047
2014-09-11,13.392730712890625,18.869216918945312,26.54021644592285,33.085689544677734,28.740591049194336
2014-09-12,13.425735473632812,18.908430099487305,26.58531951904297,32.9520378112793,28.679956436157227
2014-09-15,13.353126525878906,18.771177291870117,26.630428314208984,32.79731750488281,28.545175552368164
2014-09-16,13.30493450164795,18.745031356811523,26.359786987304688,32.70587921142578,28.511484146118164
2014-09-17,13.458745956420898,18.928035736083984,26.54021644592285,32.77619552612305,28.72039031982422
2014-09-18,13.62377643585205,19.052223205566406,26.901060104370117,33.07161331176758,28.821468353271484
2014-09-19,13.677909851074219,19.29404640197754,26.639448165893555,32.98017120361328,28.70016860961914
2014-09-22,13.529379844665527,19.19601821899414,26.558256149291992,32.396392822265625,27.857824325561523
2014-09-23,13.364343643188477,18.960716247558594,26.143280029296875,31.587549209594727,27.87804412841797
2014-09-24,13.452146530151367,19.261369705200195,26.278596878051758,31.826677322387695,28.464317321777344
2014-09-25,13.380852699279785,19.156795501708984,26.06209373474121,31.425762176513672,27.871299743652344
2014-09-26,13.483171463012695,19.202547073364258,26.18838882446289,31.53830909729004,27.810659408569336
2014-09-29,13.26730728149414,19.18947410583496,26.161325454711914,31.341367721557617,27.568052291870117
2014-09-30,13.399334907531738,19.222156524658203,26.18838882446289,31.1655330657959,27.68935203552246
2014-10-01,13.377549171447754,19.091440200805664,25.88167381286621,30.785720825195312,27.345685958862305
2014-10-02,12.915454864501953,18.666601181030273,25.421594619750977,30.21600341796875,26.617902755737305
2014-10-06,13.248823165893555,18.88882064819336,25.809499740600586,30.244140625,26.914400100708008
2014-10-07,13.027679443359375,18.71235466003418,25.250194549560547,30.02610206604004,26.806589126586914
2014-10-08,12.907538414001465,18.581636428833008,24.636754989624023,29.561887741088867,26.220319747924805
2014-10-09,12.76891040802002,18.35287857055664,24.717941284179688,29.597055435180664,26.516813278198242
2014-10-10,12.65140438079834,18.11758804321289,24.221778869628906,28.753026962280273,25.809255599975586
2014-10-13,12.694315910339355,18.065298080444336,24.050373077392578,28.98514747619629,26.577463150024414
2014-10-14,12.659985542297363,18.045684814453125,24.34807777404785,29.582984924316406,26.90766716003418
2014-10-15,12.125651359558105,17.446998596191406,23.48862075805664,28.696762084960938,25.896825790405273
2014-10-16,11.966628074645996,17.281217575073242,23.624502182006836,29.111740112304688,26.079622268676758
2014-10-17,12.359552383422852,17.679094314575195,24.14988899230957,30.11753273010254,26.438451766967773
2014-10-20,12.386058807373047,17.626047134399414,23.579206466674805,29.653329849243164,26.201496124267578
2014-10-21,12.708745956420898,18.010662078857422,23.950607299804688,30.187870025634766,26.871763229370117
2014-10-22,12.841264724731445,18.103498458862305,24.15894889831543,30.518449783325195,26.628021240234375
2014-10-23,12.987040519714355,18.32896614074707,24.430702209472656,30.53955078125,26.519704818725586
2014-10-24,13.023483276367188,18.527904510498047,24.240476608276367,30.34964370727539,26.262428283691406
2014-10-27,12.745190620422363,18.355491638183594,24.050249099731445,29.892457962036133,25.896825790405273
2014-10-28,12.883013725280762,18.859468460083008,24.303878784179688,30.36370849609375,26.51293182373047
2014-10-29,12.700793266296387,18.978836059570312,24.331066131591797,30.70132064819336,26.43168830871582
2014-10-30,12.702119827270508,19.051782608032227,24.648109436035156,30.849023818969727,26.19471549987793
2014-10-31,13.036733627319336,19.32366180419922,25.255027770996094,31.629743576049805,26.45876693725586
2014-11-03,12.909515380859375,19.310407638549805,25.30937957763672,31.51720428466797,26.445232391357422
2014-11-04,12.702119827270508,19.038516998291016,24.91986083984375,31.207740783691406,26.160869598388672
2014-11-05,12.92740535736084,19.48281478881836,25.35466957092285,31.636764526367188,26.45876693725586
2014-11-06,12.831327438354492,19.34355926513672,25.671720504760742,31.93921661376953,26.472307205200195
2014-11-07,12.659049034118652,19.244091033935547,25.22785186767578,31.559404373168945,26.93269920349121
2014-11-10,12.712061882019043,19.416507720947266,25.436193466186523,31.83371925354004,26.88530921936035
2014-11-11,12.71735954284668,19.8276424407959,25.553951263427734,31.728219985961914,26.69573402404785
2014-11-12,12.420515060424805,19.741439819335938,25.30937957763672,31.186628341674805,26.756668090820312
2014-11-13,12.50002384185791,19.814376831054688,25.445253372192383,31.278064727783203,26.69573402404785
2014-11-14,12.555021286010742,19.9072208404541,25.30937957763672,31.475006103515625,26.641559600830078
2014-11-17,12.664352416992188,20.086267471313477,25.49054718017578,31.51720428466797,26.83113670349121
2014-11-18,12.733924865722656,20.145944595336914,25.8166446685791,32.03065490722656,26.60772132873535
2014-11-19,12.741876602172852,20.192363739013672,25.798532485961914,31.99549102783203,26.181184768676758
2014-11-20,12.606040954589844,20.205629348754883,25.93441390991211,32.129119873046875,25.768184661865234
2014-11-21,12.8843355178833,20.570354461669922,26.468854904174805,33.022377014160156,27.284746170043945
2014-11-24,12.996975898742676,20.669822692871094,26.52322006225586,33.45845413208008,26.78375244140625
2014-11-25,13.112934112548828,20.676454544067383,26.57756805419922,33.90860366821289,26.668649673461914
2014-11-26,13.11624526977539,20.795820236206055,26.568500518798828,33.901573181152344,26.864999771118164
2014-11-27,13.169256210327148,20.92180824279785,26.677207946777344,34.14773941040039,26.56032943725586
2014-11-28,13.224249839782715,21.20033073425293,26.75873374938965,34.267311096191406,26.15410804748535
2014-12-01,13.01022720336914,20.974864959716797,26.73155975341797,34.34467697143555,25.903587341308594
2014-12-02,13.141423225402832,21.100858688354492,26.613792419433594,34.21104431152344,26.2082576751709
2014-12-03,13.275273323059082,21.19369888305664,26.858369827270508,34.40094757080078,26.60772132873535
2014-12-04,12.993666648864746,20.988126754760742,26.695322036743164,34.14773941040039,25.957752227783203
2014-12-05,13.38327693939209,21.545156478881836,27.211660385131836,35.18167495727539,25.86297035217285
2014-12-08,13.344843864440918,21.458948135375977,27.25695037841797,34.858123779296875,25.632774353027344
2014-12-09,12.930713653564453,20.868759155273438,26.568500518798828,34.12664031982422,25.206247329711914
2014-12-10,12.864458084106445,20.709604263305664,26.640974044799805,33.92970657348633,24.86772346496582
2014-12-11,12.8333158493042,20.82233428955078,26.78591537475586,34.05630874633789,24.461496353149414
2014-12-12,12.475509643554688,20.179100036621094,26.197111129760742,33.1560173034668,23.737056732177734
2014-12-15,12.128965377807617,19.821008682250977,25.49054718017578,32.23463439941406,22.999088287353516
2014-12-16,12.331060409545898,20.159210205078125,25.94346809387207,33.12788391113281,23.804767608642578
2014-12-17,12.250222206115723,20.13268280029297,25.94346809387207,33.05754852294922,24.156829833984375
2014-12-18,12.606040954589844,20.64992332458496,26.994245529174805,34.070377349853516,24.62398338317871
2014-12-19,12.615985870361328,20.669822692871094,27.08483123779297,34.21104431152344,25.165616989135742
2014-12-22,12.655735969543457,20.75602912902832,27.30223846435547,34.31654739379883,24.901565551757812
2014-12-23,12.755126953125,20.84886932373047,27.564931869506836,34.633056640625,25.152084350585938
2014-12-29,12.74055004119873,20.775920867919922,27.62834358215332,34.66822814941406,25.531219482421875
2014-12-30,12.661038398742676,20.550457000732422,27.5196475982666,34.295440673828125,25.361963272094727
2015-01-02,12.727299690246582,20.50403594970703,27.55587387084961,33.88750076293945,25.463516235351562
2015-01-05,12.314495086669922,19.920480728149414,27.057666778564453,32.902809143066406,24.37347412109375
2015-01-06,12.12234115600586,19.71491241455078,26.559444427490234,32.95907974243164,24.644298553466797
2015-01-07,12.109090805053711,19.986791610717773,26.62285614013672,33.134910583496094,24.86094856262207
2015-01-08,12.333047866821289,20.570354461669922,27.338481903076172,34.37984848022461,25.524456024169922
2015-01-09,11.965303421020508,20.311729431152344,27.003313064575195,34.02113723754883,25.179161071777344
2015-01-12,12.016325950622559,20.55708885192871,27.447174072265625,34.6119499206543,24.901565551757812
2015-01-13,12.20715618133545,20.915184020996094,27.537755966186523,35.38563919067383,24.881269454956055
2015-01-14,11.976568222045898,20.80907440185547,27.293182373046875,34.766700744628906,23.574567794799805
2015-01-15,12.219035148620605,21.190208435058594,27.64299964904785,35.561485290527344,24.25760269165039
2015-01-16,12.257634162902832,21.424243927001953,27.697383880615234,36.28593063354492,25.02778434753418
2015-01-19,12.357462882995605,21.53122901916504,27.878643035888672,36.60947036743164,24.686996459960938
2015-01-20,12.57176399230957,21.785327911376953,27.77894401550293,36.7360725402832,25.245906829833984
2015-01-21,12.644968032836914,21.992616653442383,27.933032989501953,37.04555130004883,25.443565368652344
2015-01-22,13.00767993927002,22.35369873046875,28.395254135131836,38.09355163574219,26.056983947753906
2015-01-23,12.957764625549316,22.83514404296875,28.902790069580078,39.10637283325195,25.723012924194336
2015-01-26,13.022987365722656,22.962186813354492,29.20188331604004,39.66202163696289,26.022905349731445
2015-01-27,12.867923736572266,22.821765899658203,28.812162399291992,38.7828254699707,25.852508544921875
2015-01-28,12.676915168762207,22.84182357788086,28.948104858398438,39.24000930786133,26.084251403808594
2015-01-29,12.71684741973877,22.92875099182129,28.939048767089844,39.34550857543945,25.709379196166992
2015-01-30,12.591731071472168,22.647907257080078,28.902790069580078,39.21188735961914,26.050174713134766
2015-02-02,12.630330085754395,22.4874324798584,28.667150497436523,39.57761764526367,26.227380752563477
2015-02-03,12.943123817443848,22.7883358001709,28.866540908813477,40.196571350097656,27.133886337280273
2015-02-04,12.983055114746094,22.92875099182129,29.102191925048828,40.5341796875,27.038469314575195
2015-02-05,12.917829513549805,22.93543815612793,29.238128662109375,40.80145263671875,27.44060707092285
2015-02-06,13.037629127502441,23.022369384765625,29.183759689331055,40.71704864501953,27.140703201293945
2015-02-09,12.811347961425781,22.69472312927246,28.794036865234375,39.53541946411133,27.692790985107422
2015-02-10,12.884556770324707,23.07585334777832,29.36503028869629,40.189537048339844,27.154346466064453
2015-02-11,12.788056373596191,22.995622634887695,29.56441307067871,40.16138458251953,26.936227798461914
2015-02-12,13.034303665161133,23.06248664855957,29.845375061035156,41.14609146118164,27.60417938232422
2015-02-13,13.303844451904297,23.049110412597656,29.80912208557129,41.20236587524414,28.45615577697754
2015-02-16,13.35042667388916,23.04243278503418,29.890682220458984,41.167205810546875,28.735618591308594
2015-02-17,13.375712394714355,22.995622634887695,29.75475311279297,40.99839401245117,28.606109619140625
2015-02-18,13.628616333007812,22.821765899658203,30.09009552001953,41.7720832824707,29.008255004882812
2015-02-19,13.62328815460205,22.95550537109375,30.253223419189453,42.24332809448242,28.701547622680664
2015-02-20,13.716461181640625,23.129358291625977,30.271352767944336,42.62312698364258,28.91282081604004
2015-02-23,13.731769561767578,23.23634147644043,30.570446014404297,42.86227035522461,28.46979522705078
2015-02-24,13.799653053283691,23.24302864074707,30.778881072998047,42.74974060058594,29.185461044311523
2015-02-25,13.683185577392578,23.27646255493164,30.878591537475586,42.14484786987305,29.15819549560547
2015-02-26,13.838254928588867,23.58404541015625,31.16861915588379,42.65127182006836,29.376298904418945
2015-02-27,13.881513595581055,23.684349060058594,31.177677154541016,43.03108596801758,29.389930725097656
2015-03-02,13.919448852539062,23.771278381347656,31.349878311157227,43.25615692138672,29.110485076904297
2015-03-03,13.739757537841797,23.530559539794922,31.07797622680664,42.313663482666016,28.9060115814209
2015-03-04,13.882851600646973,23.818090438842773,31.30457878112793,43.06624984741211,28.408451080322266
2015-03-05,14.007965087890625,23.884952545166016,31.603654861450195,43.52342224121094,28.68108558654785
2015-03-06,14.054550170898438,23.71109390258789,31.58551788330078,44.001705169677734,28.449350357055664
2015-03-09,14.042570114135742,23.45700454711914,31.458641052246094,44.06501007080078,28.715166091918945
2015-03-10,13.959383010864258,23.24302864074707,31.331756591796875,43.72740173339844,28.006324768066406
2015-03-11,14.145726203918457,23.637544631958008,32.02058029174805,45.429500579833984,28.23123550415039
2015-03-12,14.11445140838623,23.617490768432617,31.848369598388672,45.429500579833984,28.197154998779297
2015-03-13,14.117781639099121,23.73116111755371,32.229026794433594,46.0484504699707,27.67234230041504
2015-03-16,14.234244346618652,23.818090438842773,32.54623031616211,47.1175537109375,27.97223472595215
2015-03-17,14.132415771484375,23.657608032226562,32.26527786254883,45.9007568359375,28.06084632873535
2015-03-18,14.101137161254883,23.617490768432617,32.20182800292969,44.761314392089844,27.788204193115234
2015-03-19,14.228917121887207,23.724472045898438,32.419342041015625,45.162227630615234,28.07447624206543
2015-03-20,14.450536727905273,23.911697387695312,32.618736267089844,45.492820739746094,28.756067276000977
2015-03-23,14.511768341064453,23.838151931762695,32.4827880859375,44.25491714477539,28.93327522277832
2015-03-24,14.63489055633545,23.95181655883789,32.591548919677734,44.51515579223633,28.551593780517578
2015-03-25,14.497127532958984,23.878263473510742,31.62177276611328,44.19161605834961,28.57203483581543
2015-03-26,14.415262222290039,23.777971267700195,31.096118927001953,44.599552154541016,28.115373611450195
2015-03-27,14.383991241455078,23.684349060058594,31.25018882751465,44.55733871459961,27.59055519104004
2015-03-30,14.640213966369629,23.798025131225586,31.866477966308594,45.605342864990234,27.924531936645508
2015-03-31,14.547041893005371,23.590740203857422,31.72146987915039,45.056739807128906,27.638267517089844
2015-04-01,14.684804916381836,23.610795974731445,31.52208709716797,44.95123291015625,27.522397994995117
2015-04-02,14.69012451171875,23.617490768432617,31.52208709716797,44.9442024230957,27.113447189331055
2015-04-07,14.84985637664795,23.884952545166016,31.92993927001953,44.92308807373047,28.006324768066406
2015-04-08,14.809922218322754,23.838151931762695,31.830230712890625,44.74725341796875,28.135820388793945
2015-04-09,14.960993766784668,24.078868865966797,32.23808288574219,45.63348388671875,28.197154998779297
2015-04-10,14.969647407531738,24.19922637939453,32.82719802856445,46.18912887573242,28.313032150268555
2015-04-13,15.080785751342773,24.439952850341797,33.01752471923828,45.80230712890625,28.06766128540039
2015-04-14,14.93304443359375,24.393144607543945,32.98126983642578,45.37324142456055,28.721981048583984
2015-04-15,15.076675415039062,24.46381378173828,32.58858871459961,45.49987030029297,29.210325241088867
2015-04-16,14.829326629638672,24.221729278564453,32.17792510986328,45.25994873046875,28.91010856628418
2015-04-17,14.452963829040527,23.818256378173828,31.666873931884766,44.45552062988281,28.391538619995117
2015-04-20,14.680253028869629,24.12086296081543,32.01366424560547,44.787166595458984,28.937400817871094
2015-04-21,14.650168418884277,24.18810272216797,32.798492431640625,45.08353805541992,28.739517211914062
2015-04-22,14.722366333007812,24.33605194091797,33.34604263305664,45.01298141479492,28.96469497680664
2015-04-23,14.780524253845215,24.416748046875,32.68898391723633,44.84361267089844,29.428668975830078
2015-04-24,14.987764358520508,24.63865089416504,32.5429573059082,45.379913330078125,29.988170623779297
2015-04-27,15.134832382202148,24.712615966796875,33.0357780456543,46.59361267089844,30.19287872314453
2015-04-28,15.004477500915527,24.430194854736328,32.47908020019531,45.662174224853516,30.008644104003906
2015-04-29,14.740415573120117,24.053621292114258,31.685136795043945,44.15914535522461,29.299026489257812
2015-04-30,14.682254791259766,24.033445358276367,30.98244285583496,44.1168098449707,28.753162384033203
2015-05-04,14.773844718933105,24.262083053588867,31.1375789642334,44.37790298461914,29.380908966064453
2015-05-05,14.436248779296875,23.7241153717041,30.580888748168945,43.73576736450195,29.169387817382812
2015-05-06,14.429569244384766,23.777912139892578,30.526142120361328,43.24886703491211,28.739517211914062
2015-05-07,14.538531303405762,23.79136848449707,31.000701904296875,43.77103805541992,28.289194107055664
2015-05-08,14.904200553894043,24.416748046875,31.803762435913086,45.154109954833984,29.026100158691406
2015-05-11,15.034553527832031,24.564678192138672,31.958913803100586,44.998870849609375,29.49690818786621
2015-05-12,14.860739707946777,24.38983917236328,31.54824447631836,43.91922378540039,29.31949806213379
2015-05-13,14.847371101379395,24.31587028503418,31.466115951538086,43.587581634521484,29.3399658203125
2015-05-14,14.996455192565918,24.39656639099121,31.74901008605957,44.39201736450195,29.43549156188965
2015-05-15,14.897515296936035,24.147762298583984,31.648630142211914,43.721656799316406,29.032920837402344
2015-05-18,14.877458572387695,24.295700073242188,31.913286209106445,44.47667694091797,29.114795684814453
2015-05-19,15.098068237304688,24.49070930480957,32.47908020019531,46.05732727050781,28.869169235229492
2015-05-20,15.271881103515625,24.92780113220215,32.71635437011719,46.0432243347168,29.210325241088867
2015-05-21,15.287248611450195,25.042123794555664,32.81674575805664,46.02909851074219,29.32631492614746
2015-05-22,15.355439186096191,25.09591293334961,32.59771728515625,45.90913772583008,29.32631492614746
2015-05-26,15.081350326538086,24.880735397338867,32.50645065307617,45.521034240722656,29.08750343322754
2015-05-27,15.308638572692871,25.00849723815918,32.92625427246094,46.01498794555664,29.03974723815918
2015-05-28,15.241790771484375,24.907638549804688,33.245662689208984,45.27406311035156,28.725872039794922
2015-05-29,15.026537895202637,24.625207901000977,32.67984390258789,44.25088119506836,28.45294952392578
2015-06-01,14.984421730041504,24.584854125976562,32.771114349365234,44.342613220214844,28.145896911621094
2015-06-02,14.99444580078125,24.517614364624023,32.47908020019531,43.78515625,28.446125030517578
2015-06-03,15.101410865783691,24.369670867919922,32.45171356201172,43.94744873046875,28.261886596679688
2015-06-04,14.987764358520508,24.2688045501709,32.378700256347656,43.52407455444336,27.552278518676758
2015-06-05,14.837349891662598,23.95275115966797,32.00454330444336,42.97365951538086,27.57956314086914
2015-06-08,14.693620681762695,23.83843231201172,31.584747314453125,42.20451354980469,27.156522750854492
2015-06-09,14.630115509033203,23.650142669677734,31.38397979736328,42.64906692504883,27.101947784423828
2015-06-10,14.910881996154785,24.046892166137695,31.49349021911621,43.83456039428711,27.791093826293945
2015-06-11,15.021185874938965,24.23518180847168,31.76725959777832,44.194435119628906,27.770618438720703
2015-06-12,14.914228439331055,24.20827865600586,31.575618743896484,43.72870635986328,27.716035842895508
2015-06-15,14.58198356628418,23.939298629760742,31.000701904296875,42.790199279785156,27.333934783935547
2015-06-16,14.593347549438477,23.878787994384766,31.320091247558594,43.04423522949219,27.197473526000977
2015-06-17,14.535187721252441,23.87205696105957,31.174089431762695,42.32447814941406,26.985939025878906
2015-06-18,14.518478393554688,24.06707191467285,31.000701904296875,42.38798522949219,27.292985916137695
2015-06-19,14.653512001037598,24.18810272216797,31.256223678588867,42.719635009765625,27.252050399780273
2015-06-22,15.067981719970703,24.968158721923828,32.08666229248047,44.363773345947266,27.415809631347656
2015-06-23,15.281902313232422,25.36490821838379,32.40607452392578,44.935359954833984,27.791093826293945
2015-06-24,15.205022811889648,25.09591293334961,31.968032836914062,44.43435287475586,27.907081604003906
2015-06-25,15.221731185913086,25.156444549560547,32.05929946899414,44.7730598449707,27.620506286621094
2015-06-26,15.315327644348145,25.17661476135254,31.885896682739258,44.76601028442383,27.22476577758789
2015-06-29,14.717018127441406,24.537784576416016,30.81816291809082,43.016014099121094,26.849472045898438
2015-06-30,14.596686363220215,24.18810272216797,30.316251754760742,42.71258544921875,26.126222610473633
2015-07-01,14.866095542907715,24.510894775390625,30.98244285583496,43.721656799316406,26.1193904876709
2015-07-02,14.770500183105469,24.45037078857422,30.51702308654785,43.121864318847656,26.13304328918457
2015-07-03,14.670225143432617,24.221729278564453,30.425756454467773,43.016014099121094,25.921524047851562
2015-07-06,14.284502983093262,23.898948669433594,30.115474700927734,42.48677444458008,25.539413452148438
2015-07-07,14.000389099121094,23.387880325317383,29.586172103881836,41.28717803955078,24.481815338134766
2015-07-08,13.976990699768066,23.408063888549805,29.540546417236328,40.489803314208984,24.427228927612305
2015-07-09,14.35268497467041,23.92584991455078,30.206735610961914,41.484771728515625,24.97990608215332
2015-07-10,14.720362663269043,24.59157943725586,30.644779205322266,42.268028259277344,25.225543975830078
2015-07-13,15.083353996276855,25.09591293334961,31.201459884643555,42.529117584228516,25.976106643676758
2015-07-14,15.148200035095215,25.317832946777344,31.26534080505371,42.0422248840332,25.907873153686523
2015-07-15,15.235604286193848,25.44202423095703,31.54681968688965,41.95419692993164,26.029678344726562
2015-07-16,15.497003555297852,25.918079376220703,31.620649337768555,42.892127990722656,26.4255428314209
2015-07-17,15.507184028625488,26.04730224609375,31.842166900634766,42.740623474121094,26.31442642211914
2015-07-20,15.588655471801758,26.15611457824707,32.10060119628906,43.00034713745117,26.189409255981445
2015-07-21,15.401946067810059,25.74806022644043,31.740644454956055,42.892127990722656,25.939395904541016
2015-07-22,15.395156860351562,25.67324447631836,31.297624588012695,42.56025314331055,25.092117309570312
2015-07-23,15.361209869384766,25.408010482788086,31.482210159301758,42.372657775878906,24.585132598876953
2015-07-24,15.225422859191895,25.476024627685547,31.24224090576172,41.37702178955078,23.828134536743164
2015-07-27,14.87575626373291,24.97275733947754,30.531572341918945,40.22264862060547,23.453102111816406
2015-07-28,15.103216171264648,25.16318130493164,30.494647979736328,40.749324798583984,23.980915069580078
2015-07-29,15.149377822875977,25.591636657714844,30.531572341918945,40.53288269042969,24.501785278320312
2015-07-30,15.215231895446777,25.55082893371582,31.011491775512695,40.24429702758789,24.57124137878418
2015-07-31,15.2240629196167,25.510028839111328,31.002283096313477,40.50402069091797,24.501785278320312
2015-08-03,15.323869705200195,25.816062927246094,30.9930477142334,40.857547760009766,24.05036735534668
2015-08-04,15.108638763427734,25.843263626098633,30.753068923950195,41.16777801513672,24.35594940185547
2015-08-05,15.300102233886719,26.128902435302734,31.13149642944336,42.14899444580078,25.126832962036133
2015-08-06,15.238998413085938,25.952072143554688,30.76230812072754,41.85319137573242,24.68235969543457
2015-08-07,15.069262504577637,25.55082893371582,30.36542320251465,41.92534637451172,24.849037170410156
2015-08-10,15.16771125793457,25.802461624145508,30.734617233276367,42.14178466796875,25.237958908081055
2015-08-11,15.011551856994629,25.53722381591797,30.34697151184082,40.439090728759766,24.230932235717773
2015-08-12,14.528139114379883,24.884347915649414,29.368633270263672,38.76525115966797,23.717012405395508
2015-08-13,14.704669952392578,25.047571182250977,29.737817764282227,39.1765022277832,23.675338745117188
2015-08-14,14.623188972473145,24.993152618408203,29.525535583496094,39.24864959716797,23.675338745117188
2015-08-17,14.695838928222656,24.945554733276367,29.62706184387207,39.097137451171875,23.536439895629883
2015-08-18,14.770522117614746,25.06117057800293,29.811656951904297,38.76525115966797,23.543394088745117
2015-08-19,14.5111722946167,24.591909408569336,29.19327163696289,37.820106506347656,22.56414794921875
2015-08-20,14.179838180541992,23.979827880859375,28.528736114501953,36.93989944458008,22.703044891357422
2015-08-21,13.635323524475098,23.245336532592773,27.698074340820312,36.11018753051758,21.91131591796875
2015-08-24,12.838916778564453,21.919172286987305,26.442842483520508,34.62394332885742,19.959789276123047
2015-08-25,13.499531745910645,22.9121036529541,27.781139373779297,36.514225006103516,20.85569190979004
2015-08-26,13.276838302612305,22.544851303100586,27.21813201904297,36.11741256713867,20.29314613342285
2015-08-27,13.799631118774414,23.35414695739746,28.196474075317383,37.221282958984375,21.786314010620117
2015-08-28,13.775869369506836,23.442564010620117,28.353364944458008,37.00482177734375,22.17522621154785
2015-08-31,13.68624496459961,23.292951583862305,28.113405227661133,36.6080207824707,21.918270111083984
2015-09-01,13.287022590637207,22.62646484375,27.60577392578125,35.677303314208984,20.814016342163086
2015-09-02,13.312826156616211,22.701271057128906,27.485788345336914,35.453651428222656,20.6473388671875
2015-09-03,13.59255313873291,23.286142349243164,28.325685501098633,36.63688659667969,21.647411346435547
2015-09-04,13.194002151489258,22.871292114257812,27.70730209350586,35.677303314208984,20.536218643188477
2015-09-07,13.217768669128418,23.08211898803711,27.873432159423828,36.045257568359375,20.93208122253418
2015-09-08,13.436393737792969,23.360952377319336,28.16877555847168,37.019256591796875,21.48073387145996
2015-09-09,13.670629501342773,23.653383255004883,28.325685501098633,37.538726806640625,22.091890335083008
2015-09-10,13.443182945251465,23.26573944091797,28.085710525512695,37.293426513671875,21.605745315551758
2015-09-11,13.336586952209473,22.68087387084961,27.781139373779297,37.033687591552734,21.4321231842041
2015-09-14,13.177033424377441,22.612857818603516,27.84575080871582,36.961544036865234,21.307111740112305
2015-09-15,13.343371391296387,22.640071868896484,28.159547805786133,37.56758499145508,21.452957153320312
2015-09-16,13.416020393371582,22.884897232055664,28.436437606811523,37.85618209838867,21.855758666992188
2015-09-17,13.431640625,22.830486297607422,28.362606048583984,37.96440505981445,21.52935028076172
2015-09-18,13.058215141296387,22.551654815673828,27.91035270690918,36.77396011352539,21.05709457397461
2015-09-21,13.239495277404785,22.810081481933594,28.03956413269043,35.229984283447266,20.90430450439453
2015-09-22,12.818549156188965,22.191204071044922,27.448877334594727,32.63264846801758,19.779220581054688
2015-09-23,12.682760238647461,22.211610794067383,27.356578826904297,32.92124557495117,19.8695068359375
2015-09-24,12.4621000289917,21.755956649780273,26.96892738342285,31.78851318359375,19.18889617919922
2015-09-25,12.821941375732422,22.463245391845703,27.77190589904785,32.60377502441406,19.293071746826172
2015-09-28,12.4621000289917,21.885168075561523,27.190444946289062,31.413349151611328,17.897140502929688
2015-09-29,12.41457462310791,21.558727264404297,27.18121337890625,31.333984375,18.195772171020508
2015-09-30,12.701767921447754,21.953168869018555,27.93804359436035,32.37291717529297,18.82776641845703
2015-10-01,12.716704368591309,21.42270851135254,27.60577392578125,32.28634262084961,18.952774047851562
2015-10-02,12.81175708770752,21.42270851135254,27.71653175354004,32.28634262084961,19.24445915222168
2015-10-05,13.239495277404785,22.170806884765625,28.510282516479492,33.0655403137207,20.3278751373291
2015-10-06,13.30263900756836,22.30002212524414,28.667179107666016,33.71487045288086,20.501495361328125
2015-10-07,13.422812461853027,22.211610794067383,28.593338012695312,34.75380325317383,21.53628921508789
2015-10-08,13.348130226135254,22.095996856689453,28.68563461303711,35.02076721191406,21.633527755737305
2015-10-09,13.436393737792969,22.211610794067383,28.676406860351562,35.73501968383789,22.40441131591797
2015-10-12,13.341334342956543,22.170806884765625,28.621034622192383,36.131839752197266,21.98076629638672
2015-10-13,13.137648582458496,21.953168869018555,28.842546463012695,35.61958312988281,21.654359817504883
2015-10-14,13.032415390014648,21.436307907104492,28.537965774536133,35.229984283447266,21.841873168945312
2015-10-15,13.19266128540039,21.771785736083984,29.292394638061523,35.61315155029297,21.85146141052246
2015-10-16,13.428184509277344,22.061622619628906,29.48663330078125,35.389400482177734,21.76717758178711
2015-10-19,13.437057495117188,22.16512680053711,29.569873809814453,35.61315155029297,21.268478393554688
2015-10-20,13.341485023498535,22.24103355407715,29.48663330078125,35.41106414794922,21.24037742614746
2015-10-21,13.25273609161377,22.185823440551758,30.01384162902832,35.90187454223633,21.12799835205078
2015-10-22,13.45549201965332,23.11052894592285,30.615034103393555,36.81132888793945,21.816343307495117
2015-10-23,13.639811515808105,23.717782974243164,30.92026710510254,37.958961486816406,22.244800567626953
2015-10-26,13.60090446472168,23.759193420410156,30.605777740478516,37.67025375366211,22.005990982055664
2015-10-27,13.481433868408203,23.427959442138672,30.1895694732666,37.403194427490234,21.331689834594727
2015-10-28,13.522398948669434,23.628080368041992,30.47629165649414,37.7352294921875,21.458120346069336
2015-10-29,13.288233757019043,23.766094207763672,30.90176773071289,37.59086608886719,21.071805953979492
2015-10-30,13.267756462097168,23.766094207763672,31.05900764465332,38.132198333740234,21.226333618164062
2015-11-02,13.349678993225098,23.766094207763672,31.18848991394043,38.69519805908203,21.184186935424805
2015-11-03,13.260930061340332,23.835107803344727,31.484472274780273,38.54363250732422,21.746103286743164
2015-11-04,13.358553886413574,23.9110107421875,31.687944412231445,37.655826568603516,22.027053833007812
2015-11-05,13.206313133239746,23.772994995117188,31.73419952392578,37.807395935058594,21.24740219116211
2015-11-06,13.503281593322754,23.772994995117188,31.89143180847168,38.6230354309082,20.90323257446289
2015-11-09,13.404293060302734,23.427959442138672,31.789690017700195,37.64139175415039,20.664419174194336
2015-11-10,13.363334655761719,23.952411651611328,31.45671844482422,37.99506378173828,20.64334487915039
2015-11-11,13.417946815490723,24.235336303710938,31.789690017700195,37.81462478637695,20.559062957763672
2015-11-12,13.174230575561523,23.9110107421875,31.61395263671875,37.229957580566406,19.716184616088867
2015-11-13,13.083436965942383,23.883403778076172,31.169994354248047,37.143341064453125,19.702138900756836
2015-11-16,13.02062702178955,24.014522552490234,31.29947280883789,37.25162124633789,19.575706481933594
2015-11-17,13.307355880737305,24.71839141845703,31.87293243408203,38.10333251953125,19.70916175842285
2015-11-18,13.29369831085205,24.54588508605957,31.900680541992188,38.240482330322266,20.12356948852539
2015-11-19,13.365377426147461,24.552780151367188,32.02092361450195,38.586936950683594,20.214885711669922
2015-11-20,13.225428581237793,24.59418487548828,32.22441101074219,38.84678268432617,20.214885711669922
2015-11-23,13.25273609161377,24.40096092224121,32.12266540527344,38.861228942871094,20.032255172729492
2015-11-24,13.144880294799805,24.05592918395996,31.687944412231445,38.680763244628906,19.976072311401367
2015-11-25,13.215190887451172,24.394062042236328,32.11341857910156,39.38090133666992,19.730234146118164
2015-11-26,13.338072776794434,24.697696685791016,32.61287307739258,40.2542724609375,20.12356948852539
2015-11-27,13.30871868133545,24.73219108581543,32.59437561035156,40.37696838378906,19.575706481933594
2015-11-30,13.353093147277832,24.670087814331055,32.85335922241211,41.20703125,19.793453216552734
2015-12-01,13.430232048034668,24.407861709594727,32.84410095214844,40.8677978515625,19.723209381103516
2015-12-02,13.363334655761719,24.373363494873047,33.05684280395508,40.52132797241211,19.512493133544922
2015-12-03,12.979669570922852,23.51077651977539,32.141170501708984,39.07052993774414,18.613428115844727
2015-12-04,12.969433784484863,23.276145935058594,32.11341857910156,39.29427719116211,18.458906173706055
2015-12-07,12.923009872436523,23.559072494506836,32.4001350402832,39.81398391723633,18.234134674072266
2015-12-08,12.58849811553955,23.151933670043945,31.817441940307617,38.861228942871094,17.040063858032227
2015-12-09,12.533883094787598,22.993223190307617,31.502973556518555,38.998348236083984,17.342092514038086
2015-12-10,12.491558074951172,22.869001388549805,31.32723045349121,39.092193603515625,17.552810668945312
2015-12-11,12.189136505126953,22.461856842041016,30.883256912231445,37.77131271362305,16.80125617980957
2015-12-14,11.960441589355469,21.971906661987305,30.282058715820312,36.77522659301758,16.25338363647461
2015-12-15,12.39940071105957,22.779293060302734,31.234729766845703,37.95176315307617,16.653743743896484
2015-12-16,12.445136070251465,22.88969612121582,30.994245529174805,38.19717025756836,16.716964721679688
2015-12-17,12.682706832885742,23.28994369506836,31.475217819213867,39.236541748046875,16.590538024902344
2015-12-18,12.581672668457031,22.86210060119629,31.1144962310791,38.71685791015625,16.688873291015625
2015-12-21,12.375503540039062,22.38594627380371,31.151498794555664,38.53641128540039,16.590538024902344
2015-12-22,12.447184562683105,22.38594627380371,31.225486755371094,38.7385139465332,16.836376190185547
2015-12-23,12.738683700561523,23.08982276916504,31.715694427490234,39.55413818359375,17.87592124938965
2015-12-28,12.61102294921875,22.86210060119629,31.45671844482422,39.1354866027832,17.538761138916016
2015-12-29,12.77486801147461,23.283042907714844,32.067161560058594,39.72736358642578,17.55983543395996
2015-12-30,12.662227630615234,23.11052894592285,31.983917236328125,39.37368392944336,17.51067352294922
2016-01-04,12.283342361450195,22.565372467041016,30.883256912231445,37.497032165527344,16.79422378540039
2016-01-05,12.344782829284668,22.786191940307617,31.13300132751465,37.3454475402832,17.12435531616211
2016-01-06,12.083321571350098,22.696487426757812,30.800024032592773,36.2916374206543,16.534347534179688
2016-01-07,11.784994125366211,22.4411563873291,30.319061279296875,35.12955856323242,15.72658920288086
2016-01-08,11.523524284362793,22.31694221496582,29.939844131469727,34.66761016845703,15.20682144165039
2016-01-11,11.53718090057373,22.22723388671875,30.23581886291504,34.78309631347656,15.03122615814209
2016-01-12,11.60886001586914,22.3514461517334,30.615034103393555,35.49045944213867,14.73621654510498
2016-01-13,11.651869773864746,22.475656509399414,30.624290466308594,35.1078987121582,14.8977632522583
2016-01-14,11.409521102905273,21.96500587463379,30.134082794189453,33.7220573425293,15.122535705566406
2016-01-15,10.968374252319336,21.47564697265625,29.027292251586914,32.7692985534668,14.203319549560547
2016-01-18,10.756058692932129,21.287691116333008,29.212358474731445,32.776512145996094,14.217456817626953
2016-01-19,10.824545860290527,21.60791015625,29.804563522338867,33.28900146484375,14.464902877807617
2016-01-20,10.37115478515625,20.85609245300293,29.360410690307617,32.14133834838867,13.715497016906738
2016-01-21,10.60538387298584,21.41995620727539,29.87858772277832,33.19515609741211,14.733555793762207
2016-01-22,10.908787727355957,22.26227378845215,30.563331604003906,33.714847564697266,14.775973320007324
2016-01-25,10.584836959838867,22.081275939941406,30.748394012451172,33.3250846862793,14.613371849060059
2016-01-26,10.790303230285645,22.15089225769043,30.850170135498047,33.78702926635742,15.270868301391602
2016-01-27,10.7149658203125,22.443267822265625,30.785402297973633,34.01799011230469,15.376913070678711
2016-01-28,10.451287269592285,21.72624969482422,29.850820541381836,32.949745178222656,15.36983871459961
2016-01-29,10.780029296875,22.443267822265625,30.776147842407227,32.899227142333984,15.355698585510254
2016-02-01,10.608809471130371,22.603376388549805,30.193199157714844,32.72600173950195,15.362773895263672
2016-02-02,10.199935913085938,22.297077178955078,29.536224365234375,32.03306198120117,14.818394660949707
2016-02-03,9.836949348449707,21.768022537231445,29.24011993408203,31.722694396972656,15.136536598205566
2016-02-04,10.115696907043457,21.600948333740234,29.064311981201172,31.080310821533203,16.11924934387207
2016-02-05,10.101998329162598,21.23200798034668,28.472103118896484,31.34737205505371,16.204084396362305
2016-02-08,9.5814847946167,20.396642684936523,27.241426467895508,30.15641212463379,16.090965270996094
2016-02-09,9.153438568115234,20.222610473632812,27.195167541503906,29.730562210083008,15.24258804321289
2016-02-10,9.597241401672363,20.480178833007812,27.333959579467773,30.23581886291504,15.277935028076172
2016-02-11,8.999337196350098,19.84670066833496,26.50116729736328,29.492374420166016,14.620436668395996
2016-02-12,9.557518005371094,20.320068359375,26.83428382873535,30.098682403564453,15.949565887451172
2016-02-15,9.841742515563965,20.807357788085938,27.51902198791504,31.46285629272461,16.288921356201172
2016-02-16,9.80407428741455,20.730783462524414,27.546781539916992,31.397903442382812,16.197017669677734
2016-02-17,10.122541427612305,21.30161476135254,28.2130184173584,32.639381408691406,17.483726501464844
2016-02-18,9.882834434509277,21.47564697265625,28.69417953491211,32.72600173950195,17.285768508911133
2016-02-19,9.756133079528809,21.19719123840332,28.564634323120117,32.33622360229492,17.299911499023438
2016-02-22,10.002690315246582,21.61487579345703,28.98103141784668,33.02193069458008,18.381593704223633
2016-02-23,9.812976837158203,21.287691116333008,28.814472198486328,32.29291915893555,17.71702766418457
2016-02-24,9.536972045898438,20.758636474609375,28.231515884399414,31.152481079101562,16.656551361083984
2016-02-25,9.845169067382812,21.42691993713379,28.758949279785156,31.397903442382812,16.790878295898438
2016-02-26,10.158844947814941,21.433874130249023,29.045801162719727,32.2640380859375,17.434236526489258
2016-02-29,10.252671241760254,21.68448257446289,29.369667053222656,32.83426284790039,18.05638313293457
2016-03-01,10.354036331176758,22.136974334716797,29.84157943725586,33.837547302246094,18.261411666870117
2016-03-02,10.686201095581055,22.067359924316406,29.776805877685547,34.39332962036133,18.827001571655273
2016-03-03,10.718391418457031,21.949020385742188,29.378921508789062,34.790313720703125,19.130996704101562
2016-03-04,10.799206733703613,21.98382568359375,29.554723739624023,35.14399719238281,20.403573989868164
2016-03-07,10.689623832702637,21.844594955444336,29.49921417236328,34.93467712402344,20.983301162719727
2016-03-08,10.610862731933594,21.74017333984375,29.0550537109375,34.00355911254883,19.060298919677734
2016-03-09,10.627986907958984,21.75409698486328,29.138330459594727,33.98912811279297,19.286540985107422
2016-03-10,10.556072235107422,21.41995620727539,28.832975387573242,32.57440948486328,18.565410614013672
2016-03-11,11.093707084655762,22.15089225769043,29.425182342529297,33.91693878173828,19.201698303222656
2016-03-14,11.10397720336914,22.283157348632812,29.795318603515625,34.465511322021484,19.54104995727539
2016-03-15,10.89509105682373,22.04646873474121,29.684280395507812,34.212886810302734,18.586626052856445
2016-03-16,10.754690170288086,22.102169036865234,29.749042510986328,34.97797393798828,18.699739456176758
2016-03-17,10.639627456665039,21.949020385742188,29.51771354675293,34.609867095947266,19.795568466186523
2016-03-18,10.72866439819336,21.935089111328125,29.767547607421875,34.941898345947266,19.86627197265625
2016-03-21,10.7149658203125,21.928133010864258,29.64725112915039,34.76144027709961,19.682443618774414
2016-03-22,10.63140869140625,21.844594955444336,29.897092819213867,34.956329345703125,19.491559982299805
2016-03-23,10.441014289855957,21.802831649780273,29.97112464904785,34.9491081237793,19.053234100341797
2016-03-24,10.215004920959473,21.48261070251465,29.563982009887695,34.227317810058594,18.749229431152344
2016-03-29,10.173912048339844,21.67752456665039,29.804563522338867,34.3861083984375,18.381593704223633
2016-03-30,10.211579322814941,21.97686004638672,30.285728454589844,35.23782730102539,19.10978889465332
2016-03-31,10.074602127075195,21.712329864501953,30.072912216186523,34.840843200683594,19.18756103515625
2016-04-01,9.927351951599121,21.350343704223633,29.813817977905273,33.94581604003906,18.728017807006836
2016-04-04,9.922557830810547,21.120624542236328,29.850820541381836,33.76536560058594,18.8057861328125
2016-04-05,9.612309455871582,20.633329391479492,29.28638458251953,32.45892333984375,18.141220092773438
2016-04-06,9.64312744140625,20.828248977661133,29.489959716796875,32.45170593261719,18.028099060058594
2016-04-07,9.451360702514648,20.842164993286133,29.341901779174805,32.17744064331055,17.681682586669922
2016-04-08,9.641755104064941,21.030118942260742,29.489959716796875,32.516685485839844,18.26848030090332
2016-04-11,9.762981414794922,21.162385940551758,29.415929794311523,32.9280891418457,18.848203659057617
2016-04-12,9.792431831359863,21.32249641418457,29.406675338745117,33.31064224243164,19.491559982299805
2016-04-13,10.401975631713867,21.52437400817871,30.10991668701172,34.479957580566406,20.834836959838867
2016-04-14,10.460190773010254,21.538299560546875,30.10991668701172,34.70370864868164,20.764137268066406
2016-04-15,10.434626579284668,21.681577682495117,29.876188278198242,34.09550476074219,20.626117706298828
2016-04-18,10.491718292236328,21.688575744628906,29.746414184570312,34.616817474365234,20.898080825805664
2016-04-19,10.557064056396484,22.08087730407715,30.191362380981445,35.558074951171875,21.849946975708008
2016-04-20,10.788867950439453,22.087888717651367,29.866920471191406,36.0214729309082,22.39386749267578
2016-04-21,10.938817977905273,21.919755935668945,29.320003509521484,36.21696472167969,22.043180465698242
2016-04-22,10.991783142089844,21.751628875732422,29.32927894592285,35.45671844482422,21.864253997802734
2016-04-25,10.778550148010254,21.681577682495117,29.143890380859375,35.326385498046875,21.105627059936523
2016-04-26,11.048872947692871,21.737613677978516,29.08827018737793,35.44948196411133,21.0913143157959
2016-04-27,11.028241157531738,21.751628875732422,29.486865997314453,35.775291442871094,21.241609573364258
2016-04-28,11.077764511108398,21.69558334350586,29.523941040039062,35.963539123535156,21.964454650878906
2016-04-29,10.720085144042969,21.240232467651367,28.643320083618164,34.67474365234375,21.771215438842773
2016-05-02,10.615530014038086,21.331302642822266,28.828720092773438,34.87023162841797,21.499252319335938
2016-05-03,10.242029190063477,21.156171798706055,28.365232467651367,33.979644775390625,20.36846351623535
2016-05-04,10.083823204040527,20.74986457824707,28.124217987060547,33.566932678222656,19.760133743286133
2016-05-05,10.044617652893066,21.009056091308594,28.18910789489746,33.40766143798828,19.974836349487305
2016-05-06,10.013664245605469,20.791893005371094,27.90174674987793,33.63934326171875,20.032094955444336
2016-05-09,9.96345329284668,20.95301628112793,28.328147888183594,33.77691650390625,18.765321731567383
2016-05-10,10.152609825134277,21.22622299194336,28.161296844482422,34.43580627441406,19.137483596801758
2016-05-11,10.04805850982666,21.142160415649414,28.022253036499023,34.167903900146484,19.509639739990234
2016-05-12,9.972395896911621,21.289274215698242,27.71634864807129,33.84209060668945,19.07307243347168
2016-05-13,10.04805850982666,21.464406967163086,28.068599700927734,34.124454498291016,19.108861923217773
2016-05-17,10.07213306427002,21.646549224853516,28.179834365844727,33.212162017822266,19.83170509338379
2016-05-18,10.264729499816895,21.842693328857422,28.569169998168945,33.19768142700195,19.681411743164062
2016-05-19,10.276421546936035,21.513444900512695,28.216917037963867,33.14698028564453,19.130325317382812
2016-05-20,10.410552978515625,21.793659210205078,28.69894027709961,33.48005676269531,19.31640625
2016-05-23,10.3610258102417,21.548473358154297,28.8101749420166,33.06010818481445,19.201900482177734
2016-05-24,10.726961135864258,21.8707218170166,29.431238174438477,33.93619918823242,19.581212997436523
2016-05-25,11.103902816772461,22.18595314025879,29.839109420776367,34.544410705566406,19.88895606994629
2016-05-26,11.046809196472168,22.452163696289062,29.978160858154297,35.05848693847656,20.125133514404297
2016-05-27,11.074324607849121,22.41713523864746,30.107934951782227,34.96435546875,19.960527420043945
2016-05-30,11.076388359069824,22.480180740356445,30.182092666625977,35.31913375854492,19.989151000976562
2016-05-31,10.92299747467041,22.171951293945312,30.135732650756836,35.13812255859375,19.710033416748047
2016-06-01,10.722147941589355,21.82167625427246,29.829835891723633,34.638526916503906,19.180431365966797
2016-06-02,10.751036643981934,21.87771987915039,29.913265228271484,34.97883224487305,19.2591495513916
2016-06-03,10.512354850769043,21.681577682495117,29.737152099609375,34.18962478637695,19.58837127685547
2016-06-06,10.502033233642578,21.674570083618164,29.718608856201172,34.218597412109375,20.404253005981445
2016-06-07,10.643043518066406,21.828685760498047,30.024507522583008,34.9209098815918,20.49729347229004
2016-06-08,10.5137300491333,21.674570083618164,29.755680084228516,34.56612777709961,20.826509475708008
2016-06-09,10.378225326538086,21.31729507446289,29.62590789794922,33.94345474243164,20.275432586669922
2016-06-10,10.006789207458496,20.847938537597656,28.967756271362305,33.25559616088867,19.760133743286133
2016-06-13,9.700695991516113,20.427616119384766,28.550622940063477,32.54603576660156,19.502487182617188
2016-06-14,9.48540210723877,20.03531837463379,28.15202522277832,31.966793060302734,18.844053268432617
2016-06-15,9.592015266418457,20.17542266845703,28.495006561279297,32.133331298828125,19.49532699584961
2016-06-16,9.466827392578125,20.09836196899414,28.318885803222656,31.930585861206055,19.34503936767578
2016-06-17,9.863715171813965,20.210451126098633,28.513545989990234,32.36502456665039,19.810232162475586
2016-06-20,10.314252853393555,21.002052307128906,29.449783325195312,33.856563568115234,20.690526962280273
2016-06-21,10.427745819091797,20.974029541015625,29.635175704956055,33.82760238647461,20.576013565063477
2016-06-22,10.517167091369629,21.093124389648438,29.70006561279297,33.8348503112793,20.73347282409668
2016-06-23,10.801249504089355,21.541465759277344,30.11719512939453,34.67474365234375,21.26308250427246
2016-06-24,9.100205421447754,19.55895233154297,28.495006561279297,31.474441528320312,19.710033416748047
2016-06-27,8.539609909057617,19.02654457092285,27.33629608154297,29.88152503967285,18.944255828857422
2016-06-28,8.745965957641602,19.692049026489258,28.040790557861328,30.315959930419922,19.488168716430664
2016-06-29,8.942002296447754,20.52569007873535,28.736013412475586,30.359407424926758,20.432880401611328
2016-06-30,8.952319145202637,20.665803909301758,29.03264617919922,30.352155685424805,20.769256591796875
2016-07-01,9.014223098754883,20.742856979370117,29.10680389404297,31.452713012695312,21.31317710876465
2016-07-04,8.869776725769043,20.54670524597168,28.77309799194336,30.808317184448242,21.59229278564453
2016-07-05,8.627655029296875,20.24547004699707,28.411575317382812,29.809125900268555,20.92670249938965
2016-07-06,8.428180694580078,19.692049026489258,28.022253036499023,29.620874404907227,20.869455337524414
2016-07-07,8.532732963562012,19.93023681640625,28.25399398803711,29.72947883605957,21.0913143157959
2016-07-08,8.837449073791504,20.20344352722168,28.967756271362305,30.815553665161133,21.377586364746094
2016-07-11,9.012845993041992,20.406599044799805,29.644447326660156,31.402029037475586,22.207786560058594
2016-07-12,9.316876411437988,20.756860733032227,29.802030563354492,32.54603576660156,22.944942474365234
2016-07-13,9.198567390441895,20.609752655029297,29.894729614257812,32.220211029052734,22.701608657836914
2016-07-14,9.426931381225586,20.74986457824707,30.358205795288086,32.90081024169922,23.10239601135254
2016-07-15,9.42796516418457,20.783679962158203,30.218223571777344,32.815155029296875,22.917884826660156
2016-07-18,9.452666282653809,20.649450302124023,31.268644332885742,32.95671844482422,22.91069984436035
2016-07-19,9.403267860412598,20.515228271484375,31.08106231689453,32.54690933227539,22.3427791595459
2016-07-20,9.55357837677002,20.501102447509766,32.03768539428711,33.344181060791016,22.083986282348633
2016-07-21,9.611444473266602,20.437519073486328,32.093971252441406,33.500667572021484,22.508121490478516
2016-07-22,9.558517456054688,20.762489318847656,32.093971252441406,33.35163116455078,22.35715675354004
2016-07-25,9.498534202575684,20.755422592163086,32.32843017578125,33.5975227355957,22.3427791595459
2016-07-26,9.477364540100098,20.656517028808594,32.469120025634766,34.19361877441406,22.781299591064453
2016-07-27,9.604388236999512,20.748353958129883,32.71296691894531,34.93874740600586,22.96101951599121
2016-07-28,9.357397079467773,20.508161544799805,32.67544937133789,34.08184814453125,22.90350914001465
2016-07-29,9.546521186828613,20.58586883544922,32.71296691894531,34.39479446411133,23.02571678161621
2016-08-01,9.357397079467773,20.543487548828125,32.49726104736328,34.29793930053711,23.054466247558594
2016-08-02,9.056070327758789,20.26797103881836,32.000179290771484,33.388893127441406,22.69502830505371
2016-08-03,9.214845657348633,20.39513397216797,31.943899154663086,33.47085952758789,22.774106979370117
2016-08-04,9.341874122619629,20.465774536132812,32.19712829589844,33.60497283935547,22.889129638671875
2016-08-05,9.55357837677002,20.67064666748047,32.384700775146484,34.58107376098633,23.291702270507812
2016-08-08,9.69471549987793,20.62119483947754,32.30029296875,34.55873107910156,23.658329010009766
2016-08-09,9.798450469970703,20.833131790161133,32.741092681884766,35.274044036865234,23.73021697998047
2016-08-10,9.823150634765625,20.797807693481445,32.63792037963867,35.23678970336914,23.43547248840332
2016-08-11,9.918418884277344,21.023868560791016,32.834877014160156,35.452880859375,23.651142120361328
2016-08-12,9.88878059387207,21.016803741455078,32.741092681884766,35.16228103637695,23.212621688842773
2016-08-15,9.858433723449707,20.91084098815918,32.79738235473633,35.41562271118164,23.140735626220703
2016-08-16,9.754697799682617,20.691843032836914,32.50662612915039,34.908939361572266,23.449851989746094
2016-08-17,9.63261604309082,20.58586883544922,32.06583023071289,34.49911117553711,23.04009246826172
2016-08-18,9.689068794250488,20.691843032836914,32.272159576416016,34.70030212402344,23.55049705505371
2016-08-19,9.558517456054688,20.47283935546875,32.272159576416016,34.3351936340332,23.061662673950195
2016-08-22,9.597330093383789,20.529354095458984,32.244022369384766,34.35755157470703,22.69502830505371
2016-08-23,9.830206871032715,20.663583755493164,32.525390625,34.61833190917969,23.298891067504883
2016-08-24,10.03697395324707,20.649450302124023,32.6285514831543,34.767372131347656,22.968204498291016
2016-08-25,9.953701972961426,20.536422729492188,32.36594009399414,34.26069259643555,22.68065643310547
2016-08-26,10.029915809631348,20.656517028808594,32.591033935546875,34.61088943481445,23.255760192871094
2016-08-29,10.01368522644043,20.486968994140625,32.525390625,34.402252197265625,22.82442855834961
2016-08-30,10.193635940551758,20.578811645507812,32.92866134643555,34.79716110229492,22.472179412841797
2016-08-31,10.348885536193848,20.529354095458984,32.63792037963867,34.70775604248047,21.8179988861084
2016-09-01,10.451212882995605,20.409255981445312,32.71296691894531,34.745025634765625,22.069604873657227
2016-09-02,10.634687423706055,20.762489318847656,33.0787239074707,35.23678970336914,22.57282257080078
2016-09-05,10.609989166259766,20.811931610107422,33.03184127807617,35.23678970336914,22.716602325439453
2016-09-06,10.422981262207031,20.741291046142578,32.82550811767578,35.31130599975586,22.745351791381836
2016-09-07,10.4603853225708,20.769546508789062,33.03184127807617,35.69876480102539,22.889129638671875
2016-09-08,10.574705123901367,20.819000244140625,32.6848258972168,35.37091064453125,22.860376358032227
2016-09-09,10.619161605834961,20.635324478149414,32.45035934448242,35.23678970336914,22.58719253540039
2016-09-12,10.398282051086426,20.38806915283203,32.112728118896484,34.63323974609375,22.213382720947266
2016-09-13,10.209866523742676,20.02071762084961,32.03768539428711,34.42460250854492,21.559206008911133
2016-09-14,10.165409088134766,19.837038040161133,32.0283088684082,34.27558135986328,21.78923988342285
2016-09-15,10.252205848693848,19.90062141418457,32.30029296875,34.469322204589844,22.055233001708984
2016-09-16,10.038385391235352,19.92887306213379,32.093971252441406,33.739097595214844,21.88988494873047
2016-09-19,10.125185012817383,20.056041717529297,32.516014099121094,34.215972900390625,22.623144149780273
2016-09-20,10.03697395324707,20.070167541503906,32.6285514831543,34.07440185546875,22.486553192138672
2016-09-21,10.238094329833984,20.37394142150879,32.863006591796875,34.32774353027344,22.831621170043945
2016-09-22,10.319252014160156,20.691843032836914,33.575809478759766,35.07286071777344,23.75178337097168
2016-09-23,10.165409088134766,20.55055046081543,33.388240814208984,34.879127502441406,23.7230281829834
2016-09-26,9.9254732131958,20.232646942138672,33.022457122802734,34.11165237426758,23.41391372680664
2016-09-27,9.911362648010254,20.275039672851562,33.06934356689453,33.940269470214844,23.363588333129883
2016-09-28,9.985458374023438,20.39513397216797,33.266300201416016,34.35755157470703,23.687089920043945
2016-09-29,10.010159492492676,20.402198791503906,33.181907653808594,34.3426399230957,24.391584396362305
2016-09-30,10.070140838623047,20.26797103881836,33.463253021240234,34.722660064697266,24.197486877441406
2016-10-04,10.147764205932617,20.352741241455078,33.65083694458008,35.41562271118164,24.3196964263916
2016-10-05,10.301605224609375,20.02071762084961,33.406978607177734,35.54973602294922,24.1903018951416
2016-10-06,10.37711238861084,19.695749282836914,33.238162994384766,35.46033477783203,23.989011764526367
2016-10-07,10.334772109985352,19.41316795349121,32.9099006652832,35.043052673339844,24.1903018951416
2016-10-10,10.370057106018066,19.632173538208008,33.29443359375,35.48268508911133,24.664762496948242
2016-10-11,10.288904190063477,19.60390853881836,32.88178253173828,35.221893310546875,24.147171020507812
2016-10-12,10.31007194519043,19.406105041503906,31.934524536132812,35.02814865112305,24.5137996673584
2016-10-13,10.098368644714355,19.321331024169922,31.578121185302734,34.49911117553711,23.816482543945312
2016-10-14,10.313600540161133,19.6180419921875,31.793848037719727,34.908939361572266,23.931507110595703
2016-10-17,10.29515266418457,19.541038513183594,31.6180477142334,34.81350326538086,23.8730411529541
2016-10-18,10.553011894226074,19.892290115356445,32.14596176147461,34.97764205932617,24.507158279418945
2016-10-19,10.649176597595215,19.78476905822754,32.15538787841797,35.216400146484375,24.701719284057617
2016-10-20,10.802323341369629,19.82777214050293,32.013973236083984,35.55960464477539,24.629661560058594
2016-10-21,10.862873077392578,19.928131103515625,32.34393310546875,35.313392639160156,24.93951416015625
2016-10-24,11.003910064697266,19.935300827026367,32.296791076660156,35.59690475463867,24.838624954223633
2016-10-25,10.969719886779785,20.279386520385742,32.02341842651367,35.58945083618164,25.66010284423828
2016-10-26,10.998210906982422,20.22203254699707,31.966848373413086,35.768516540527344,25.400686264038086
2016-10-27,11.105060577392578,20.121681213378906,31.693466186523438,35.79835891723633,25.343036651611328
2016-10-28,11.083694458007812,20.07866859436035,31.533212661743164,35.858062744140625,25.335834503173828
2016-10-31,10.987530708312988,19.94247055053711,31.34466552734375,35.68645477294922,25.55200958251953
2016-11-01,10.780956268310547,19.64856719970703,30.731924057006836,35.26862716674805,25.32862663269043
2016-11-02,10.530220031738281,19.440685272216797,30.467960357666016,34.33598327636719,25.270977020263672
2016-11-03,10.640628814697266,19.490863800048828,30.269996643066406,34.21659851074219,25.112449645996094
2016-11-04,10.537341117858887,19.218460083007812,30.18515396118164,34.03755187988281,24.71613121032715
2016-11-07,10.862873077392578,19.37616729736328,30.74134635925293,34.79113006591797,25.54480743408203
2016-11-08,10.937665939331055,19.419179916381836,30.74134635925293,34.79113006591797,25.825830459594727
2016-11-09,11.135690689086914,19.519533157348633,30.8638973236084,34.664268493652344,27.562450408935547
2016-11-10,11.407797813415527,18.996238708496094,30.54338264465332,34.1867561340332,28.18935775756836
2016-11-11,11.3436861038208,19.02491569519043,30.222864151000977,34.940338134765625,27.60567855834961
2016-11-14,11.578752517700195,18.910221099853516,30.138017654418945,34.94779968261719,28.059654235839844
2016-11-15,11.571629524230957,18.996238708496094,30.204010009765625,35.20893859863281,27.014799118041992
2016-11-16,11.439848899841309,18.98907470703125,30.486825942993164,35.14178466796875,26.935531616210938
2016-11-17,11.464778900146484,19.24713706970215,30.79789924621582,35.32085037231445,27.38229751586914
2016-11-18,11.350811004638672,19.003408432006836,31.21269989013672,35.365623474121094,26.769800186157227
2016-11-21,11.397109985351562,18.981901168823242,31.382383346557617,35.71628952026367,27.396709442138672
2016-11-22,11.496835708618164,19.161121368408203,31.561487197875977,35.880435943603516,28.29022979736328
2016-11-23,11.479026794433594,19.075096130371094,31.580339431762695,35.619293212890625,28.700977325439453
2016-11-24,11.479026794433594,19.146778106689453,31.844301223754883,35.80582046508789,28.917152404785156
2016-11-25,11.411360740661621,19.153949737548828,31.731184005737305,35.80582046508789,28.679353713989258
2016-11-28,11.185554504394531,18.888715744018555,31.504926681518555,35.50738525390625,28.700977325439453
2016-11-29,11.285277366638184,19.046417236328125,31.542638778686523,35.52976608276367,28.31906509399414
2016-11-30,11.409932136535645,19.053590774536133,31.438940048217773,35.29100799560547,28.182146072387695
2016-12-01,11.518207550048828,18.831371307373047,30.84503746032715,35.20893859863281,28.535234451293945
2016-12-02,11.381441116333008,18.852872848510742,30.552799224853516,35.007476806640625,28.30465316772461
2016-12-05,11.489713668823242,18.781192779541016,30.977025985717773,35.858062744140625,28.917152404785156
2016-12-06,12.002583503723145,18.981901168823242,31.080720901489258,36.11919021606445,28.600093841552734
2016-12-07,12.287511825561523,19.22562599182129,31.363523483276367,37.305503845214844,29.536853790283203
2016-12-08,12.568879127502441,19.60555648803711,31.778305053710938,38.11876678466797,30.250226974487305
2016-12-09,12.504768371582031,19.748926162719727,31.938575744628906,38.044151306152344,29.947587966918945
2016-12-12,12.358744621276855,19.677242279052734,31.78773307800293,37.74570846557617,29.961990356445312
2016-12-13,12.494089126586914,20.042827606201172,32.127113342285156,38.12622833251953,29.356714248657227
2016-12-14,12.362303733825684,20.042827606201172,32.15538787841797,38.15607452392578,29.284652709960938
2016-12-15,12.650794982910156,20.05000114440918,32.81527328491211,38.62613296508789,28.57847023010254
2016-12-16,12.611617088317871,20.214868545532227,33.01324462890625,38.8051872253418,28.448766708374023
2016-12-19,12.415728569030762,20.37973976135254,33.3714714050293,38.93201446533203,28.146116256713867
2016-12-20,12.547504425048828,20.37973976135254,33.32433319091797,39.11855697631836,28.405529022216797
2016-12-21,12.51402759552002,20.279386520385742,33.41859817504883,39.290157318115234,28.41274070739746
2016-12-22,12.47983455657959,20.17902946472168,33.09809112548828,39.11855697631836,28.124502182006836
2016-12-23,12.37868881225586,20.31522560119629,33.362030029296875,39.1110954284668,27.987594604492188
2016-12-27,12.382248878479004,20.29372215270996,33.46573257446289,39.126014709472656,28.074058532714844
2016-12-28,12.364441871643066,20.22203254699707,33.55058288574219,39.08869934082031,28.845090866088867
2016-12-29,12.239786148071289,20.35106658935547,33.43745803833008,38.730567932128906,28.585681915283203
2016-12-30,12.300333976745605,20.308059692382812,33.47516632080078,38.842491149902344,28.794649124145508
2017-01-02,12.383674621582031,20.429920196533203,33.6542854309082,39.26031494140625,28.881120681762695
2017-01-03,12.73983383178711,20.58045768737793,33.51287078857422,39.857200622558594,29.133323669433594
2017-01-04,12.800381660461426,20.77400016784668,33.362030029296875,39.491607666015625,28.816272735595703
2017-01-05,12.71134090423584,21.003393173217773,33.41859817504883,39.67813491821289,29.10450553894043
2017-01-06,12.768324851989746,21.01055908203125,33.6259880065918,39.775123596191406,28.845090866088867
2017-01-09,12.551068305969238,20.716657638549805,33.710838317871094,39.94673538208008,28.873910903930664
2017-01-10,12.536823272705078,20.716657638549805,33.72025680541992,40.17802429199219,29.83950424194336
2017-01-11,12.476275444030762,20.917373657226562,33.823970794677734,40.655540466308594,30.264650344848633
2017-01-12,12.394360542297363,20.80984878540039,33.531734466552734,39.476688385009766,30.365522384643555
2017-01-13,12.656493186950684,20.967552185058594,33.93708419799805,39.872127532958984,30.69700050354004
2017-01-16,12.459066390991211,20.69908905029297,33.68171310424805,39.31254959106445,30.883291244506836
2017-01-17,12.448287010192871,20.670076370239258,33.62492370605469,39.40208053588867,30.688283920288086
2017-01-18,12.428167343139648,20.6483211517334,33.91830825805664,39.45430374145508,31.04939842224121
2017-01-19,12.500024795532227,20.583044052124023,33.8520622253418,39.67813491821289,30.991619110107422
2017-01-20,12.557515144348145,20.691835403442383,33.7952766418457,39.663204193115234,30.92662811279297
2017-01-23,12.399421691894531,20.50326919555664,33.388336181640625,39.670677185058594,31.266090393066406
2017-01-24,12.532362937927246,19.93030548095703,33.55868911743164,40.185489654541016,32.1833381652832
2017-01-25,12.888068199157715,19.83602523803711,33.88991165161133,40.7077522277832,32.16166305541992
2017-01-26,12.934779167175293,19.94481086730957,34.18330001831055,40.42424392700195,31.952226638793945
2017-01-27,12.843513488769531,19.770750045776367,34.173828125,40.07357406616211,32.125553131103516
2017-01-30,12.647336959838867,19.719982147216797,33.965614318847656,39.446834564208984,31.410531997680664
2017-01-31,12.500024795532227,19.654705047607422,33.80474090576172,39.05886459350586,31.244415283203125
2017-02-01,12.676078796386719,19.632949829101562,33.93722915649414,39.56621170043945,31.721094131469727
2017-02-02,12.611408233642578,19.56041717529297,34.61862564086914,39.26031494140625,31.5405330657959
2017-02-03,12.758720397949219,19.625696182250977,34.63754653930664,39.416996002197266,30.76773452758789
2017-02-06,12.602785110473633,19.502397537231445,34.3536376953125,38.82756423950195,30.731616973876953
2017-02-07,12.512962341308594,19.44437599182129,34.66594696044922,38.641048431396484,31.172191619873047
2017-02-08,12.401576042175293,19.647449493408203,34.788978576660156,38.64849853515625,30.81828498840332
2017-02-09,12.559670448303223,19.94481086730957,34.94039535522461,38.730567932128906,30.847183227539062
2017-02-10,12.438940048217773,19.81426429748535,34.959320068359375,38.94694519042969,32.002784729003906
2017-02-13,12.570450782775879,19.828771591186523,35.300018310546875,39.79005813598633,32.847801208496094
2017-02-14,12.697639465332031,19.843273162841797,35.375728607177734,40.17802429199219,32.631134033203125
2017-02-15,12.873697280883789,19.952068328857422,35.4135856628418,40.0362663269043,32.818912506103516
2017-02-16,12.762313842773438,20.039104461669922,35.64072036743164,39.767677307128906,32.501129150390625
2017-02-17,12.642308235168457,19.937559127807617,35.5176887512207,39.56621170043945,32.13278579711914
2017-02-20,12.66889476776123,20.15514373779297,35.60285568237305,39.6557502746582,32.55167770385742
2017-02-21,12.575475692749023,20.285688400268555,36.066585540771484,40.13326644897461,32.86947250366211
2017-02-22,12.563261985778809,20.379974365234375,36.19908905029297,40.185489654541016,32.41445541381836
2017-02-23,12.48924446105957,20.539531707763672,36.30317687988281,40.04372787475586,32.13278579711914
2017-02-24,12.270073890686035,20.53227424621582,35.962493896484375,39.5289192199707,31.410531997680664
2017-02-27,12.261449813842773,20.365467071533203,36.0003547668457,39.49906539916992,31.410531997680664
2017-02-28,12.309595108032227,20.336458206176758,35.93410110473633,39.49906539916992,31.09273910522461
2017-03-01,12.66889476776123,20.496015548706055,36.47352981567383,40.32725524902344,31.99555206298828
2017-03-02,12.640152931213379,20.459753036499023,36.54923629760742,40.39440155029297,31.69220733642578
2017-03-03,12.823396682739258,20.4379940032959,36.539791107177734,40.42424392700195,31.5405330657959
2017-03-06,12.632967948913574,20.394481658935547,36.265323638916016,40.185489654541016,30.861616134643555
2017-03-07,12.625781059265137,20.459753036499023,36.31264114379883,40.39440155029297,30.66661834716797
2017-03-08,12.701234817504883,20.379974365234375,36.36944580078125,40.31232833862305,30.43549346923828
2017-03-09,12.855731964111328,20.561290740966797,36.51137924194336,39.92435073852539,29.604915618896484
2017-03-10,12.96711540222168,20.670076370239258,36.47352981567383,39.82736587524414,29.395463943481445
2017-03-13,12.992264747619629,20.590299606323242,36.60602951049805,40.29740524291992,30.28382682800293
2017-03-14,12.819802284240723,20.554033279418945,36.66281509399414,40.237709045410156,30.29105567932129
2017-03-15,12.927590370178223,20.604806900024414,36.738529205322266,40.200408935546875,30.78940200805664
2017-03-16,13.077059745788574,20.851396560668945,37.04135513305664,40.3421630859375,31.829437255859375
2017-03-17,13.044722557067871,21.02545738220215,37.183311462402344,40.12580108642578,32.0172233581543
2017-03-20,12.938370704650879,20.880401611328125,37.23063278198242,40.06611251831055,31.952226638793945
2017-03-21,12.963522911071777,20.80788230895996,36.70066833496094,39.68559265136719,30.984405517578125
2017-03-22,12.866511344909668,20.82963752746582,36.62495422363281,39.54383850097656,31.02051544189453
2017-03-23,12.952744483947754,21.0327091217041,36.88994598388672,39.92435073852539,30.876068115234375
2017-03-24,12.923998832702637,21.010953903198242,37.40098190307617,40.05118942260742,30.72439956665039
2017-03-27,12.819802284240723,21.003705978393555,37.183311462402344,39.9019660949707,29.857702255249023
2017-03-28,12.995859146118164,21.003705978393555,37.42938232421875,40.580928802490234,30.161043167114258
2017-03-29,12.990830421447754,21.02545738220215,37.4388427734375,40.782386779785156,30.464385986328125
2017-03-30,13.053346633911133,20.98194122314453,37.70383834838867,40.96144485473633,31.071073532104492
2017-03-31,13.073467254638672,21.090730667114258,37.921485900878906,40.97637939453125,30.681066513061523
2017-04-03,12.904596328735352,20.952930450439453,37.665977478027344,40.55854415893555,30.5366153717041
2017-04-04,12.843513488769531,20.82963752746582,37.789005279541016,40.2824821472168,30.941072463989258
2017-04-05,12.90244197845459,20.757112503051758,37.64704132080078,39.87958526611328,31.14329719543457
2017-04-06,12.938370704650879,20.72810173034668,37.68490219116211,39.857200622558594,31.157751083374023
2017-04-07,12.920404434204102,20.6483211517334,37.82685852050781,39.89450454711914,31.208301544189453
2017-04-10,12.884476661682129,20.706340789794922,37.82685852050781,39.81243133544922,31.280527114868164
2017-04-11,12.791056632995605,20.72810173034668,37.41044998168945,39.61843490600586,31.388858795166016
2017-04-12,12.701234817504883,20.72084617614746,37.53348159790039,39.722896575927734,30.529396057128906
2017-04-13,12.557515144348145,20.670076370239258,37.50509262084961,39.431915283203125,30.51494598388672
2017-04-18,12.399576187133789,20.458852767944336,37.049537658691406,39.25168991088867,29.538969039916992
2017-04-19,12.667012214660645,20.568023681640625,37.10636520385742,39.803897857666016,29.83719825744629
2017-04-20,12.757360458374023,20.524349212646484,37.28630065917969,40.184478759765625,29.960847854614258
2017-04-21,12.854935646057129,20.47340202331543,37.19160079956055,40.16209411621094,29.946300506591797
2017-04-24,13.475098609924316,20.851871490478516,37.94926071166992,41.40083312988281,30.22270965576172
2017-04-25,13.541596412658691,20.924654006958008,38.21443176269531,41.535152435302734,30.310001373291016
2017-04-26,13.548823356628418,20.902816772460938,38.14813995361328,41.85603713989258,30.4045467376709
2017-04-27,13.476493835449219,20.716344833374023,38.328086853027344,41.627403259277344,29.6117000579834
2017-04-28,13.476493835449219,20.572580337524414,38.36595916748047,41.96886444091797,29.87356185913086
2017-05-02,13.568751335144043,20.788217544555664,38.9152717590332,41.70328903198242,29.553516387939453
2017-05-03,13.644769668579102,20.836130142211914,38.8016242980957,41.452880859375,28.83340835571289
2017-05-04,13.860276222229004,20.931964874267578,39.05734634399414,41.817115783691406,28.1860294342041
2017-05-05,13.948836326599121,21.155580520629883,39.341461181640625,42.3406867980957,28.920684814453125
2017-05-08,13.897174835205078,21.195510864257812,39.32252502441406,42.3937873840332,28.59337615966797
2017-05-09,13.860276222229004,21.22745704650879,39.58768844604492,42.23444366455078,29.080718994140625
2017-05-10,13.941454887390137,21.379199981689453,39.45511245727539,42.51520538330078,29.291656494140625
2017-05-11,13.903080940246582,20.971899032592773,39.33198165893555,42.348262786865234,29.44441032409668
2017-05-12,13.871343612670898,21.498994827270508,39.701351165771484,42.46208190917969,29.000699996948242
2017-05-15,13.969504356384277,21.395172119140625,39.748695373535156,42.583492279052734,29.495325088500977
2017-05-16,13.91193962097168,21.706632614135742,39.71082305908203,42.279972076416016,29.597152709960938
2017-05-17,13.598272323608398,21.491004943847656,39.11415481567383,41.76400375366211,29.269838333129883
2017-05-18,13.520779609680176,21.331279754638672,38.943687438964844,41.36941909790039,29.197093963623047
2017-05-19,13.670598983764648,21.498994827270508,39.189910888671875,41.619815826416016,29.626245498657227
2017-05-22,13.616721153259277,21.762537002563477,38.9815788269043,41.49083709716797,29.604427337646484
2017-05-23,13.705288887023926,21.794483184814453,39.47404861450195,41.43013000488281,29.48078155517578
2017-05-24,13.738495826721191,21.86635398864746,39.682411193847656,41.17973709106445,29.53169822692871
2017-05-25,13.720049858093262,21.922258377075195,39.76763916015625,41.14178466796875,29.320749282836914
2017-05-26,13.638862609863281,21.970178604125977,39.72976303100586,40.944496154785156,29.211645126342773
2017-05-29,13.616721153259277,21.98615264892578,39.66346740722656,40.83826446533203,29.233463287353516
2017-05-30,13.51708698272705,21.82642936706543,39.701351165771484,40.80792236328125,29.277114868164062
2017-05-31,13.404908180236816,21.850385665893555,39.71082305908203,40.253997802734375,28.658842086791992
2017-06-01,13.443285942077637,21.882326126098633,40.080169677734375,40.914146423339844,28.920684814453125
2017-06-02,13.417452812194824,21.850385665893555,40.26011657714844,41.422542572021484,28.782489776611328
2017-06-06,13.3251953125,21.770523071289062,39.95705795288086,40.891380310058594,28.658842086791992
2017-06-07,13.408598899841309,21.762537002563477,40.0517578125,40.84585189819336,28.83340835571289
2017-06-08,13.590889930725098,21.69066047668457,40.127532958984375,40.60304260253906,29.138906478881836
2017-06-09,13.653619766235352,21.642742156982422,40.26011657714844,40.86861801147461,29.364389419555664
2017-06-12,13.486089706420898,21.618783950805664,38.8016242980957,41.04314041137695,29.007972717285156
2017-06-13,13.535540580749512,21.642742156982422,39.23728561401367,41.1265983581543,29.117082595825195
2017-06-14,13.339958190917969,21.562877655029297,39.42669677734375,40.79274368286133,28.535179138183594
2017-06-15,13.354719161987305,21.339265823364258,38.93421936035156,40.42852020263672,28.047842025756836
2017-06-16,13.368008613586426,21.483020782470703,39.36040115356445,40.56509780883789,27.953269958496094
2017-06-19,13.519305229187012,21.483020782470703,39.80552291870117,40.83068084716797,28.411527633666992
2017-06-20,13.35841178894043,21.299331665039062,39.55928039550781,40.633399963378906,27.545944213867188
2017-06-21,13.33110237121582,21.299331665039062,39.625579833984375,40.671329498291016,27.764158248901367
2017-06-22,13.269847869873047,21.315305709838867,39.78658676147461,41.027957916259766,27.82234764099121
2017-06-23,13.18128490447998,21.291345596313477,39.938114166259766,40.739620208740234,27.85871124267578
2017-06-26,13.303056716918945,21.275373458862305,39.72976303100586,40.823081970214844,27.74960708618164
2017-06-27,13.404908180236816,21.02780532836914,39.208866119384766,40.23123550415039,28.22968101501465
2017-06-28,13.598272323608398,20.987873077392578,38.953155517578125,40.37540054321289,28.426074981689453
2017-06-29,13.649935722351074,20.76425552368164,37.81666946411133,39.684906005859375,28.54245376586914
2017-06-30,13.52668285369873,20.652448654174805,37.97767639160156,39.495208740234375,28.615192413330078
2017-07-03,13.889800071716309,20.828142166137695,38.11972427368164,40.26917266845703,29.451679229736328
2017-07-04,13.900863647460938,20.69237518310547,38.04396438598633,40.200889587402344,29.669893264770508
2017-07-05,13.900863647460938,20.620502471923828,38.26179885864258,39.73802185058594,29.69898796081543
2017-07-06,13.96728801727295,20.50869369506836,37.6177864074707,40.01877975463867,29.38622283935547
2017-07-07,13.956220626831055,20.516677856445312,38.129207611083984,40.087059020996094,29.14617919921875
2017-07-10,13.982048988342285,20.58057403564453,38.45120620727539,40.30711364746094,29.4880428314209
2017-07-11,13.91193962097168,20.43682098388672,38.28072738647461,40.671329498291016,29.626245498657227
2017-07-12,14.007878303527832,20.732309341430664,38.858455657958984,41.30112838745117,30.179067611694336
2017-07-13,14.133343696594238,21.04377555847168,38.867916107177734,41.452880859375,30.310001373291016
2017-07-14,14.055850982666016,21.003841400146484,38.9815788269043,41.528770446777344,30.739147186279297
2017-07-17,14.035269737243652,21.144689559936523,38.93012619018555,41.5021858215332,31.027969360351562
2017-07-18,13.824487686157227,21.024641036987305,38.22212219238281,41.083133697509766,30.55884552001953
2017-07-19,13.884714126586914,21.224721908569336,38.977970123291016,41.323699951171875,30.830059051513672
2017-07-20,13.824487686157227,21.25673484802246,39.08319854736328,41.19178009033203,30.258319854736328
2017-07-21,13.688993453979492,21.17670249938965,38.58570098876953,40.05876541137695,29.891813278198242
2017-07-24,13.775558471679688,21.03264808654785,38.42305374145508,39.569862365722656,29.855161666870117
2017-07-25,14.031502723693848,21.00863265991211,38.44218826293945,39.569862365722656,30.676122665405273
2017-07-26,14.091721534729004,21.152692794799805,38.834449768066406,39.8337287902832,30.852062225341797
2017-07-27,14.065374374389648,21.424806594848633,38.977970123291016,39.5931510925293,31.04996109008789
2017-07-28,13.948694229125977,21.160696029663086,38.58570098876953,39.14305877685547,30.81540298461914
2017-07-31,13.918586730957031,21.168701171875,38.44218826293945,38.80935287475586,30.96933364868164
2017-08-01,14.046555519104004,21.320764541625977,38.652671813964844,39.20513916015625,30.82272720336914
2017-08-02,13.922348022460938,21.144689559936523,38.394351959228516,38.949039459228516,30.287639617919922
2017-08-03,13.978808403015137,21.120681762695312,38.4613151550293,39.00337600708008,30.39025115966797
2017-08-04,14.17076301574707,21.376785278320312,38.86314392089844,39.3758659362793,30.69078826904297
2017-08-07,14.163235664367676,21.448814392089844,38.7387809753418,39.321529388427734,31.22588348388672
2017-08-08,14.204635620117188,21.448814392089844,38.815311431884766,39.52330780029297,31.269861221313477
2017-08-09,13.990096092224121,21.280742645263672,38.499576568603516,39.181854248046875,31.093931198120117
2017-08-10,13.801908493041992,21.048646926879883,38.107322692871094,39.096492767333984,30.756755828857422
2017-08-11,13.553495407104492,20.69650650024414,37.71505355834961,38.840396881103516,30.01642417907715
2017-08-14,13.752979278564453,20.992624282836914,38.29867172241211,39.236175537109375,30.419580459594727
2017-08-15,13.809433937072754,20.920595169067383,38.42305374145508,39.29825210571289,30.126367568969727
2017-08-16,13.873422622680664,20.88858413696289,38.68136978149414,39.5931510925293,30.852062225341797
2017-08-17,13.655118942260742,20.768535614013672,38.470882415771484,39.43794250488281,30.771406173706055
2017-08-18,13.62124252319336,20.640483856201172,38.116886138916016,39.181854248046875,30.580848693847656
2017-08-21,13.489511489868164,20.54444122314453,37.84898376464844,39.11976623535156,30.63947868347168
2017-08-22,13.564787864685059,20.680496215820312,38.34651565551758,39.569862365722656,31.152576446533203
2017-08-23,13.436817169189453,20.520431518554688,38.25082778930664,39.66299057006836,31.357818603515625
2017-08-24,13.485748291015625,20.51243019104004,38.01164627075195,39.802669525146484,31.555728912353516
2017-08-25,13.508328437805176,20.43239402770996,38.04991149902344,39.7561149597168,31.61437225341797
2017-08-28,13.425525665283203,20.344358444213867,37.8203010559082,39.740596771240234,31.42379379272461
2017-08-29,13.252387046813965,20.21630859375,37.50456619262695,39.27497863769531,31.218547821044922
2017-08-30,13.361543655395508,20.392377853393555,37.73419189453125,39.430179595947266,31.687671661376953
2017-08-31,13.444344520568848,20.576452255249023,38.16472625732422,39.34482192993164,32.142127990722656
2017-09-01,13.504565238952637,20.53643798828125,38.42305374145508,39.81819534301758,32.581932067871094
2017-09-04,13.38788890838623,20.400381088256836,38.06904602050781,39.84147644042969,32.41333770751953
2017-09-05,13.226044654846191,20.264331817626953,38.18386459350586,40.213985443115234,32.31805419921875
2017-09-06,13.177114486694336,20.20030403137207,38.20299530029297,40.92015838623047,32.35469055175781
2017-09-07,13.08302116394043,20.208303451538086,38.719642639160156,41.083133697509766,32.52329635620117
2017-09-08,13.195935249328613,20.1602840423584,38.7387809753418,41.106422424316406,32.00286102294922
2017-09-11,13.425525665283203,20.384384155273438,39.23628616333008,41.28489685058594,32.471981048583984
2017-09-12,13.625008583068848,20.392377853393555,39.34153366088867,41.75828170776367,32.904457092285156
2017-09-13,13.655118942260742,20.46440887451172,39.34153366088867,41.73500061035156,32.39134979248047
2017-09-14,13.722868919372559,20.320344924926758,39.45634460449219,42.04541778564453,31.944223403930664
2017-09-15,13.613715171813965,20.296337127685547,39.55201721191406,42.386871337890625,31.724313735961914
2017-09-18,13.688993453979492,20.472414016723633,39.85817337036133,42.54983139038086,31.7829647064209
2017-09-19,13.722868919372559,20.568456649780273,39.953834533691406,42.751609802246094,31.768293380737305
2017-09-20,13.66640853881836,20.608469009399414,39.68595886230469,42.75935745239258,31.907567977905273
2017-09-21,13.86589241027832,20.376375198364258,39.513736724853516,43.12409973144531,31.804948806762695
2017-09-22,13.854599952697754,20.35236167907715,39.59984588623047,43.232730865478516,31.812286376953125
2017-09-25,13.771797180175781,20.488420486450195,39.3702278137207,43.10082244873047,31.555728912353516
2017-09-26,13.756743431091309,20.504423141479492,39.284122467041016,43.325862884521484,31.48975372314453
2017-09-27,14.042793273925781,20.58445930480957,39.58070755004883,43.34137725830078,31.54839515686035
2017-09-28,14.046555519104004,20.488420486450195,39.848602294921875,43.186180114746094,31.475093841552734
2017-09-29,14.125594139099121,20.552446365356445,40.0303840637207,43.51987075805664,31.716991424560547
2017-10-02,14.106775283813477,20.528438568115234,40.55659484863281,43.72165298461914,32.10547637939453
2017-10-03,14.106775283813477,20.528438568115234,40.55659484863281,43.72165298461914,32.10547637939453
2017-10-04,13.975040435791016,20.336353302001953,40.47050094604492,44.311424255371094,32.73586654663086
2017-10-05,14.091721534729004,20.504423141479492,40.43222427368164,44.30366134643555,33.08770751953125
2017-10-06,14.054082870483398,20.440401077270508,40.336544036865234,44.28815460205078,32.8604736328125
2017-10-09,14.023970603942871,20.46440887451172,40.671409606933594,44.35023880004883,32.68455123901367
2017-10-10,13.959989547729492,20.472414016723633,40.43222427368164,44.10965347290039,32.77251052856445
2017-10-11,13.948694229125977,20.53643798828125,40.42266082763672,44.21829605102539,32.42066192626953
2017-10-12,13.888476371765137,20.49642562866211,40.51832580566406,44.22606658935547,32.64057159423828
2017-10-13,13.820727348327637,20.576452255249023,40.78622055053711,44.055335998535156,33.468868255615234
2017-10-16,13.810019493103027,20.53411865234375,40.71361541748047,44.05799102783203,33.80363082885742
2017-10-17,13.859150886535645,20.4365291595459,40.72319030761719,44.07353973388672,33.405155181884766
2017-10-18,13.942299842834473,20.44466209411621,40.6274528503418,44.40036392211914,33.050968170166016
2017-10-19,13.813797950744629,20.322677612304688,40.72319030761719,43.71561050415039,33.07310104370117
2017-10-20,13.991427421569824,20.387741088867188,40.97208023071289,43.58332443237305,33.228065490722656
2017-10-23,13.919620513916016,20.42026138305664,41.47945785522461,43.70781707763672,33.4863395690918
2017-10-24,13.987648963928223,20.363340377807617,41.30714416503906,44.1202392578125,33.51585388183594
2017-10-25,13.946077346801758,20.25762176513672,41.42201232910156,43.79341125488281,33.08048629760742
2017-10-26,14.025444030761719,20.338937759399414,41.3741455078125,44.3303337097168,33.47894287109375
2017-10-27,13.96875286102295,20.37147331237793,41.79535675048828,44.8828125,33.338748931884766
2017-10-30,13.96119499206543,20.509719848632812,41.75706481933594,45.069557189941406,33.49371337890625
2017-10-31,13.96119499206543,20.509719848632812,41.75706481933594,45.069557189941406,33.49371337890625
2017-11-01,13.896946907043457,20.615442276000977,42.68564224243164,46.08891296386719,34.150447845458984
2017-11-02,13.904504776000977,20.542251586914062,42.29315948486328,46.135597229003906,34.14307403564453
2017-11-03,13.768442153930664,20.338937759399414,42.57076644897461,46.353477478027344,34.150447845458984
2017-11-06,13.704195022583008,20.24948501586914,42.88666534423828,46.27566909790039,34.512020111083984
2017-11-07,13.723090171813965,20.103099822998047,42.59947967529297,45.88660430908203,34.13569259643555
2017-11-08,13.681517601013184,20.05431365966797,42.40802001953125,45.25632095336914,34.28327560424805
2017-11-09,13.643721580505371,20.013647079467773,41.469879150390625,44.77387237548828,33.50847625732422
2017-11-10,13.670177459716797,19.899795532226562,41.31669998168945,44.50929641723633,33.59701919555664
2017-11-13,13.560574531555176,19.745283126831055,41.106117248535156,44.30698776245117,33.34613037109375
2017-11-14,13.439635276794434,19.77781105041504,41.1922607421875,44.190269470214844,32.42374038696289
2017-11-15,13.462311744689941,19.916059494018555,41.01038360595703,43.785640716552734,32.1064453125
2017-11-16,13.511444091796875,20.013647079467773,41.69963073730469,44.166927337646484,32.342567443847656
2017-11-17,13.432074546813965,19.875402450561523,41.517738342285156,43.94904708862305,32.3056755065918
2017-11-20,13.466089248657227,20.029911041259766,41.88151168823242,44.5170783996582,32.69677734375
2017-11-21,13.443413734436035,19.98111915588379,42.50375747680664,45.10847091674805,33.021446228027344
2017-11-22,13.48876667022705,19.899795532226562,42.025115966796875,44.68828201293945,33.1911735534668
2017-11-23,13.454752922058105,19.97298240661621,42.08254623413086,44.67271423339844,33.29447937011719
2017-11-24,13.52656364440918,19.907930374145508,42.19742202758789,44.851680755615234,33.14689254760742
2017-11-27,13.432074546813965,19.851003646850586,41.919803619384766,44.71940231323242,32.748416900634766
2017-11-28,13.477426528930664,19.940460205078125,42.03468322753906,44.952842712402344,32.438507080078125
2017-11-29,13.704195022583008,20.094974517822266,40.92422103881836,45.1240348815918,32.364707946777344
2017-11-30,13.605932235717773,20.135635375976562,40.6944694519043,45.131813049316406,32.08430480957031
2017-12-01,13.424514770507812,20.05431365966797,40.043521881103516,44.28364944458008,31.988370895385742
2017-12-04,13.617265701293945,20.2657527923584,40.05786895751953,44.92171859741211,32.30198669433594
2017-12-05,13.575690269470215,20.306407928466797,40.287620544433594,44.9450569152832,31.84816551208496
2017-12-06,13.41695785522461,20.306407928466797,40.04829406738281,44.5131950378418,31.844484329223633
2017-12-07,13.541679382324219,20.55038070678711,40.124881744384766,44.65326690673828,31.778066635131836
2017-12-08,13.844032287597656,20.57884407043457,40.4407844543457,45.065670013427734,32.12856674194336
2017-12-11,13.866706848144531,20.477190017700195,40.187110900878906,44.99953079223633,32.549198150634766
2017-12-12,13.980090141296387,20.60730743408203,40.81892395019531,45.08900833129883,32.622982025146484
2017-12-13,13.957411766052246,20.428401947021484,40.99123001098633,45.13958740234375,32.83328628540039
2017-12-14,13.842142105102539,20.412134170532227,40.85243225097656,45.065670013427734,33.03621292114258
2017-12-15,13.757107734680176,20.4365291595459,40.72798538208008,45.00731658935547,33.209617614746094
2017-12-18,13.900723457336426,20.582914352416992,41.34541702270508,45.637596130371094,33.87742233276367
2017-12-19,13.878046989440918,20.558513641357422,41.14440155029297,45.559783935546875,33.56011962890625
2017-12-20,13.825135231018066,20.330810546875,40.65617752075195,45.38859558105469,33.89219284057617
2017-12-21,13.930962562561035,20.477190017700195,40.866790771484375,45.6064567565918,34.364437103271484
2017-12-22,13.836477279663086,20.44466209411621,40.809349060058594,45.48198318481445,34.40134048461914
2017-12-27,13.772226333618164,20.477190017700195,40.6944694519043,45.45862579345703,34.74079132080078
2017-12-28,13.749547004699707,20.338937759399414,40.397727966308594,45.26409149169922,34.89574432373047
2017-12-29,13.730650901794434,20.363340377807617,40.292415618896484,45.1551513671875,35.27206802368164
2018-01-02,13.71975040435791,20.39190101623535,40.29042053222656,45.0025634765625,35.62138366699219
2018-01-03,13.739431381225586,20.38368034362793,40.941497802734375,45.6874885559082,35.543792724609375
2018-01-04,13.971047401428223,20.457653045654297,41.29576110839844,46.48915481567383,35.673126220703125
2018-01-05,13.990723609924316,20.671354293823242,41.798431396484375,47.39200210571289,35.74703598022461
2018-01-08,14.033113479614258,20.7782039642334,41.7170524597168,47.92125701904297,36.24593734741211
2018-01-09,14.096694946289062,20.872730255126953,41.793663024902344,48.5361442565918,36.7078857421875
2018-01-10,14.387347221374512,20.506977081298828,41.36757278442383,48.1859016418457,36.759620666503906
2018-01-11,14.452439308166504,20.20285987854004,41.00852584838867,48.05358123779297,37.02199935913086
2018-01-12,14.48574447631836,20.31792640686035,41.137779235839844,48.691802978515625,37.29546356201172
2018-01-15,14.432761192321777,20.25217056274414,41.070762634277344,48.65287780761719,37.36199188232422
2018-01-16,14.44033145904541,20.43710708618164,41.23831558227539,49.080963134765625,36.778099060058594
2018-01-17,14.422163009643555,20.27272605895996,41.53034210205078,49.065399169921875,36.76331329345703
2018-01-18,14.461526870727539,20.215190887451172,42.11441421508789,49.09652328491211,36.81135177612305
2018-01-19,14.50542163848877,20.20285987854004,42.43037796020508,49.695838928222656,37.014617919921875
2018-01-22,14.691624641418457,20.482316970825195,42.23408508300781,50.04608154296875,37.110694885253906
2018-01-23,14.685568809509277,20.56861686706543,42.473453521728516,49.86707305908203,36.3161506652832
2018-01-24,14.635612487792969,20.424781799316406,41.774505615234375,49.56352615356445,36.515708923339844
2018-01-25,14.653778076171875,20.28916358947754,41.42502975463867,49.042049407958984,36.50462341308594
2018-01-26,14.694652557373047,20.432998657226562,41.707489013671875,49.34558868408203,36.62287902832031
2018-01-29,14.674969673156738,20.33437156677246,41.903751373291016,49.36116409301758,37.0589599609375
2018-01-30,14.490283966064453,20.116558074951172,41.482479095458984,48.76963424682617,36.45288848876953
2018-01-31,14.447894096374512,20.10834312438965,41.30055236816406,48.6373176574707,36.30875015258789
2018-02-01,14.43427562713623,19.81244468688965,41.659610748291016,48.38825607299805,36.26810836791992
2018-02-02,14.272295951843262,19.615188598632812,41.003746032714844,47.477622985839844,35.251834869384766
2018-02-05,14.063387870788574,19.154911041259766,40.60639190673828,46.816043853759766,35.026405334472656
2018-02-06,13.695528030395508,18.68229866027832,39.74467468261719,46.09221267700195,34.34642028808594
2018-02-07,13.971047401428223,19.08504867553711,40.615962982177734,47.23634338378906,34.61620330810547
2018-02-08,13.85296630859375,18.719287872314453,39.313804626464844,46.09221267700195,33.7255859375
2018-02-09,13.62891960144043,18.411069869995117,38.93080139160156,45.5863037109375,33.322757720947266
2018-02-12,13.700071334838867,18.628877639770508,39.50529479980469,46.16225814819336,33.99165344238281
2018-02-13,13.586535453796387,18.427513122558594,39.251564025878906,45.74196243286133,34.22816848754883
2018-02-14,13.750030517578125,18.452165603637695,39.8452033996582,46.60590744018555,34.96727752685547
2018-02-15,13.825719833374023,18.485036849975586,40.2664909362793,46.6603889465332,35.599220275878906
2018-02-16,13.96953296661377,18.785045623779297,40.5920295715332,47.181861877441406,35.76182174682617
2018-02-19,13.943800926208496,18.702850341796875,40.30479431152344,46.62925338745117,35.407047271728516
2018-02-20,13.9453125,18.826139450073242,40.77873992919922,46.60590744018555,35.3331298828125
2018-02-21,14.007377624511719,18.809701919555664,40.7260627746582,46.64481735229492,35.84312057495117
2018-02-22,13.98012638092041,18.83846664428711,40.33829116821289,46.52806854248047,35.79877471923828
2018-02-23,13.949853897094727,19.2288818359375,40.47234344482422,46.16225814819336,35.69529724121094
2018-02-26,13.960448265075684,19.298742294311523,40.78831100463867,46.36461639404297,36.094417572021484
2018-02-27,14.036139488220215,19.134357452392578,40.884056091308594,46.36461639404297,35.917030334472656
2018-02-28,13.960448265075684,19.068607330322266,40.89842224121094,46.22452163696289,35.06705856323242
2018-03-01,13.84237289428711,18.9206600189209,40.01754379272461,45.34502029418945,34.33533477783203
2018-03-02,13.477538108825684,18.59600067138672,39.2371940612793,44.2864990234375,33.31536865234375
2018-03-05,13.436666488647461,18.850797653198242,40.24254608154297,44.3487663269043,33.65166473388672
2018-03-06,13.497220993041992,18.9576473236084,40.51063919067383,44.93251419067383,34.06186294555664
2018-03-07,13.556259155273438,18.9576473236084,41.003746032714844,45.22048568725586,33.97317886352539
2018-03-08,13.624382972717285,19.224767684936523,41.67396545410156,45.555171966552734,33.858612060546875
2018-03-09,13.61983871459961,19.274084091186523,41.98994827270508,45.53960418701172,34.424034118652344
2018-03-12,13.654653549194336,19.269975662231445,42.23408508300781,45.6874885559082,34.35012435913086
2018-03-13,13.551717758178711,18.953535079956055,41.67875289916992,45.228267669677734,34.4425048828125
2018-03-14,13.426072120666504,18.953535079956055,41.664398193359375,45.29832077026367,34.80097961425781
2018-03-15,13.477538108825684,18.92888069152832,41.946842193603516,45.819801330566406,34.79729461669922
2018-03-16,13.633464813232422,19.076824188232422,41.92770004272461,45.9754638671875,35.0374870300293
2018-03-19,13.48813533782959,18.88778305053711,40.7930908203125,45.422855377197266,34.169044494628906
2018-03-20,13.56988525390625,18.711069107055664,40.93192672729492,45.9054069519043,34.40186309814453
2018-03-21,13.435154914855957,18.649431228637695,41.032466888427734,45.936546325683594,35.00423812866211
2018-03-22,13.120278358459473,18.361753463745117,40.276065826416016,45.173789978027344,34.04338455200195
2018-03-23,12.943163871765137,18.35763931274414,39.615413665771484,44.1931037902832,33.729270935058594
2018-03-26,12.909857749938965,18.180931091308594,39.25635528564453,44.23202133178711,33.5260124206543
2018-03-27,13.008255004882812,18.39874267578125,39.931373596191406,44.70679473876953,33.980567932128906
2018-03-28,13.024904251098633,18.517925262451172,39.313804626464844,44.45772171020508,33.41145324707031
2018-03-29,13.061241149902344,18.59600067138672,39.44784927368164,45.84314727783203,33.906654357910156
2018-04-03,12.944676399230957,18.47681999206543,39.10316467285156,45.819801330566406,33.99905014038086
2018-04-04,12.872013092041016,18.501474380493164,38.49995040893555,45.422855377197266,33.241458892822266
2018-04-05,13.2020263671875,19.052167892456055,39.65849685668945,46.49694061279297,34.23186492919922
2018-04-06,13.064269065856934,19.089155197143555,39.53881072998047,46.22452163696289,33.696006774902344
2018-04-09,13.136931419372559,19.105587005615234,39.83561706542969,46.006587982177734,33.470577239990234
2018-04-10,13.188401222229004,19.241209030151367,40.209041595458984,46.808265686035156,34.29838562011719
2018-04-11,13.105140686035156,19.298742294311523,40.08456802368164,46.52029037475586,34.25403594970703
2018-04-12,13.238357543945312,19.40559196472168,40.62554168701172,46.96391677856445,34.43880844116211
2018-04-13,13.265603065490723,19.385047912597656,40.50584411621094,47.12737274169922,34.93770980834961
2018-04-16,13.238856315612793,19.417924880981445,40.2664909362793,46.668174743652344,34.549678802490234
2018-04-17,13.307206153869629,19.491899490356445,41.0133171081543,47.35309600830078,34.963584899902344
2018-04-18,13.322394371032715,19.417924880981445,40.8553352355957,46.87831497192383,36.438114166259766
2018-04-19,13.442389488220215,19.426143646240234,40.43882369995117,46.96391677856445,36.475067138671875
2018-04-20,13.48643684387207,19.6480655670166,40.42926025390625,46.746002197265625,36.46766662597656
2018-04-23,13.57453441619873,19.878204345703125,40.611175537109375,46.93280029296875,36.463966369628906
2018-04-24,13.577573776245117,19.70970916748047,40.86012649536133,46.96391677856445,36.744834899902344
2018-04-25,13.463656425476074,19.660388946533203,40.58723831176758,46.27122497558594,36.07963180541992
2018-04-26,13.50010871887207,19.943954467773438,40.9223518371582,46.62147521972656,36.21636962890625
2018-04-27,13.498592376708984,19.89463996887207,41.329280853271484,46.58254623413086,36.146156311035156
2018-04-30,13.512259483337402,19.92751121520996,41.23831558227539,46.59811782836914,35.791378021240234
2018-05-02,13.538082122802734,19.89874839782715,41.67396545410156,47.469844818115234,36.371585845947266
2018-05-03,13.377076148986816,19.635732650756836,41.65481948852539,47.135162353515625,36.186805725097656
2018-05-04,13.389226913452148,19.71381950378418,42.334625244140625,47.45426940917969,36.60439682006836
2018-05-07,13.460618019104004,19.80011749267578,42.803794860839844,47.86677932739258,36.93700408935547
2018-05-08,13.424165725708008,19.783676147460938,43.0335693359375,47.750022888183594,36.65614318847656
2018-05-09,13.57453441619873,19.808340072631836,43.28730392456055,47.477622985839844,37.45808029174805
2018-05-10,13.618581771850586,19.63983917236328,43.59849166870117,47.49319076538086,37.76851272583008
2018-05-11,13.6702299118042,19.6480655670166,43.55061721801758,47.532100677490234,38.30805969238281
2018-05-14,13.609471321105957,19.46312713623047,43.459659576416016,47.415348052978516,38.374576568603516
2018-05-15,13.635292053222656,19.068607330322266,43.196346282958984,47.547664642333984,38.189796447753906
2018-05-16,13.459098815917969,18.99052619934082,43.43571853637695,47.48540496826172,39.26150894165039
2018-05-17,13.481880187988281,19.089155197143555,43.69423294067383,48.170326232910156,39.45367431640625
2018-05-18,13.360366821289062,18.900114059448242,43.48358917236328,47.843441009521484,38.943695068359375
2018-05-21,13.360366821289062,18.900114059448242,43.48358917236328,47.843441009521484,38.943695068359375
2018-05-22,13.550230979919434,19.163127899169922,43.72774887084961,48.52058029174805,39.54237365722656
2018-05-23,13.381631851196289,19.07271385192871,43.4069938659668,47.71111297607422,38.47066116333008
2018-05-24,13.1902494430542,18.91244125366211,43.55540084838867,46.76156234741211,38.07893753051758
2018-05-25,13.080888748168945,18.904218673706055,43.97669982910156,46.925010681152344,37.84980392456055
2018-05-28,12.95633602142334,18.842571258544922,43.69423294067383,46.56698989868164,37.709373474121094
2018-05-29,12.579645156860352,18.64120864868164,43.229862213134766,45.5162467956543,37.57633590698242
2018-05-30,12.614579200744629,18.743946075439453,43.34954833984375,45.88983917236328,37.798065185546875
2018-05-31,12.477879524230957,18.637096405029297,43.311248779296875,45.562950134277344,37.665035247802734
2018-06-01,12.745208740234375,18.77682113647461,43.933589935302734,45.609649658203125,38.529788970947266
2018-06-04,12.780144691467285,18.96586799621582,44.09158706665039,45.632999420166016,38.441097259521484
2018-06-05,12.549269676208496,18.91244125366211,44.656497955322266,45.85871505737305,38.729347229003906
2018-06-06,12.641922950744629,18.9329891204834,44.847991943359375,46.09221267700195,39.56454086303711
2018-06-07,12.681414604187012,18.92888069152832,44.6995849609375,46.185611724853516,39.180206298828125
2018-06-08,12.602428436279297,18.88778305053711,44.67087173461914,45.757530212402344,38.758907318115234
2018-06-11,12.825712203979492,19.146690368652344,45.0490608215332,45.53960418701172,38.89196014404297
2018-06-12,12.8576078414917,19.163127899169922,45.144805908203125,45.50067901611328,38.396751403808594
2018-06-13,12.76950740814209,18.97819709777832,45.896427154541016,45.48512268066406,38.71456527709961
2018-06-14,12.84242057800293,19.294635772705078,46.691123962402344,46.22452163696289,39.09151077270508
2018-06-15,12.596357345581055,19.068607330322266,46.32250213623047,45.99880599975586,37.73154067993164
2018-06-18,12.534078598022461,18.916549682617188,45.8868408203125,45.578521728515625,37.65763473510742
2018-06-19,12.540155410766602,18.861072540283203,45.183101654052734,44.94807052612305,36.672767639160156
2018-06-20,12.622176170349121,18.92477035522461,45.403316497802734,44.72625732421875,36.81504821777344
2018-06-21,12.435352325439453,18.79532241821289,44.85516357421875,43.30582809448242,36.45842742919922
2018-06-22,12.62597370147705,19.064498901367188,44.73550033569336,43.08009719848633,37.1956901550293
2018-06-25,12.31611442565918,18.79942512512207,43.52189254760742,42.103309631347656,35.72116470336914
2018-06-26,12.323709487915039,18.67203140258789,43.52667236328125,42.02936935424805,36.0204963684082
2018-06-27,12.306241989135742,18.746000289916992,43.8546142578125,42.12276840209961,36.50831604003906
2018-06-28,12.309277534484863,18.573396682739258,42.784645080566406,41.18878173828125,36.094417572021484
2018-06-29,12.386741638183594,18.57545280456543,43.45247268676758,41.19655990600586,36.36974334716797
2018-07-02,12.262195587158203,18.46038055419922,43.052730560302734,41.03311538696289,35.50682830810547
2018-07-03,12.352568626403809,18.805585861206055,43.126930236816406,41.239376068115234,35.24629211425781
2018-07-04,12.385225296020508,19.152854919433594,42.61468505859375,41.28218078613281,34.87489700317383
2018-07-05,12.499141693115234,19.198060989379883,43.04315948486328,42.65202713012695,35.379337310791016
2018-07-06,12.486992835998535,19.3768253326416,43.15804672241211,42.36015701293945,35.42923355102539
2018-07-09,12.569013595581055,19.315183639526367,43.689453125,42.41075897216797,36.05376052856445
2018-07-10,12.492307662963867,19.2288818359375,44.211265563964844,42.62868118286133,36.00018310546875
2018-07-11,12.335103034973145,18.99874496459961,43.63199996948242,41.8853759765625,34.8046760559082
2018-07-12,12.356368064880371,18.951480865478516,44.022178649902344,42.083858489990234,35.030094146728516
2018-07-13,12.348012924194336,18.78709602355957,44.19929122924805,42.39517593383789,34.9284782409668
2018-07-16,12.395151138305664,18.715625762939453,44.295204162597656,42.17862319946289,34.618804931640625
2018-07-17,12.35324764251709,18.493412017822266,44.516605377197266,42.46491622924805,34.96818542480469
2018-07-18,12.364112854003906,18.505754470825195,45.59955978393555,42.91022491455078,35.21238327026367
2018-07-19,12.345488548278809,18.398761749267578,45.142311096191406,42.981815338134766,34.69769287109375
2018-07-20,12.331521987915039,18.460487365722656,44.98829650878906,42.05935287475586,34.032752990722656
2018-07-23,12.412221908569336,18.526330947875977,44.63212585449219,41.9877815246582,33.89374923706055
2018-07-24,12.690013885498047,18.47694969177246,44.916099548339844,43.12493896484375,35.591819763183594
2018-07-25,12.615520477294922,18.452259063720703,44.675437927246094,41.87643814086914,35.280006408691406
2018-07-26,12.72260570526123,18.765005111694336,44.94017028808594,42.86252212524414,35.39646530151367
2018-07-27,12.795544624328613,19.14771270751953,44.90646743774414,42.78299331665039,35.524208068847656
2018-07-30,12.821929931640625,19.27528953552246,44.078617095947266,42.89432907104492,35.377685546875
2018-07-31,12.941426277160645,19.192977905273438,43.9871711730957,42.90228271484375,35.884849548339844
2018-08-01,12.811063766479492,19.12302589416504,43.78982162475586,41.828731536865234,35.343875885009766
2018-08-02,12.600005149841309,18.925495147705078,43.84757995605469,41.3993034362793,34.27318572998047
2018-08-03,12.67759895324707,19.118906021118164,44.04011535644531,41.637874603271484,34.9268684387207
2018-08-06,12.615520477294922,19.168291091918945,44.10749435424805,41.80487060546875,34.48357391357422
2018-08-07,12.705536842346191,19.205318450927734,43.93903732299805,42.15476608276367,35.08089065551758
2018-08-08,12.691567420959473,19.106565475463867,44.198944091796875,42.36152267456055,34.911834716796875
2018-08-09,12.685359001159668,19.08186912536621,44.1796760559082,42.472869873046875,35.12221145629883
2018-08-10,12.437052726745605,18.802040100097656,43.62617492675781,41.70943832397461,34.506103515625
2018-08-13,12.300483703613281,18.82261848449707,43.770572662353516,41.59016799926758,34.3896484375
2018-08-14,12.258584022521973,18.74443244934082,43.81389236450195,41.32773208618164,34.18678283691406
2018-08-15,12.081663131713867,18.49752426147461,43.02934646606445,40.341670989990234,32.71786880493164
2018-08-16,12.160810470581055,18.6086368560791,43.60210418701172,40.64384841918945,33.10858154296875
2018-08-17,12.086319923400879,18.49752426147461,43.37589645385742,40.484806060791016,33.01841735839844
2018-08-20,12.11890983581543,18.54279136657715,43.62617492675781,40.89036178588867,33.315208435058594
2018-08-21,12.187195777893066,18.57159423828125,43.794639587402344,41.24026870727539,33.18372344970703
2018-08-22,12.179435729980469,18.592172622680664,43.75613021850586,40.087188720703125,33.44668960571289
2018-08-23,12.117356300354004,18.55513572692871,44.0449104309082,39.54644012451172,33.2025032043457
2018-08-24,12.1328763961792,18.49752426147461,44.420345306396484,39.75716781616211,33.653316497802734
2018-08-27,12.204263687133789,18.530441284179688,44.848716735839844,40.619991302490234,33.9388313293457
2018-08-28,12.103391647338867,18.386411666870117,44.72838592529297,40.93808364868164,34.24312973022461
2018-08-29,12.160810470581055,18.386411666870117,44.86796188354492,41.08123016357422,34.29573059082031
2018-08-30,12.008723258972168,18.081890106201172,44.699501037597656,41.04941177368164,33.99517059326172
2018-08-31,11.917159080505371,17.91316795349121,44.4251594543457,40.445037841796875,33.63077163696289
2018-09-03,11.96371841430664,17.99959373474121,44.583984375,39.99971008300781,33.653316497802734
2018-09-04,12.028899192810059,17.785608291625977,43.890907287597656,39.669700622558594,33.12361526489258
2018-09-05,12.06924819946289,17.567501068115234,42.56729507446289,39.33172607421875,32.89068603515625
2018-09-06,11.957510948181152,17.579849243164062,42.06190490722656,39.08918762207031,32.68406677246094
2018-09-07,11.851980209350586,17.723880767822266,42.27369689941406,39.22438049316406,32.38351821899414
2018-09-10,11.96371841430664,17.847335815429688,42.485469818115234,39.26811599731445,32.255794525146484
2018-09-11,11.912505149841309,17.85556983947754,42.427703857421875,38.946044921875,31.9965763092041
2018-09-12,11.876811027526855,17.818525314331055,42.1485481262207,39.339691162109375,32.42110061645508
2018-09-13,11.971478462219238,17.86790657043457,42.42289352416992,39.73331069946289,32.57511901855469
2018-09-14,12.008723258972168,17.892597198486328,42.740562438964844,40.278053283691406,32.916988372802734
2018-09-17,12.089422225952148,17.970787048339844,42.413272857666016,40.2939567565918,33.04096221923828
2018-09-18,12.097184181213379,18.127166748046875,42.8223876953125,40.651798248291016,33.360286712646484
2018-09-19,12.26944637298584,18.016054153442383,42.600982666015625,41.34364318847656,34.41969680786133
2018-09-20,12.452571868896484,18.10658836364746,42.66355514526367,42.00368118286133,34.89680480957031
2018-09-21,12.486712455749512,18.197118759155273,43.0341682434082,42.17067337036133,35.4114990234375
2018-09-24,12.39825439453125,18.061317443847656,43.01009750366211,41.502689361572266,35.36265182495117
2018-09-25,12.440155029296875,18.036624908447266,43.67912673950195,40.540462493896484,35.96749496459961
2018-09-26,12.458778381347656,18.07777976989746,43.68875503540039,40.675655364990234,35.595577239990234
2018-09-27,12.452571868896484,18.246498107910156,43.67431640625,40.80289077758789,35.51668930053711
2018-09-28,12.098734855651855,17.950210571289062,43.1352424621582,40.166717529296875,35.49038314819336
2018-10-01,11.994756698608398,17.84321403503418,43.76576232910156,40.41323471069336,35.651920318603516
2018-10-02,11.904747009277344,17.64569091796875,43.573238372802734,40.445037841796875,35.75335693359375
2018-10-04,11.982340812683105,17.8802547454834,43.19780349731445,40.03948211669922,35.61811447143555
2018-10-05,11.872156143188477,17.822643280029297,42.31700897216797,39.661739349365234,34.802894592285156
2018-10-08,11.720067024230957,17.674497604370117,41.426578521728516,39.053401947021484,34.51362228393555
2018-10-09,11.74334716796875,17.6251163482666,41.7105598449707,39.009666442871094,34.99448776245117
2018-10-10,11.766624450683594,17.93375015258789,39.9296989440918,37.872501373291016,33.5368537902832
2018-10-11,11.482625007629395,17.727996826171875,39.48208236694336,37.25619888305664,33.14615249633789
2018-10-12,11.459343910217285,17.604537963867188,39.698673248291016,37.47886276245117,33.469234466552734
2018-10-15,11.434465408325195,17.851890563964844,39.64103698730469,37.628196716308594,33.70676040649414
2018-10-16,11.506322860717773,18.016054153442383,40.94921112060547,38.31590270996094,33.911502838134766
2018-10-17,11.45164966583252,17.957122802734375,41.147117614746094,37.68817138671875,33.92666244506836
2018-10-18,11.251702308654785,18.020265579223633,40.24443435668945,37.3563117980957,33.37310028076172
2018-10-19,11.220458984375,18.117076873779297,40.03688049316406,36.344730377197266,33.12664794921875
2018-10-22,11.139230728149414,17.94449806213379,39.969276428222656,36.2487678527832,33.10011291503906
2018-10-23,10.984582901000977,17.68351173400879,38.45354461669922,35.956905364990234,32.197731018066406
2018-10-24,10.8252534866333,17.847679138183594,37.71497344970703,35.07326889038086,31.541786193847656
2018-10-25,10.964278221130371,17.780332565307617,38.410091400146484,36.17680358886719,31.89061164855957
2018-10-26,10.84399700164795,17.40569496154785,38.06736373901367,35.7449836730957,31.85270118713379
2018-10-29,11.040820121765137,17.712982177734375,38.39561080932617,36.91249465942383,32.106727600097656
2018-10-30,11.001768112182617,17.809797286987305,38.468021392822266,36.956478118896484,31.871641159057617
2018-10-31,11.153289794921875,17.940282821655273,39.35623550415039,37.18838119506836,32.96361541748047
2018-11-01,11.27513313293457,18.386476516723633,39.592750549316406,37.300331115722656,33.6650505065918
2018-11-02,11.409473419189453,18.335968017578125,39.92099380493164,37.98804473876953,33.72571563720703
2018-11-05,11.367297172546387,18.46224594116211,39.365875244140625,37.63618469238281,33.88495635986328
2018-11-06,11.31574821472168,18.23073387145996,39.45759201049805,37.428279876708984,33.486854553222656
2018-11-07,11.464147567749023,18.42436408996582,39.84377670288086,37.42028045654297,33.87358474731445
2018-11-08,11.546936988830566,18.48750114440918,39.72309494018555,36.9964599609375,34.169334411621094
2018-11-09,11.40322494506836,18.319128036499023,39.737586975097656,36.27676010131836,32.967403411865234
2018-11-12,11.250139236450195,18.2728271484375,38.303890228271484,35.8409423828125,32.72853469848633
2018-11-13,11.421972274780273,18.697975158691406,38.887977600097656,36.58063888549805,32.66028594970703
2018-11-14,11.361048698425293,18.74427032470703,38.685245513916016,36.828529357910156,32.11051559448242
2018-11-15,11.179848670959473,18.559062957763672,38.521114349365234,36.25676345825195,32.292510986328125
2018-11-16,11.09705638885498,18.571691513061523,38.20252227783203,35.90491485595703,32.489681243896484
2018-11-19,11.087682723999023,18.6558780670166,37.444664001464844,35.800960540771484,32.50104522705078
2018-11-20,10.82681655883789,18.453824996948242,36.74469757080078,35.4970817565918,31.837522506713867
2018-11-21,11.014265060424805,18.685338973999023,37.36741638183594,36.232784271240234,32.171173095703125
2018-11-22,10.947093963623047,18.491708755493164,37.053646087646484,36.012874603271484,31.64415168762207
2018-11-23,10.998642921447754,18.668502807617188,37.42051696777344,36.13282775878906,30.80622673034668
2018-11-26,11.27357292175293,19.262022018432617,37.87427520751953,36.92449188232422,30.92376708984375
2018-11-27,11.23139476776123,19.41777229309082,37.96116638183594,36.12481689453125,30.29816246032715
2018-11-28,11.209525108337402,19.43881607055664,38.192867279052734,35.900917053222656,30.37778091430664
2018-11-29,11.184534072875977,19.388303756713867,38.45354461669922,36.09283447265625,30.75315284729004
2018-11-30,11.103304862976074,19.59035873413086,38.27011489868164,35.780975341796875,30.472576141357422
2018-12-03,11.284505844116211,19.480911254882812,39.230716705322266,36.780540466308594,31.613826751708984
2018-12-04,11.087682723999023,19.43039894104004,38.6900749206543,35.91691589355469,31.374954223632812
2018-12-05,11.008017539978027,19.354631423950195,37.95151138305664,35.60504913330078,30.810026168823242
2018-12-06,10.603435516357422,18.98841667175293,36.90399932861328,34.13766098022461,29.600521087646484
2018-12-07,10.590941429138184,19.089435577392578,36.93779754638672,34.013710021972656,29.92279624938965
2018-12-10,10.356627464294434,18.77373504638672,36.648155212402344,33.14207077026367,29.2592830657959
2018-12-11,10.40192699432373,19.022090911865234,37.425350189208984,33.94573974609375,30.089624404907227
2018-12-12,10.66748332977295,19.23676872253418,38.25079345703125,34.629451751708984,30.88585090637207
2018-12-13,10.720592498779297,19.11049461364746,38.04806137084961,34.72541427612305,31.060270309448242
2018-12-14,10.650296211242676,19.12311363220215,37.69083786010742,34.30158615112305,30.684907913208008
2018-12-17,10.480033874511719,19.135744094848633,37.179161071777344,34.08567810058594,30.86310577392578
2018-12-18,10.459723472595215,18.87055778503418,36.82194137573242,34.07368850708008,30.688692092895508
2018-12-19,10.480033874511719,19.072607040405273,36.98606491088867,34.2616081237793,31.15125846862793
2018-12-20,10.216038703918457,18.82846450805664,36.0206184387207,33.557899475097656,30.305744171142578
2018-12-21,10.197295188903809,18.6558780670166,35.81305694580078,33.677852630615234,30.605283737182617
2018-12-27,9.987974166870117,18.154964447021484,35.41722106933594,32.61029815673828,30.021387100219727
2018-12-28,10.184799194335938,18.491708755493164,36.184749603271484,32.95415496826172,30.52565574645996
2019-01-02,10.206669807434082,18.622201919555664,36.38267135620117,32.694271087646484,30.176837921142578
2019-01-03,10.187922477722168,18.731643676757812,34.799339294433594,32.3903923034668,29.39577865600586
2019-01-04,10.56750774383545,18.87897491455078,35.788917541503906,33.737815856933594,30.859304428100586
2019-01-07,10.551888465881348,18.88739013671875,36.3923225402832,34.07768630981445,31.230884552001953
2019-01-08,10.608121871948242,18.6558780670166,36.77849578857422,34.449520111083984,31.36357879638672
2019-01-09,10.570632934570312,18.458036422729492,37.541194915771484,35.23320770263672,31.818567276000977
2019-01-10,10.670604705810547,18.500131607055664,37.42051696777344,35.18523406982422,31.818567276000977
2019-01-11,10.690912246704102,18.52117919921875,37.27570343017578,34.829368591308594,31.93231773376465
2019-01-14,10.678415298461914,18.34859848022461,36.735050201416016,35.145240783691406,31.803409576416016
2019-01-15,10.667558670043945,18.272005081176758,37.11446762084961,35.31637954711914,31.993852615356445
2019-01-16,10.953030586242676,18.28900146484375,37.33665466308594,35.532405853271484,32.23801040649414
2019-01-17,10.821274757385254,18.37396812438965,37.380126953125,35.240352630615234,32.455474853515625
2019-01-18,11.03459358215332,18.603374481201172,38.53451156616211,36.16857147216797,32.93619155883789
2019-01-21,10.996949195861816,18.48017120361328,38.399269104003906,36.10455322265625,32.79121017456055
2019-01-22,10.89813232421875,18.43344497680664,38.12395477294922,35.87250518798828,32.390621185302734
2019-01-23,10.934208869934082,18.48017120361328,38.128787994384766,35.548423767089844,32.196041107177734
2019-01-24,10.909111976623535,18.32723617553711,38.998207092285156,36.24458694458008,32.3295783996582
2019-01-25,11.072240829467773,18.182790756225586,39.684085845947266,37.12479782104492,33.34822463989258
2019-01-28,10.89813232421875,18.123313903808594,39.114131927490234,36.752708435058594,33.172725677490234
2019-01-29,10.927932739257812,18.127561569213867,38.896766662597656,36.568660736083984,33.57331848144531
2019-01-30,10.978127479553223,18.059589385986328,38.887115478515625,36.796722412109375,34.065467834472656
2019-01-31,10.753828048706055,18.059589385986328,38.90159606933594,36.97676086425781,34.39738082885742
2019-02-01,10.695791244506836,18.093582153320312,39.04168701171875,37.33285140991211,34.702598571777344
2019-02-04,10.639325141906738,17.932138442993164,39.07549285888672,36.88473892211914,34.672080993652344
2019-02-05,10.791471481323242,18.221027374267578,39.572994232177734,37.31683349609375,34.8704719543457
2019-02-06,10.877740859985352,18.178543090820312,40.28302001953125,37.23282241821289,34.939144134521484
2019-02-07,10.658147811889648,17.885404586791992,39.42325973510742,35.472408294677734,34.28675079345703
2019-02-08,10.57344913482666,17.766456604003906,39.34114456176758,34.628196716308594,33.94719696044922
2019-02-11,10.7004976272583,17.83443260192871,39.7855110168457,34.79624938964844,33.93955993652344
2019-02-12,10.785198211669922,17.766456604003906,39.94490051269531,35.74046325683594,34.07310104370117
2019-02-13,10.810295104980469,17.876916885375977,40.51002883911133,36.04454040527344,34.725494384765625
2019-02-14,10.681675910949707,17.766456604003906,40.75153732299805,35.64044189453125,34.45842742919922
2019-02-15,10.953030586242676,18.00011444091797,41.02201843261719,36.28059005737305,35.02688980102539
2019-02-18,11.026752471923828,18.19553565979004,41.099300384521484,36.24858093261719,35.16804885864258
2019-02-19,10.927932739257812,18.263507843017578,40.862632751464844,36.32060623168945,35.35499572753906
2019-02-20,10.94205093383789,18.33148193359375,41.0364990234375,37.156803131103516,35.95396041870117
2019-02-21,10.815000534057617,18.4079532623291,40.959228515625,37.180816650390625,35.446563720703125
2019-02-22,10.827547073364258,18.424942016601562,41.48087692260742,37.2208137512207,36.09130859375
2019-02-25,10.935776710510254,18.297496795654297,41.601627349853516,37.94099044799805,36.02646255493164
2019-02-26,10.99381160736084,18.153053283691406,41.495365142822266,37.80096435546875,36.35457229614258
2019-02-27,11.174193382263184,18.063838958740234,41.16209030151367,37.740943908691406,36.41941833496094
2019-02-28,11.258894920349121,18.025606155395508,41.07514572143555,37.628910064697266,35.67164611816406
2019-03-01,11.238503456115723,18.038347244262695,41.44224166870117,38.245052337646484,35.8814811706543
2019-03-04,11.229092597961426,17.957630157470703,41.48087692260742,38.16504669189453,35.90055847167969
2019-03-05,11.20085620880127,18.1063175201416,41.60646057128906,37.964996337890625,35.965415954589844
2019-03-06,11.196151733398438,18.08083724975586,41.29249954223633,37.612918853759766,36.20576477050781
2019-03-07,10.99381160736084,18.28474998474121,41.1041259765625,36.812721252441406,35.862403869628906
2019-03-08,10.825979232788086,18.335729598999023,40.964046478271484,36.2365837097168,35.18330764770508
2019-03-11,10.9812650680542,18.471677780151367,41.364952087402344,36.62867736816406,35.7136116027832
2019-03-12,10.95773696899414,18.424942016601562,41.249027252197266,36.45664596557617,35.67927932739258
2019-03-13,11.064396858215332,18.51841163635254,41.476043701171875,36.6847038269043,36.05316925048828
2019-03-14,11.153800964355469,18.73082733154297,41.64509201049805,36.74470901489258,36.064605712890625
2019-03-15,11.246345520019531,19.032455444335938,42.70772171020508,37.08879089355469,36.076053619384766
2019-03-18,11.396923065185547,19.134418487548828,42.29716873168945,37.03277587890625,36.6025505065918
2019-03-19,11.407902717590332,19.232128143310547,42.66425323486328,37.876976013183594,37.14048385620117
2019-03-20,11.241640090942383,19.164154052734375,42.43239212036133,36.97676086425781,36.491905212402344
2019-03-21,11.089493751525879,19.236373901367188,42.67873764038086,36.83272933959961,36.48046112060547
2019-03-22,10.862056732177734,19.08343505859375,41.96871566772461,36.06454086303711,36.083675384521484
2019-03-25,10.816569328308105,18.93474769592285,41.62094497680664,35.988525390625,36.02264404296875
2019-03-26,10.804019927978516,19.032455444335938,42.1232795715332,35.93252182006836,36.20576477050781
2019-03-27,10.924798011779785,19.040950775146484,41.654762268066406,36.22858810424805,36.3774528503418
2019-03-28,10.772649765014648,18.828535079956055,41.847965240478516,35.99652862548828,36.35457229614258
2019-03-29,10.85421371459961,18.9007568359375,42.54350280761719,36.52865982055664,37.033660888671875
2019-04-01,11.138116836547852,19.053695678710938,43.07963943481445,37.72494125366211,38.34988784790039
2019-04-02,11.205561637878418,19.015459060668945,43.229373931884766,38.21705627441406,38.47196960449219
2019-04-03,11.4031982421875,19.2023868560791,43.97320556640625,38.78120040893555,39.09001922607422
2019-04-04,11.44398021697998,19.2236328125,43.81381607055664,39.025238037109375,38.65509796142578
2019-04-05,11.395356178283691,19.04944610595703,43.89591979980469,39.03725051879883,39.05950164794922
2019-04-08,11.357710838317871,18.947484970092773,43.9104118347168,39.00123596191406,39.10528564453125
2019-04-09,11.371828079223633,18.938989639282227,43.28250503540039,38.62115478515625,38.884002685546875
2019-04-10,11.338889122009277,18.989971160888672,43.4080810546875,38.61714553833008,39.23500061035156
2019-04-11,11.47848892211914,18.888010025024414,43.441898345947266,39.09727096557617,38.76955032348633
2019-04-12,11.705924034118652,18.88376235961914,43.6785774230957,39.88944625854492,39.23500061035156
2019-04-15,11.745697975158691,19.048053741455078,43.578956604003906,39.95393371582031,38.89997100830078
2019-04-16,11.8451566696167,19.030920028686523,43.72425842285156,40.31012725830078,38.80009460449219
2019-04-17,11.92883014678955,19.00522232055664,43.9470329284668,40.93446350097656,38.50044250488281
2019-04-18,11.961982727050781,19.056621551513672,44.31511688232422,41.3667106628418,38.7002067565918
2019-04-23,11.823058128356934,18.928119659423828,44.52337646484375,41.030521392822266,38.63106155395508
2019-04-24,11.707808494567871,18.73537254333496,46.3347282409668,40.46220397949219,38.089385986328125
2019-04-25,11.657289505004883,18.78248405456543,46.034454345703125,40.00996017456055,37.851219177246094
2019-04-26,11.698336601257324,18.992366790771484,45.879478454589844,40.35014343261719,37.52083206176758
2019-04-29,11.818321228027344,19.009511947631836,45.93758773803711,40.35814666748047,37.46320724487305
2019-04-30,11.772537231445312,18.89813995361328,45.879478454589844,40.11802291870117,36.94075012207031
2019-05-02,11.759906768798828,18.833887100219727,45.27407455444336,40.406185150146484,36.17244338989258
2019-05-03,11.805689811706543,18.78248405456543,45.351566314697266,40.342140197753906,36.7563591003418
2019-05-06,11.620980262756348,18.701107025146484,44.67351531982422,39.489681243896484,36.053340911865234
2019-05-07,11.436269760131836,18.6796817779541,43.9034538269043,38.90936279296875,35.76138687133789
2019-05-08,11.371541023254395,18.68825340270996,44.300594329833984,38.997406005859375,35.55009841918945
2019-05-09,11.114209175109863,18.45267105102539,43.394920349121094,37.976844787597656,34.87781524658203
2019-05-10,11.150521278381348,18.482648849487305,43.55474853515625,37.62065124511719,35.01227569580078
2019-05-13,10.940549850463867,18.067171096801758,42.75562286376953,36.59208297729492,34.074920654296875
2019-05-14,11.055795669555664,18.139982223510742,43.738773345947266,37.00831985473633,34.84708786010742
2019-05-15,11.044746398925781,18.10999870300293,44.03421401977539,37.92881774902344,34.797142028808594
2019-05-16,11.197882652282715,18.285615921020508,45.119102478027344,37.7247200012207,35.342655181884766
2019-05-17,11.057374954223633,18.25563621520996,45.04644775390625,37.45256042480469,35.15056610107422
2019-05-20,10.91213321685791,18.396984100341797,43.73394012451172,36.724159240722656,34.85860824584961
2019-05-21,11.010013580322266,18.367000579833984,44.47494125366211,36.940277099609375,35.11983871459961
2019-05-22,10.86003589630127,18.33702278137207,45.060970306396484,36.54806137084961,34.75103759765625
2019-05-23,10.746368408203125,18.139982223510742,43.90829849243164,35.9637451171875,33.92510223388672
2019-05-24,10.796886444091797,18.238502502441406,44.102020263671875,36.103816986083984,34.33615493774414
2019-05-27,10.812674522399902,18.34130096435547,44.281219482421875,36.60809326171875,34.50902557373047
2019-05-28,10.774784088134766,18.34986686706543,44.106868743896484,36.81220245361328,34.61274719238281
2019-05-29,10.684797286987305,18.25563621520996,43.15275192260742,36.33995056152344,33.97120666503906
2019-05-30,10.741630554199219,18.345584869384766,43.58863830566406,36.30392837524414,34.05187225341797
2019-05-31,10.594809532165527,18.345584869384766,43.196346282958984,35.603546142578125,33.47948455810547
2019-06-03,10.530081748962402,18.37557029724121,43.051048278808594,35.575523376464844,33.694618225097656
2019-06-04,10.752683639526367,18.551185607910156,42.96871566772461,36.66813659667969,34.044193267822266
2019-06-05,10.700584411621094,18.64541244506836,43.312583923339844,36.46000671386719,33.6523551940918
2019-06-06,10.58533763885498,18.589736938476562,43.2011833190918,36.11582565307617,33.61008834838867
2019-06-07,10.610596656799316,18.726806640625,44.024539947509766,36.23989486694336,33.756072998046875
2019-06-11,10.755840301513672,18.812469482421875,44.49916076660156,37.076351165771484,35.13521194458008
2019-06-12,10.640592575073242,18.9195556640625,44.12139129638672,36.77218246459961,35.04301071166992
2019-06-13,10.632697105407715,18.88528823852539,44.3054313659668,36.936279296875,35.61924362182617
2019-06-14,10.563234329223633,18.786766052246094,43.530521392822266,36.604095458984375,35.338809967041016
2019-06-17,10.567970275878906,18.692535400390625,43.632225036621094,36.6201057434082,35.15056610107422
2019-06-18,10.697426795959473,19.000938415527344,44.634765625,37.44856262207031,36.110965728759766
2019-06-19,10.847403526306152,18.915271759033203,44.5766487121582,37.856781005859375,35.58467102050781
2019-06-20,10.711633682250977,18.90241813659668,45.27407455444336,38.1689567565918,35.81132125854492
2019-06-21,10.646907806396484,18.825321197509766,45.060970306396484,38.277008056640625,35.78828048706055
2019-06-24,10.567970275878906,18.709667205810547,44.90598678588867,37.79274368286133,35.707603454589844
2019-06-25,10.522189140319824,18.675403594970703,45.109397888183594,37.39252471923828,35.957305908203125
2019-06-26,10.621647834777832,18.6282901763916,45.041603088378906,37.70070266723633,36.2338981628418
2019-06-27,10.702162742614746,18.619720458984375,45.119102478027344,37.856781005859375,35.988040924072266
2019-06-28,10.74952507019043,18.662555694580078,45.81650924682617,38.15694046020508,36.53738784790039
2019-07-01,10.839509963989258,18.65827178955078,46.73670959472656,38.2650032043457,37.052162170410156
2019-07-02,10.839509963989258,18.692535400390625,46.82389450073242,38.12092971801758,36.944583892822266
2019-07-03,10.997385025024414,18.893856048583984,47.124168395996094,38.46512222290039,36.85240173339844
2019-07-04,11.115788459777832,19.02663803100586,47.00309371948242,38.633209228515625,36.53355026245117
2019-07-05,11.150521278381348,18.983802795410156,46.38316345214844,38.62520217895508,35.68840026855469
2019-07-08,11.030538558959961,18.90241813659668,46.4122200012207,38.46512222290039,36.09561538696289
2019-07-09,10.953177452087402,18.932405471801758,46.18458938598633,37.856781005859375,35.36570358276367
2019-07-10,10.981595993041992,18.80390739440918,46.06351089477539,37.580631256103516,35.611568450927734
2019-07-11,11.016332626342773,18.756786346435547,46.145851135253906,37.364505767822266,35.39643096923828
2019-07-12,11.028958320617676,18.662555694580078,46.07320022583008,37.69268035888672,35.60003662109375
2019-07-15,11.045515060424805,18.53310775756836,46.25447463989258,38.03171157836914,35.90304183959961
2019-07-16,11.113799095153809,18.41259002685547,46.347415924072266,38.11902618408203,35.98634719848633
2019-07-17,10.952848434448242,18.292081832885742,46.22023010253906,37.55765151977539,35.83161926269531
2019-07-18,10.899198532104492,18.309293746948242,45.47183609008789,37.195884704589844,35.38730239868164
2019-07-19,10.8162841796875,18.34372901916504,45.57944869995117,37.308162689208984,35.79988098144531
2019-07-22,10.795147895812988,18.257646560668945,45.69683837890625,37.57845687866211,35.97047424316406
2019-07-23,10.999996185302734,18.395374298095703,46.18111038208008,39.02553176879883,36.66473388671875
2019-07-24,10.92358684539795,18.47284507751465,46.870811462402344,39.52036666870117,36.18471145629883
2019-07-25,10.876437187194824,18.360946655273438,46.44525146484375,38.85088348388672,35.94270706176758
2019-07-26,10.82766342163086,18.80856704711914,46.96864318847656,38.66792297363281,35.526161193847656
2019-07-29,10.749627113342285,19.075410842895508,46.70939254760742,38.37683868408203,35.430938720703125
2019-07-30,10.494379043579102,18.76982307434082,46.005008697509766,37.49113082885742,35.04216384887695
2019-07-31,10.471617698669434,18.791349411010742,45.98543930053711,37.42875289916992,34.89139938354492
2019-08-01,10.536649703979492,18.950593948364258,46.78765869140625,37.549346923828125,33.89167022705078
2019-08-02,10.203365325927734,18.662227630615234,44.98756790161133,36.206214904785156,32.31272888183594
2019-08-05,9.982259750366211,18.395374298095703,43.617942810058594,35.4868278503418,31.420120239257812
2019-08-06,9.92373275756836,18.30498695373535,43.29509353637695,35.3412971496582,30.959922790527344
2019-08-07,9.855448722839355,18.33081817626953,43.661956787109375,35.457733154296875,30.69808578491211
2019-08-08,10.005022048950195,18.44271469116211,44.757659912109375,35.84860610961914,31.8128719329834
2019-08-09,9.819682121276855,18.23182487487793,43.96034240722656,34.99199676513672,30.98372459411621
2019-08-12,9.635971069335938,18.18448257446289,43.847835540771484,34.85892868041992,30.765531539916992
2019-08-13,9.727011680603027,18.30498695373535,44.22937774658203,35.2248649597168,31.3764705657959
2019-08-14,9.48965072631836,18.102705001831055,42.93800735473633,34.23103332519531,30.64254379272461
2019-08-15,9.47989559173584,18.089792251586914,42.74723815917969,33.61144256591797,30.34104347229004
2019-08-16,9.70425033569336,18.373855590820312,43.451622009277344,33.98152160644531,30.507667541503906
2019-08-19,9.75627613067627,18.537412643432617,44.048397064208984,34.438941955566406,31.205888748168945
2019-08-20,9.655479431152344,18.33512306213379,43.75489044189453,33.95657730102539,30.733789443969727
2019-08-21,9.69124698638916,18.41259002685547,44.55221939086914,34.57200622558594,30.860740661621094
2019-08-22,9.79041576385498,18.360946655273438,43.798927307128906,34.630226135253906,30.832963943481445
2019-08-23,9.648975372314453,18.283470153808594,43.2706298828125,33.86925506591797,30.475915908813477
2019-08-26,9.681490898132324,18.391075134277344,43.4662971496582,34.255977630615234,30.408489227294922
2019-08-27,9.683117866516113,18.563232421875,43.73044204711914,34.609439849853516,30.721899032592773
2019-08-28,9.661981582641602,18.662227630615234,43.23638916015625,34.5179557800293,30.880577087402344
2019-08-29,9.780665397644043,18.886037826538086,43.73044204711914,34.879722595214844,31.43994903564453
2019-08-30,9.813178062438965,18.937681198120117,44.033714294433594,35.25395965576172,32.24925994873047
2019-09-02,9.798547744750977,19.03237533569336,43.80380630493164,35.2165412902832,31.967588424682617
2019-09-03,9.751402854919434,19.058197021484375,43.76956558227539,35.31218719482422,31.852535247802734
2019-09-04,9.868453025817871,19.071109771728516,44.20981979370117,36.03988265991211,32.70945358276367
2019-09-05,10.12532901763916,19.015153884887695,45.369102478027344,37.09608840942383,33.38783645629883
2019-09-06,10.15296459197998,19.049583435058594,45.48160934448242,37.208370208740234,33.57827377319336
2019-09-09,10.387079238891602,18.972116470336914,45.31040573120117,37.95685577392578,33.76472091674805
2019-09-10,10.600055694580078,18.985029220581055,44.83592224121094,37.998435974121094,34.268550872802734
2019-09-11,10.663459777832031,19.127059936523438,45.398460388183594,38.02754211425781,34.64147186279297
2019-09-12,10.668338775634766,19.264785766601562,45.73108673095703,38.32693862915039,34.796199798583984
2019-09-13,10.951223373413086,19.29922103881836,45.70172882080078,38.805145263671875,35.79195022583008
2019-09-16,10.84067153930664,19.368083953857422,45.27617263793945,38.597232818603516,35.438880920410156
2019-09-17,10.593550682067871,19.204538345336914,45.559871673583984,38.114871978759766,34.85173034667969
2019-09-18,10.551280975341797,19.273395538330078,45.74087142944336,38.13982009887695,34.75651168823242
2019-09-19,10.756129264831543,19.47138214111328,45.93653106689453,38.33525848388672,34.69304656982422
2019-09-20,10.80978012084961,19.613414764404297,45.93653106689453,38.16476821899414,34.669246673583984
2019-09-23,10.606558799743652,19.60480308532715,45.237037658691406,37.470340728759766,34.101932525634766
2019-09-24,10.522018432617188,19.630634307861328,45.32508850097656,36.938072204589844,33.479087829589844
2019-09-25,10.512262344360352,19.600505828857422,44.81636428833008,36.85491180419922,33.5465202331543
2019-09-26,10.54315185546875,19.759750366210938,45.134307861328125,36.829959869384766,33.48305130004883
2019-09-27,10.630943298339844,19.78127098083496,45.35933303833008,37.191734313964844,33.974979400634766
2019-09-30,10.673215866088867,19.794179916381836,45.3886833190918,37.362220764160156,33.82026672363281
2019-10-01,10.505758285522461,19.660755157470703,44.82614517211914,37.021240234375,33.43544387817383
2019-10-02,10.180604934692383,19.260486602783203,43.451622009277344,35.981666564941406,32.30876159667969
2019-10-04,10.131831169128418,19.467077255249023,44.19023895263672,35.811180114746094,32.20561981201172
2019-10-07,10.185482025146484,19.643543243408203,44.42503356933594,35.852760314941406,32.40397644042969
2019-10-08,10.047290802001953,19.561771392822266,43.97011947631836,35.50345993041992,32.094539642333984
2019-10-09,10.091188430786133,19.67367172241211,44.56688690185547,35.89018249511719,32.22148513793945
2019-10-10,10.331802368164062,19.815706253051758,44.83592224121094,36.65947341918945,33.14980697631836
2019-10-11,10.850425720214844,20.16002655029297,46.99799346923828,37.931907653808594,34.6573371887207
2019-10-14,10.739871978759766,20.12129020690918,46.601783752441406,38.03586196899414,33.78852081298828
2019-10-15,10.995146751403809,20.338727951049805,47.1557502746582,38.71616744995117,33.86348342895508
2019-10-16,11.091525077819824,20.34308624267578,47.175323486328125,39.32097244262695,33.586483001708984
2019-10-17,11.065388679504395,20.382349014282227,46.94047927856445,39.30011749267578,33.3134880065918
2019-10-18,11.026185035705566,20.44341278076172,46.59798812866211,38.64108657836914,33.35765075683594
2019-10-21,11.251608848571777,20.487024307250977,47.26339340209961,38.97477722167969,34.084293365478516
2019-10-22,11.271212577819824,20.62660026550293,47.04322814941406,39.287601470947266,34.04815673828125
2019-10-23,11.258143424987793,20.7269229888916,46.80348205566406,39.33348083496094,34.345245361328125
2019-10-24,11.2744779586792,20.447769165039062,46.85240936279297,39.72974395751953,34.43757629394531
2019-10-25,11.30388069152832,20.421598434448242,46.77412414550781,40.109317779541016,34.77079391479492
2019-10-28,11.245073318481445,20.351816177368164,47.053016662597656,40.814231872558594,35.30474090576172
2019-10-29,11.191169738769531,19.998506546020508,46.72520446777344,40.643218994140625,35.28466033935547
2019-10-30,11.008214950561523,20.03340721130371,46.690948486328125,40.41379928588867,34.718605041503906
2019-10-31,10.923273086547852,20.111921310424805,46.50502014160156,39.954986572265625,34.28099822998047
2019-11-01,11.024550437927246,20.125003814697266,46.9698371887207,40.43466567993164,35.39306640625
2019-11-04,11.253241539001465,20.1424503326416,47.625450134277344,41.65262222290039,36.4328498840332
2019-11-05,11.375755310058594,20.098833084106445,47.69395446777344,41.869510650634766,37.014976501464844
2019-11-06,11.380655288696289,20.024682998657227,47.835838317871094,41.69016647338867,36.75001525878906
2019-11-07,11.522771835327148,19.95489501953125,48.32021713256836,42.39508056640625,37.09528350830078
2019-11-08,11.382290840148926,19.963624954223633,48.310428619384766,42.20320129394531,36.58139419555664
2019-11-11,11.388824462890625,19.95925521850586,48.349571228027344,42.01968002319336,36.00730895996094
2019-11-12,11.449263572692871,20.220956802368164,48.56974792480469,42.169837951660156,36.12373352050781
2019-11-13,11.23363971710205,20.125003814697266,48.403385162353516,41.67348098754883,35.73832321166992
2019-11-14,11.171567916870117,19.889467239379883,48.17832946777344,41.07284164428711,35.55767059326172
2019-11-15,11.200970649719238,19.889467239379883,48.72141647338867,41.3773307800293,36.01131057739258
2019-11-18,11.178101539611816,19.902555465698242,48.63334274291992,40.50973892211914,35.80255889892578
2019-11-19,11.202605247497559,19.84149169921875,48.594200134277344,40.59733581542969,35.94709396362305
2019-11-20,11.155234336853027,19.84149169921875,48.40828323364258,40.41797637939453,35.7864990234375
2019-11-21,11.120927810668945,19.780426025390625,48.27129364013672,40.43883514404297,35.25656509399414
2019-11-22,11.235275268554688,19.924358367919922,48.49635696411133,40.722469329833984,35.979209899902344
2019-11-25,11.344717979431152,20.0116024017334,49.034542083740234,41.031131744384766,36.44088363647461
2019-11-26,11.27938175201416,19.998506546020508,49.112823486328125,40.926849365234375,36.42483139038086
2019-11-27,11.354521751403809,20.212236404418945,49.181331634521484,41.0811882019043,36.396728515625
2019-11-28,11.30388069152832,20.17298126220703,49.083473205566406,40.77669143676758,36.497100830078125
2019-11-29,11.215673446655273,20.151174545288086,49.142189025878906,40.317874908447266,36.031394958496094
2019-12-02,11.06375503540039,19.649574279785156,47.87498092651367,39.671348571777344,35.866790771484375
2019-12-03,10.905304908752441,19.610319137573242,48.002197265625,39.36685562133789,35.27262496948242
2019-12-04,11.093157768249512,19.68446922302246,48.62845993041992,39.66717529296875,35.86278533935547
2019-12-05,11.078454971313477,19.610319137573242,48.481666564941406,39.462791442871094,35.18431091308594
2019-12-06,11.24017333984375,19.715002059936523,49.29875183105469,39.84652328491211,36.047454833984375
2019-12-09,11.23037338256836,19.632129669189453,49.07368469238281,39.54621505737305,36.13577651977539
2019-12-10,11.209138870239258,19.479463577270508,48.77523422241211,39.3376579284668,35.959129333496094
2019-12-11,11.217306137084961,19.51872444152832,48.838844299316406,39.629638671875,36.26424789428711
2019-12-12,11.470497131347656,19.422761917114258,49.220462799072266,40.20524978637695,36.689796447753906
2019-12-13,11.63385009765625,19.597230911254883,49.92502212524414,40.60567855834961,36.98286437988281
2019-12-16,11.859273910522461,19.815319061279297,50.34579086303711,40.73915100097656,37.6492919921875
2019-12-17,11.772697448730469,19.741167068481445,49.876094818115234,40.73915100097656,37.25183868408203
2019-12-18,11.802102088928223,19.6539363861084,49.7097282409668,40.48053741455078,37.1876106262207
2019-12-19,11.8135347366333,19.601598739624023,49.680381774902344,40.163536071777344,37.27191925048828
2019-12-20,11.831503868103027,19.697553634643555,49.983734130859375,40.1969108581543,37.428497314453125
2019-12-23,11.68775749206543,19.592866897583008,50.032657623291016,39.88824462890625,37.211700439453125
2019-12-27,11.746563911437988,19.58850860595703,50.21857833862305,39.9758415222168,37.46059799194336
2019-12-30,11.730225563049316,19.470741271972656,49.9445915222168,39.600440979003906,37.340171813964844
2020-01-02,11.947484016418457,19.523080825805664,50.81549072265625,40.109317779541016,37.89016342163086
2020-01-03,11.784133911132812,19.496917724609375,50.18921661376953,39.38771438598633,37.38835144042969
2020-01-06,11.71716022491455,19.462024688720703,49.788021087646484,39.187503814697266,36.97884750366211
2020-01-07,11.76126480102539,19.431486129760742,50.45343017578125,39.5295295715332,37.13541793823242
2020-01-08,11.802102088928223,19.405319213867188,50.7861328125,39.77979278564453,37.300018310546875
2020-01-09,11.831503868103027,19.610319137573242,51.30475616455078,40.09263610839844,36.99089431762695
2020-01-10,11.69919204711914,19.562339782714844,51.31453323364258,40.27615737915039,37.0711784362793
2020-01-13,11.617512702941895,19.422761917114258,51.422183990478516,39.871551513671875,37.191627502441406
2020-01-14,11.643651962280273,19.523080825805664,51.50047302246094,39.81734085083008,37.15549850463867
2020-01-15,11.470582962036133,19.481346130371094,51.53959655761719,39.123958587646484,36.74345397949219
2020-01-16,11.524784088134766,19.51206398010254,51.68653106689453,38.81511306762695,37.01388931274414
2020-01-17,11.590478897094727,19.626178741455078,52.333106994628906,38.90276336669922,37.7525520324707
2020-01-20,11.51821231842041,19.722728729248047,52.293922424316406,39.015445709228516,37.73237609863281
2020-01-21,11.421311378479004,19.762222290039062,52.293922424316406,38.73163986206055,37.27625274658203
2020-01-22,11.399961471557617,19.749059677124023,52.43107223510742,38.351837158203125,37.393314361572266
2020-01-23,11.303058624267578,19.62178611755371,51.872676849365234,37.62979507446289,36.38420486450195
2020-01-24,11.373682022094727,19.73150062561035,52.69557571411133,37.37936782836914,36.513362884521484
2020-01-27,11.099396705627441,19.446239471435547,50.88322830200195,36.277523040771484,34.9512825012207
2020-01-28,11.260354995727539,19.779775619506836,50.80485153198242,36.76167297363281,35.2620849609375
2020-01-29,11.317840576171875,19.727113723754883,51.03996658325195,36.7700080871582,35.35895919799805
2020-01-30,11.242289543151855,19.424293518066406,50.07990646362305,36.219093322753906,35.17328643798828
2020-01-31,11.079689025878906,19.323354721069336,49.28639221191406,35.693206787109375,34.53150177001953
2020-02-03,11.058338165283203,19.29263687133789,50.04072570800781,35.68903350830078,34.23683547973633
2020-02-04,11.28663444519043,19.354074478149414,51.333866119384766,36.10222625732422,35.5042724609375
2020-02-05,11.46073055267334,19.26191520690918,52.225345611572266,36.96617889404297,36.097618103027344
2020-02-06,11.697236061096191,19.455015182495117,52.49965286254883,37.04965591430664,36.35191345214844
2020-02-07,11.792494773864746,19.50767707824707,52.37229537963867,36.369346618652344,35.52042007446289
2020-02-10,11.78921127319336,19.43745994567871,52.37229537963867,36.081356048583984,35.37106704711914
2020-02-11,11.915677070617676,19.626178741455078,53.40092849731445,36.260826110839844,35.891761779785156
2020-02-12,12.09634017944336,19.88071632385254,53.79279327392578,37.58804702758789,36.86857986450195
2020-02-13,12.106194496154785,19.924606323242188,53.83198547363281,37.333457946777344,36.75151824951172
2020-02-14,12.029003143310547,19.94215965270996,53.78300476074219,37.04129409790039,36.41649627685547
2020-02-17,12.112767219543457,20.069433212280273,53.59686279296875,37.537960052490234,36.54161834716797
2020-02-18,11.892683982849121,20.28886604309082,53.20499801635742,36.88687515258789,35.87965393066406
2020-02-19,11.920601844787598,20.552186965942383,53.9691276550293,37.11643600463867,36.25100326538086
2020-02-20,11.830269813537598,20.372251510620117,53.07765197753906,37.312591552734375,36.19853210449219
2020-02-21,11.74651050567627,20.284475326538086,52.656402587890625,36.515419006347656,36.0572624206543
2020-02-24,11.278423309326172,19.828052520751953,50.45217514038086,34.47032165527344,33.91392517089844
2020-02-25,10.97622013092041,19.446239471435547,49.61948013305664,34.023738861083984,33.4981689453125
2020-02-26,10.989357948303223,19.37601661682129,49.75662612915039,34.45779800415039,33.52642822265625
2020-02-27,10.5294828414917,18.757213592529297,48.07161331176758,33.406036376953125,31.685829162597656
2020-02-28,10.158299446105957,17.993587493896484,46.77357864379883,32.567134857177734,30.394184112548828
2020-03-02,10.013766288757324,18.01114273071289,46.5727424621582,32.19567108154297,30.676721572875977
2020-03-03,9.890584945678711,18.08574867248535,47.12625503540039,32.366798400878906,31.213563919067383
2020-03-04,9.902083396911621,18.550947189331055,47.20461654663086,32.600521087646484,31.72215461730957
2020-03-05,9.627800941467285,18.33151626586914,46.62662124633789,31.519540786743164,30.88661766052246
2020-03-06,9.28618049621582,17.87948226928711,44.89753341674805,30.814184188842773,29.25994300842285
2020-03-09,8.274456977844238,16.548830032348633,41.767547607421875,27.608810424804688,26.256855010986328
2020-03-10,8.331938743591309,16.14507293701172,41.84101867675781,27.600465774536133,26.608022689819336
2020-03-11,8.435413360595703,15.84839916229248,41.53732681274414,27.784109115600586,26.301254272460938
2020-03-12,7.175685405731201,14.142077445983887,37.47666549682617,23.73147964477539,22.59178924560547
2020-03-13,7.454073429107666,14.217567443847656,37.6431999206543,23.860858917236328,23.927845001220703
2020-03-16,6.878408908843994,13.685659408569336,36.129642486572266,21.490219116210938,23.257797241210938
2020-03-17,7.042649745941162,14.909222602844238,36.208003997802734,22.124608993530273,23.95206069946289
2020-03-18,6.903864860534668,14.737189292907715,34.19481658935547,20.697219848632812,21.99036407470703
2020-03-19,6.958064556121826,15.52715015411377,34.85118103027344,20.701393127441406,22.216407775878906
2020-03-20,7.046755790710449,15.530659675598145,36.69294357299805,21.761505126953125,22.741140365600586
2020-03-23,6.805321216583252,14.874112129211426,36.07085418701172,21.306577682495117,21.61094856262207
2020-03-24,7.413834571838379,15.7026948928833,39.63188934326172,24.641338348388672,24.916765213012695
2020-03-25,7.717678070068359,15.736047744750977,40.636043548583984,25.29242706298828,26.07117462158203
2020-03-26,7.882741451263428,15.837868690490723,41.65978240966797,25.446853637695312,26.13576316833496
2020-03-27,7.465570449829102,15.453417778015137,40.06295394897461,24.157188415527344,25.191242218017578
2020-03-30,7.211817264556885,15.655303001403809,41.047489166259766,23.944332122802734,25.50204086303711
2020-03-31,7.192108631134033,15.581567764282227,41.37568664550781,24.591251373291016,26.59187126159668
2020-04-01,6.756049156188965,15.344581604003906,40.09724044799805,23.33080291748047,25.691757202148438
2020-04-02,6.662432670593262,15.535927772521973,39.45066452026367,23.29323959350586,26.297218322753906
2020-04-03,6.5113301277160645,15.46219539642334,39.15186309814453,22.65467071533203,25.80881118774414
2020-04-06,6.892368316650391,15.981815338134766,41.12587356567383,24.79993438720703,26.737178802490234
2020-04-07,7.142014503479004,16.060810089111328,42.24756622314453,25.680580139160156,27.810871124267578
2020-04-08,7.112451553344727,15.999373435974121,43.06068801879883,26.056209564208984,27.596942901611328
2020-04-09,7.256982803344727,16.076608657836914,44.015846252441406,26.678083419799805,28.266983032226562
2020-04-14,7.137087345123291,16.185453414916992,44.75058364868164,26.586265563964844,28.42440414428711
2020-04-15,6.717281818389893,15.841700553894043,42.9962272644043,25.25567626953125,27.027681350708008
2020-04-16,6.632693290710449,15.847014427185059,44.24711227416992,25.360021591186523,27.05594253540039
2020-04-17,6.817625522613525,16.05975341796875,45.223297119140625,26.582944869995117,28.178401947021484
2020-04-20,6.874017238616943,16.153711318969727,45.757991790771484,26.445207595825195,28.20262336730957
2020-04-21,6.513275146484375,15.409140586853027,43.34450912475586,25.309934616088867,26.450305938720703
2020-04-22,6.64098596572876,15.792061805725098,44.3157844543457,25.593753814697266,27.411251068115234
2020-04-23,6.834210395812988,15.808013916015625,44.443321228027344,26.08626365661621,28.10167694091797
2020-04-24,6.671670436859131,15.784971237182617,43.982215881347656,25.652185440063477,27.726186752319336
2020-04-27,6.914653301239014,15.974660873413086,44.70331573486328,26.912675857543945,28.06130599975586
2020-04-28,7.260469913482666,16.081029891967773,45.10556411743164,27.421878814697266,28.66694450378418
2020-04-29,7.605453968048096,16.359357833862305,45.89043426513672,28.699064254760742,29.914569854736328
2020-04-30,7.311885833740234,16.18385124206543,45.547054290771484,27.981164932250977,28.67098617553711
2020-05-04,6.919629096984863,15.862974166870117,44.031280517578125,26.795806884765625,27.342615127563477
2020-05-05,7.037387847900391,16.112937927246094,45.12028121948242,27.50952911376953,28.033044815063477
2020-05-06,6.926263809204102,15.919703483581543,45.07612609863281,27.15057945251465,27.887693405151367
2020-05-07,7.062266826629639,15.940972328186035,45.983638763427734,27.108842849731445,28.71135902404785
2020-05-08,7.118659496307373,16.18385124206543,46.4104118347168,27.885168075561523,29.280656814575195
2020-05-11,6.992607593536377,16.04557228088379,46.130802154541016,27.55961036682129,28.23895835876465
2020-05-12,6.99011754989624,16.490541458129883,46.361358642578125,27.309181213378906,28.097639083862305
2020-05-13,6.734695911407471,16.196258544921875,45.86589813232422,25.948522567749023,27.475852966308594
2020-05-14,6.671670436859131,16.111164093017578,44.78181076049805,25.24315643310547,27.391067504882812
2020-05-15,6.639327526092529,16.072168350219727,44.83085632324219,25.823312759399414,28.085525512695312
2020-05-18,7.019972801208496,16.5295467376709,46.547767639160156,27.79334831237793,30.294092178344727
2020-05-19,6.9395318031311035,16.104074478149414,47.02360153198242,27.471965789794922,30.419260025024414
2020-05-20,7.019972801208496,16.190940856933594,48.15184783935547,27.7265682220459,30.70189094543457
2020-05-21,6.8731889724731445,16.2583065032959,47.37187576293945,27.471965789794922,30.19315528869629
2020-05-22,6.815967082977295,16.268939971923828,47.5435676574707,27.601350784301758,30.16489028930664
2020-05-25,6.914653301239014,16.48345375061035,48.83369445800781,28.139768600463867,30.629213333129883
2020-05-26,7.264614105224609,16.327442169189453,49.01029968261719,28.899402618408203,30.633256912231445
2020-05-27,7.560672760009766,16.481678009033203,48.32354736328125,30.339365005493164,30.871471405029297
2020-05-28,7.5440897941589355,16.830923080444336,49.01519775390625,30.272584915161133,31.21062660217285
2020-05-29,7.274566173553467,16.706823348999023,49.005393981933594,29.20826530456543,30.86339569091797
2020-06-02,7.684237957000732,17.174840927124023,50.03554153442383,30.660751342773438,32.26848220825195
2020-06-03,7.991076469421387,17.458484649658203,51.41886901855469,31.95879364013672,32.922569274902344
2020-06-04,7.996054172515869,17.426576614379883,51.20303726196289,31.46211814880371,32.55111312866211
2020-06-05,8.478700637817383,17.711997985839844,52.27241516113281,33.064857482910156,33.722015380859375
2020-06-08,8.619682312011719,17.816593170166016,51.41886901855469,32.98138427734375,33.64933776855469
2020-06-09,8.322793006896973,17.582584381103516,51.428672790527344,32.301048278808594,33.209251403808594
2020-06-10,8.205035209655762,17.45494270324707,51.3796272277832,31.796024322509766,33.25365447998047
2020-06-11,7.63033390045166,16.72809410095215,49.54498291015625,29.56304168701172,31.74762535095215
2020-06-12,7.69750452041626,16.786598205566406,49.780452728271484,29.976247787475586,32.555152893066406
2020-06-15,7.594672679901123,16.69264030456543,49.50574493408203,29.97207260131836,31.771848678588867
2020-06-16,7.871657371520996,17.297163009643555,50.957759857177734,30.66910171508789,32.68838882446289
2020-06-17,7.844291687011719,17.30248260498047,51.84074020385742,30.435367584228516,32.70454406738281
2020-06-18,7.744776248931885,17.139389038085938,51.80149841308594,30.176591873168945,32.15946578979492
2020-06-19,7.708287239074707,17.29007339477539,52.56674575805664,30.00963020324707,32.207916259765625
2020-06-22,7.65189790725708,17.181934356689453,52.06639862060547,30.205808639526367,32.207916259765625
2020-06-23,7.853414058685303,17.334394454956055,52.8610725402832,31.13239288330078,32.84988784790039
2020-06-24,7.5714545249938965,16.942607879638672,51.58566665649414,29.646514892578125,31.856653213500977
2020-06-25,7.6817498207092285,17.14116096496582,51.713191986083984,30.235015869140625,32.02218246459961
2020-06-26,7.530818939208984,16.926651000976562,52.01734161376953,29.951200485229492,31.816268920898438
2020-06-29,7.695849895477295,17.157115936279297,51.93885040283203,30.489620208740234,31.913169860839844
2020-06-30,7.649407863616943,17.174840927124023,52.69429016113281,30.58561897277832,32.236183166503906
2020-07-01,7.605453968048096,17.19257164001465,52.782588958740234,30.21832275390625,31.89702796936035
2020-07-02,7.921417236328125,17.426576614379883,53.596885681152344,31.265953063964844,32.59552764892578
2020-07-03,7.816925525665283,17.29538917541504,53.734249114990234,30.802663803100586,32.1473503112793
2020-07-06,8.130398750305176,17.389345169067383,54.980224609375,31.54560089111328,32.71665573120117
2020-07-07,8.013466835021973,17.153566360473633,54.470062255859375,31.474639892578125,32.8297119140625
2020-07-08,7.874147415161133,17.06493377685547,54.234596252441406,30.798484802246094,32.922569274902344
2020-07-09,7.706629753112793,16.919557571411133,54.6368408203125,30.58561897277832,32.91450119018555
2020-07-10,7.882439136505127,17.06493377685547,55.12739181518555,31.311857223510742,33.13252639770508
2020-07-13,8.006834030151367,17.24752426147461,56.06923294067383,31.612375259399414,33.758358001708984
2020-07-14,7.981954097747803,17.41062355041504,54.597599029541016,31.24090576171875,33.612998962402344
2020-07-15,8.096397399902344,17.4157657623291,54.72850799560547,31.74519920349121,33.98841857910156
2020-07-16,8.112152099609375,17.501049041748047,54.26688003540039,31.74937629699707,33.749732971191406
2020-07-17,8.034198760986328,17.57212257385254,54.95442199707031,32.2385368347168,34.148921966552734
2020-07-20,8.05659294128418,17.71248435974121,56.034854888916016,32.28034591674805,34.52753829956055
2020-07-21,8.136202812194824,17.653854370117188,56.349159240722656,32.73188018798828,34.206539154052734
2020-07-22,8.027565002441406,17.518814086914062,56.172359466552734,32.35977554321289,33.708580017089844
2020-07-23,7.936343193054199,17.501049041748047,56.113426208496094,32.9910888671875,34.05427169799805
2020-07-24,7.850925445556641,17.110164642333984,53.962398529052734,32.25944137573242,33.60570526123047
2020-07-27,7.677603244781494,16.792129516601562,54.325809478759766,32.351417541503906,34.09953689575195
2020-07-28,7.719067096710205,16.827655792236328,54.1981201171875,32.34305953979492,33.955501556396484
2020-07-29,7.639457702636719,16.92005157470703,53.80523681640625,31.895709991455078,33.893775939941406
2020-07-30,7.321837902069092,16.504287719726562,52.430152893066406,30.77106285095215,33.013099670410156
2020-07-31,7.224809169769287,16.186250686645508,52.557838439941406,29.822002410888672,32.716793060302734
2020-08-03,7.35252046585083,16.392356872558594,54.1784782409668,31.001007080078125,33.76619338989258
2020-08-04,7.464475631713867,16.55582046508789,53.991859436035156,31.715925216674805,33.6468505859375
2020-08-05,7.463646411895752,16.456317901611328,54.158836364746094,31.85807991027832,34.89379119873047
2020-08-06,7.393156051635742,16.189804077148438,53.76595687866211,31.544513702392578,34.387611389160156
2020-08-07,7.369935512542725,16.356822967529297,54.2374153137207,31.494342803955078,33.9061164855957
2020-08-10,7.520867824554443,16.497177124023438,53.43199157714844,31.736839294433594,34.22711181640625
2020-08-11,7.803656101226807,16.669525146484375,54.394569396972656,33.21267318725586,34.589256286621094
2020-08-12,7.865024566650391,16.96269416809082,54.924957275390625,33.49698257446289,35.029598236083984
2020-08-13,7.714091777801514,17.03199005126953,54.856197357177734,33.246116638183594,34.57280349731445
2020-08-14,7.6568708419799805,16.893402099609375,53.93292999267578,33.12070083618164,34.21064758300781
2020-08-17,7.57808780670166,16.760143280029297,54.44367599487305,33.1583251953125,34.70859909057617
2020-08-18,7.489353179931641,16.676639556884766,54.0900764465332,33.016178131103516,34.68391418457031
2020-08-19,7.611260414123535,16.895177841186523,54.22758865356445,33.175052642822266,34.836185455322266
2020-08-20,7.452866554260254,16.66419792175293,53.71683883666992,32.585548400878906,33.91435623168945
2020-08-21,7.3856916427612305,16.562923431396484,53.952571868896484,32.246891021728516,33.922576904296875
2020-08-24,7.5673089027404785,16.88807487487793,54.905311584472656,33.066341400146484,34.445220947265625
2020-08-25,7.55735445022583,16.793899536132812,55.249088287353516,32.924198150634766,33.97607421875
2020-08-26,7.603796005249023,16.751262664794922,56.408084869384766,33.38827133178711,34.59337615966797
2020-08-27,7.546575546264648,16.713947296142578,56.00537872314453,33.354835510253906,34.16127014160156
2020-08-28,7.686725616455078,16.54515266418457,55.583030700683594,33.2252197265625,34.391719818115234
2020-08-31,7.505109786987305,16.349712371826172,54.99370574951172,33.01198959350586,34.305301666259766
2020-09-01,7.404765605926514,16.177364349365234,55.7500114440918,32.86984634399414,34.81972122192383
2020-09-02,7.360812664031982,16.465200424194336,56.85989761352539,33.279571533203125,34.89790344238281
2020-09-03,7.33427619934082,16.40834617614746,54.679412841796875,33.44261932373047,33.8896484375
2020-09-04,7.448718547821045,16.164926528930664,53.29448699951172,33.739463806152344,34.40407180786133
2020-09-07,7.491014003753662,16.333721160888672,53.93292999267578,34.5839958190918,34.94317626953125
2020-09-08,7.32017707824707,16.102739334106445,52.73463439941406,34.63416290283203,34.51930236816406
2020-09-09,7.437936305999756,16.534494400024414,54.02132797241211,34.847389221191406,34.94317626953125
2020-09-10,7.3948140144348145,16.394128799438477,53.67756271362305,35.002079010009766,34.32588195800781
2020-09-11,7.275395393371582,16.383468627929688,53.69718551635742,35.002079010009766,35.194217681884766
2020-09-14,7.335934638977051,16.383468627929688,54.217769622802734,35.035526275634766,35.280635833740234
2020-09-15,7.265445709228516,16.410120010375977,54.40438461303711,35.110782623291016,35.89793014526367
2020-09-16,7.286176681518555,16.447437286376953,54.679412841796875,35.02299118041992,36.33827590942383
2020-09-17,7.163440227508545,16.41189956665039,54.09990692138672,34.926822662353516,35.93497085571289
2020-09-18,6.995923042297363,16.23067283630371,54.24723434448242,34.13665008544922,35.930850982666016
2020-09-21,6.592057228088379,15.701194763183594,52.40068435668945,32.39323425292969,34.309417724609375
2020-09-22,6.571325302124023,15.790031433105469,52.85249710083008,32.748600006103516,34.029571533203125
2020-09-23,6.54561710357666,15.807802200317383,53.1962776184082,33.12070083618164,34.111881256103516
2020-09-24,6.524055480957031,15.64433765411377,52.91143035888672,33.204315185546875,33.885536193847656
2020-09-25,6.444443225860596,15.54306411743164,52.46943283081055,32.748600006103516,33.69211959838867
2020-09-28,6.796894073486328,15.740283012390137,53.873992919921875,33.93596267700195,34.173614501953125
2020-09-29,6.650108337402344,15.653223037719727,53.94275665283203,33.67675018310547,34.009002685546875
2020-09-30,6.707330226898193,15.674544334411621,53.736488342285156,33.76455307006836,33.8896484375
2020-10-01,6.699036598205566,15.623022079467773,54.43384552001953,33.93596267700195,33.9061164855957
2020-10-02,6.742161273956299,15.660330772399902,54.129364013671875,33.78126907348633,34.132469177246094
2020-10-05,6.838358402252197,16.003246307373047,54.49279022216797,34.38331985473633,34.18595886230469
2020-10-06,7.064755916595459,16.156051635742188,54.04096603393555,34.688514709472656,33.93080139160156
2020-10-07,7.049827575683594,15.939281463623047,53.883819580078125,35.211116790771484,34.560455322265625
2020-10-08,7.13109827041626,16.11517906188965,54.64011764526367,35.127498626708984,34.39995574951172
2020-10-09,7.0780229568481445,16.196914672851562,55.435699462890625,34.755409240722656,34.86909484863281
2020-10-12,7.065585136413574,16.276865005493164,56.19200134277344,35.12332534790039,34.860877990722656
2020-10-13,6.8731889724731445,16.349712371826172,56.16253662109375,34.77212905883789,34.58102798461914
2020-10-14,6.866554260253906,16.298187255859375,56.231285095214844,34.81813049316406,34.78268051147461
2020-10-15,6.760404586791992,16.056364059448242,54.905311584472656,34.05536651611328,34.121734619140625
2020-10-16,6.88894510269165,15.973977088928223,55.553565979003906,35.2552375793457,34.404293060302734
2020-10-19,6.966069221496582,16.052780151367188,55.20979309082031,35.25102996826172,34.300411224365234
2020-10-20,6.993436336517334,15.972186088562012,54.6892204284668,35.23419189453125,34.06772994995117
2020-10-21,6.90553092956543,15.993680000305176,53.873992919921875,34.90580368041992,34.13420486450195
2020-10-22,6.942850112915039,16.004423141479492,53.25520324707031,35.13735580444336,33.976314544677734
2020-10-23,7.139392375946045,16.18889808654785,53.156986236572266,35.49100875854492,34.05525588989258
2020-10-26,7.037387847900391,16.013381958007812,49.2674446105957,34.931068420410156,33.465232849121094
2020-10-27,6.922116756439209,15.80383014678955,48.99734878540039,34.17324447631836,33.07465744018555
2020-10-28,6.675817012786865,15.511899948120117,47.514217376708984,32.50605773925781,31.940309524536133
2020-10-29,6.669181823730469,15.37398910522461,48.03969192504883,32.57762908935547,32.00679397583008
2020-10-30,6.761233806610107,15.384737968444824,47.759765625,32.72919464111328,32.206233978271484
2020-11-02,6.961093902587891,15.576374053955078,47.966026306152344,33.407012939453125,32.497093200683594
2020-11-03,7.257980823516846,15.633685111999512,48.97279739379883,34.568992614746094,33.38212585449219
2020-11-04,7.166759490966797,15.82532787322998,50.436275482177734,34.939483642578125,33.38212585449219
2020-11-05,7.201590061187744,15.95606803894043,51.7327766418457,35.77307891845703,33.73116683959961
2020-11-06,7.136903285980225,15.896964073181152,51.781898498535156,35.18367385864258,34.42506790161133
2020-11-09,7.991076469421387,16.38053321838379,52.68552780151367,37.31397247314453,35.34334182739258
2020-11-10,8.341039657592773,16.57575798034668,51.57563781738281,38.421226501464844,36.21175765991211
2020-11-11,8.385821342468262,16.81216812133789,52.54800796508789,38.665409088134766,36.39873504638672
2020-11-12,8.214156150817871,16.94649314880371,52.35157775878906,38.25703048706055,35.89596939086914
2020-11-13,8.322793006896973,16.874855041503906,52.48908996582031,38.421226501464844,35.949989318847656
2020-11-16,8.599778175354004,17.13633918762207,52.74446105957031,39.46532440185547,36.74777603149414
2020-11-17,8.599778175354004,17.071863174438477,52.390865325927734,39.73897933959961,36.57741165161133
2020-11-18,8.695977210998535,17.181116104125977,52.89178466796875,40.25260925292969,36.97629928588867
2020-11-19,8.60143756866455,17.039623260498047,52.74446105957031,40.0589485168457,36.24500274658203
2020-11-20,8.63460922241211,17.091564178466797,53.166805267333984,40.08421325683594,36.81842041015625
2020-11-23,8.750710487365723,16.90351104736328,52.76410675048828,40.07157897949219,37.42919921875
2020-11-24,9.148770332336426,17.138132095336914,53.01947021484375,41.43564224243164,39.00815200805664
2020-11-25,9.097356796264648,17.315441131591797,53.22573471069336,41.06094741821289,38.67158508300781
2020-11-26,8.994522094726562,17.234848022460938,53.57933044433594,40.40837478637695,38.30593490600586
2020-11-27,9.055890083312988,17.37991714477539,54.325809478759766,40.47995376586914,38.526161193847656
2020-11-30,8.812078475952148,17.20081901550293,54.10972213745117,39.94526672363281,37.93613052368164
2020-12-01,9.075793266296387,17.268871307373047,54.57136535644531,40.846229553222656,39.166046142578125
2020-12-02,9.19355297088623,17.268871307373047,54.16865539550781,40.59783935546875,39.74775314331055
2020-12-03,9.25989818572998,17.233055114746094,54.335636138916016,40.471534729003906,40.7491340637207
2020-12-04,9.349459648132324,17.34051513671875,54.98387908935547,40.82097625732422,41.24359893798828
2020-12-07,9.152087211608887,17.415735244750977,55.20979309082031,40.47574234008789,41.20619583129883
2020-12-08,9.080769538879395,17.43722915649414,54.964237213134766,40.30313491821289,41.27683639526367
2020-12-09,9.12721061706543,17.569766998291016,54.797271728515625,40.82939529418945,41.24359893798828
2020-12-10,8.946423530578613,17.48737907409668,54.158836364746094,40.29049301147461,41.46797180175781
2020-12-11,8.762320518493652,17.01813507080078,53.756126403808594,39.642147064208984,41.135562896728516
2020-12-14,8.90827465057373,17.113059997558594,53.962398529052734,40.17261505126953,41.14802169799805
2020-12-15,9.029353141784668,17.066490173339844,54.52224349975586,41.39353942871094,42.07461929321289
2020-12-16,8.938129425048828,17.1578311920166,55.09193801879883,41.987159729003906,42.11616516113281
2020-12-17,8.929838180541992,17.100522994995117,55.80894088745117,41.97454071044922,42.54829788208008
2020-12-18,8.785540580749512,17.127382278442383,55.651790618896484,41.96611022949219,42.315616607666016
2020-12-21,8.46875,16.633068084716797,54.54189682006836,40.92622756958008,41.488746643066406
2020-12-22,8.598121643066406,16.674259185791016,55.81875991821289,41.19566345214844,41.44303894042969
2020-12-23,8.860177040100098,16.871273040771484,55.95627212524414,41.94084548950195,42.09123611450195
2020-12-28,8.890031814575195,16.964401245117188,56.535770416259766,42.151363372802734,42.16603088378906
2020-12-29,8.8402738571167,17.057538986206055,56.73221206665039,42.012428283691406,42.315616607666016
2020-12-30,8.851883888244629,16.985897064208984,56.938480377197266,42.008209228515625,42.132789611816406
2021-01-04,8.700950622558594,17.105894088745117,57.400108337402344,41.40617370605469,43.479042053222656
2021-01-05,8.719196319580078,17.10409927368164,57.527801513671875,41.048316955566406,43.861305236816406
2021-01-06,9.216773986816406,17.333351135253906,57.18403244018555,40.73255920410156,46.080142974853516
2021-01-07,9.347803115844727,17.43543815612793,56.71257019042969,41.28828811645508,46.852989196777344
2021-01-08,9.263212203979492,17.311861038208008,58.20552062988281,41.06094741821289,46.94441604614258
2021-01-11,9.180283546447754,17.292160034179688,57.773353576660156,40.53047561645508,46.096763610839844
2021-01-12,9.319604873657227,17.250965118408203,58.126949310302734,41.25882339477539,46.445796966552734
2021-01-13,9.206822395324707,17.417530059814453,58.32339096069336,40.88412094116211,45.96379852294922
2021-01-14,9.273165702819824,17.4802188873291,59.413631439208984,41.5829963684082,47.019187927246094
2021-01-15,9.112279891967773,17.333768844604492,58.51806640625,40.798828125,45.59589385986328
2021-01-18,9.190237045288086,17.24570655822754,58.7637825012207,41.28533935546875,45.8044319152832
2021-01-19,9.10067081451416,17.251102447509766,59.107765197753906,41.048423767089844,45.14544677734375
2021-01-20,9.137161254882812,17.403858184814453,60.06112289428711,42.14411544799805,46.17147445678711
2021-01-21,9.150428771972656,17.322986602783203,61.04395294189453,42.575626373291016,46.02967071533203
2021-01-22,8.98291301727295,17.306812286376953,60.55253982543945,42.34718322753906,45.1871452331543
2021-01-25,8.715879440307617,17.47754669189453,60.30683898925781,41.15419006347656,44.536502838134766
2021-01-26,8.836956024169922,17.558420181274414,60.53288650512695,41.8818359375,44.736698150634766
2021-01-27,8.667780876159668,17.84416961669922,59.14707946777344,41.16687774658203,43.118404388427734
2021-01-28,8.742416381835938,17.45957374572754,59.75643539428711,41.42917251586914,43.56052017211914
2021-01-29,8.543386459350586,17.403858184814453,58.62617492675781,41.41225051879883,42.89316940307617
2021-02-01,8.593143463134766,17.55661964416504,60.13974380493164,41.64069747924805,43.89418411254883
2021-02-02,8.808760643005371,17.547636032104492,60.79824447631836,42.372562408447266,43.56885528564453
2021-02-03,8.85354232788086,17.93402671813965,60.73927688598633,43.480960845947266,43.72734451293945
2021-02-04,9.099014282226562,17.939420700073242,61.11275100708008,43.84477615356445,43.73569107055664
2021-02-05,9.19355297088623,17.84956169128418,61.24052047729492,44.14091491699219,44.31127166748047
2021-02-08,9.264872550964355,17.700395584106445,62.07593536376953,44.293209075927734,45.195491790771484
2021-02-09,9.258237838745117,17.626710891723633,62.13490295410156,44.022457122802734,45.095394134521484
2021-02-10,9.33121395111084,17.659059524536133,61.50588607788086,43.6163330078125,46.01298522949219
2021-02-11,9.291409492492676,17.646484375,62.91134262084961,43.70941162109375,45.887855529785156
2021-02-12,9.372679710388184,17.738136291503906,63.648468017578125,43.421730041503906,46.08805465698242
2021-02-15,9.674542427062988,17.89988136291504,64.21851348876953,43.717857360839844,47.956607818603516
2021-02-16,9.78235149383545,17.71477508544922,64.25782775878906,43.83632278442383,48.565555572509766
2021-02-17,9.74752140045166,17.678829193115234,62.75408935546875,43.404808044433594,48.106754302978516
2021-02-18,9.603222846984863,17.526071548461914,62.77373504638672,44.013999938964844,48.048362731933594
2021-02-19,9.800596237182617,17.527864456176758,63.7762336730957,44.39475631713867,49.43308639526367
2021-02-22,9.858646392822266,17.461368560791016,62.616493225097656,44.191680908203125,49.3580207824707
2021-02-23,9.926650047302246,17.324787139892578,61.476409912109375,43.64171600341797,49.132789611816406
2021-02-24,10.054360389709473,17.207963943481445,61.37812805175781,44.05630111694336,49.741737365722656
2021-02-25,10.104116439819336,17.278057098388672,61.26017379760742,43.98861312866211,50.28394317626953
2021-02-26,9.903430938720703,17.048019409179688,60.54270553588867,44.1324462890625,48.3152961730957
2021-03-01,10.001285552978516,17.308610916137695,61.643489837646484,44.64011001586914,49.5582160949707
2021-03-02,10.044408798217773,17.339160919189453,61.22087478637695,44.95317077636719,50.20886993408203
2021-03-03,10.284904479980469,17.279855728149414,60.631160736083984,46.12924575805664,50.450782775878906
2021-03-04,10.238465309143066,17.326581954956055,58.685150146484375,46.450767517089844,48.95761489868164
2021-03-05,10.342954635620117,17.28165054321289,57.62368392944336,46.264617919921875,48.50716018676758
2021-03-08,10.687942504882812,17.524274826049805,58.49842071533203,47.93989181518555,50.183841705322266
2021-03-09,10.578472137451172,17.69859504699707,60.07094192504883,47.592994689941406,49.3580207824707
2021-03-10,10.55691146850586,18.097570419311523,59.5893669128418,48.083736419677734,48.54887008666992
2021-03-11,10.429200172424316,18.32221794128418,60.994815826416016,47.660682678222656,49.591583251953125
2021-03-12,10.568521499633789,18.371641159057617,59.67782974243164,47.32224655151367,49.51650619506836
2021-03-15,10.460713386535645,18.582807540893555,60.03164291381836,47.56761169433594,48.82414627075195
2021-03-16,10.478958129882812,18.73107147216797,60.886695861816406,48.51523971557617,48.86586380004883
2021-03-17,10.565204620361328,18.84339714050293,60.395286560058594,50.05513381958008,47.889869689941406
2021-03-18,10.779163360595703,18.740060806274414,60.30683898925781,50.655860900878906,48.9659538269043
2021-03-19,10.537009239196777,18.479469299316406,60.46408462524414,49.80976867675781,47.79811096191406
2021-03-22,10.410956382751465,18.474979400634766,61.60417556762695,50.73201370239258,47.28092956542969
2021-03-23,10.384418487548828,18.74904441833496,61.18155288696289,49.34441375732422,46.5718879699707
2021-03-24,10.493886947631836,18.614255905151367,61.7319450378418,48.61677551269531,47.18916320800781
2021-03-25,10.414273262023926,18.614255905151367,61.53537368774414,49.47132873535156,46.513484954833984
2021-03-26,10.522083282470703,18.7760009765625,63.21601867675781,49.7420768737793,48.323638916015625
2021-03-29,10.407638549804688,18.85688018798828,63.0685920715332,50.11436080932617,48.17348861694336
2021-03-30,10.692915916442871,18.84789276123047,63.157047271728516,51.67118835449219,48.91590881347656
2021-03-31,10.551936149597168,18.870357513427734,63.66812515258789,51.45119857788086,48.607261657714844
2021-04-01,10.575157165527344,18.942243576049805,64.98511505126953,51.925010681152344,48.75741195678711
2021-04-06,10.614962577819824,18.906301498413086,65.51586151123047,52.331138610839844,49.5582160949707
2021-04-07,10.6481351852417,18.865863800048828,64.8868408203125,52.01808166503906,49.54987716674805
2021-04-08,10.619937896728516,18.919780731201172,65.64363098144531,51.290443420410156,49.80012512207031
2021-04-09,10.561887741088867,18.811948776245117,65.85987091064453,50.99430847167969,49.49983215332031
2021-04-12,10.588424682617188,18.69962501525879,64.94580841064453,51.3073616027832,48.857521057128906
2021-04-13,10.538666725158691,18.627735137939453,65.46673583984375,51.248130798339844,49.132789611816406
2021-04-14,10.581791877746582,18.57831382751465,65.85987091064453,50.99430847167969,50.28394317626953
2021-04-15,10.454079627990723,18.612831115722656,66.16287994384766,51.27638244628906,51.1124267578125
2021-04-16,10.623255729675293,18.811994552612305,66.75318908691406,52.34232711791992,51.688316345214844
2021-04-19,10.704527854919434,18.843679428100586,65.71033477783203,51.49809265136719,51.78012466430664
2021-04-20,10.314760208129883,18.608308792114258,64.28376007080078,50.218955993652344,50.31118392944336
2021-04-21,10.246757507324219,18.825572967529297,65.39549255371094,50.09956741333008,50.56156921386719
2021-04-22,10.26500129699707,18.870838165283203,66.5662612915039,50.61122512817383,50.695106506347656
2021-04-23,10.283246040344238,18.748624801635742,67.07785034179688,50.68796920776367,51.237613677978516
2021-04-26,10.487252235412598,18.784835815429688,67.1270523071289,50.86705780029297,52.18074417114258
2021-04-27,10.671354293823242,18.80746841430664,66.9302749633789,50.72208023071289,51.67996597290039
2021-04-28,10.833895683288574,18.830101013183594,66.54658508300781,50.62828063964844,51.621543884277344
2021-04-29,10.978192329406738,18.920629501342773,66.03500366210938,49.289451599121094,51.32942581176758
2021-04-30,10.93175220489502,19.020219802856445,65.46435546875,49.20417404174805,50.37795639038086
2021-05-03,10.93175220489502,19.146957397460938,65.6119384765625,49.86932373046875,51.037315368652344
2021-05-04,10.762577056884766,19.033796310424805,63.13267135620117,48.24055099487305,50.786922454833984
2021-05-05,11.042879104614258,19.309906005859375,64.87407684326172,49.272396087646484,53.17394256591797
2021-05-06,11.054489135742188,19.350643157958984,64.1066665649414,49.11035919189453,53.32417678833008
2021-05-07,11.07936954498291,19.454757690429688,65.55290985107422,49.34914016723633,54.23392105102539
2021-05-10,11.30659294128418,19.52265167236328,63.89023208618164,49.71582794189453,55.36067199707031
2021-05-11,11.104246139526367,19.128847122192383,62.6407585144043,48.658416748046875,54.51769256591797
2021-05-12,11.187175750732422,19.255590438842773,61.70612335205078,48.68399429321289,54.951698303222656
2021-05-13,11.140734672546387,19.101688385009766,62.17835998535156,48.39405059814453,53.240718841552734
2021-05-14,11.351377487182617,19.255590438842773,63.5458984375,49.31502914428711,52.815059661865234
2021-05-17,11.318204879760742,19.527175903320312,62.91624069213867,49.6646614074707,53.224021911621094
2021-05-18,11.367962837219238,19.251060485839844,63.30976486206055,49.91196060180664,53.1489143371582
2021-05-19,11.205419540405273,19.047374725341797,62.19804000854492,48.8204345703125,51.037315368652344
2021-05-20,11.283373832702637,19.305381774902344,63.880401611328125,49.784053802490234,51.079044342041016
2021-05-21,11.367962837219238,19.427593231201172,63.782005310058594,50.28718566894531,50.93715286254883
2021-05-25,11.42601203918457,19.33254051208496,65.26759338378906,50.824405670166016,49.92726135253906
2021-05-26,11.296640396118164,19.269166946411133,65.20856475830078,51.1655158996582,50.00237274169922
2021-05-27,11.508941650390625,19.300853729248047,65.16920471191406,52.02679443359375,51.4963493347168
2021-05-28,11.585236549377441,19.42306900024414,65.96612548828125,51.87331008911133,51.40454864501953
2021-05-31,11.49069881439209,19.300853729248047,65.6414566040039,51.87331008911133,51.579811096191406
2021-06-01,11.613431930541992,19.40496063232422,65.94644165039062,53.0756950378418,52.86513900756836
2021-06-02,11.666507720947266,19.48191261291504,66.25141906738281,53.68967819213867,53.24906539916992
2021-06-03,11.707971572875977,19.490966796875,65.759521484375,54.508331298828125,52.172393798828125
2021-06-04,11.595187187194824,19.504545211791992,66.52689361572266,54.63624572753906,52.7065544128418
2021-06-07,11.678118705749512,19.63128662109375,66.3695068359375,55.0626220703125,51.86358642578125
2021-06-08,11.563675880432129,19.67655372619629,66.58592987060547,54.525390625,52.0972785949707
2021-06-09,11.4475736618042,19.672025680541992,66.90076446533203,53.96255874633789,51.15415954589844
2021-06-10,11.487380981445312,19.90740203857422,67.4910659790039,53.65557098388672,51.2459602355957
2021-06-11,11.482405662536621,19.966245651245117,68.1010513305664,54.44863510131836,52.19743728637695
2021-06-14,11.523868560791016,19.988876342773438,68.45523834228516,53.82612609863281,51.85523986816406
2021-06-15,11.470794677734375,20.05677604675293,68.43553924560547,53.50208282470703,50.695106506347656
2021-06-16,11.366303443908691,20.025089263916016,68.68150329589844,53.305938720703125,50.65338134765625
2021-06-17,11.43596363067627,20.029613494873047,68.9471435546875,53.55323791503906,49.37640380859375
2021-06-18,11.092637062072754,19.735393524169922,67.17622375488281,52.31673812866211,48.08273696899414
2021-06-21,11.150686264038086,19.91192626953125,67.412353515625,53.85171127319336,48.70870590209961
2021-06-22,11.139078140258789,20.016035079956055,67.79605865478516,53.48501968383789,49.26790237426758
2021-06-23,11.117513656616211,19.7716064453125,67.22541809082031,52.88809585571289,49.54332733154297
2021-06-24,11.248543739318848,19.848552703857422,68.46507263183594,53.37416076660156,50.24441146850586
2021-06-25,11.329813957214355,19.90740203857422,68.32732391357422,53.024532318115234,50.73684310913086
2021-06-28,11.087660789489746,19.80329132080078,68.61262512207031,52.29115295410156,50.09417724609375
2021-06-29,11.140734672546387,19.82139778137207,69.01600646972656,52.649314880371094,50.29448699951172
2021-06-30,11.029610633850098,19.758026123046875,68.30765533447266,51.69422912597656,49.99402618408203
2021-07-01,11.19546890258789,19.857608795166016,67.83541107177734,51.99269485473633,50.11921691894531
2021-07-02,11.042879104614258,19.930034637451172,68.53394317626953,52.11207962036133,50.636688232421875
2021-07-05,11.240249633789062,19.948137283325195,68.36668395996094,52.16324234008789,51.39619445800781
2021-07-06,10.946681022644043,19.82139778137207,68.69134521484375,50.64533233642578,50.09417724609375
2021-07-07,10.935070037841797,19.875713348388672,69.54727935791016,50.730613708496094,51.26265335083008
2021-07-08,10.66306209564209,19.622236251831055,68.04203033447266,49.51968765258789,49.81875228881836
2021-07-09,10.916828155517578,19.825925827026367,68.98649597167969,51.22521209716797,51.77177047729492
2021-07-12,10.948339462280273,19.988876342773438,69.56696319580078,51.5833740234375,51.713348388671875
2021-07-13,10.827260971069336,20.21067237854004,70.14743041992188,51.25932312011719,51.538082122802734
2021-07-14,10.862090110778809,20.09751319885254,70.59014129638672,51.327537536621094,51.89696502685547
2021-07-15,10.842784881591797,19.93535614013672,69.72438049316406,50.66749954223633,52.044708251953125
2021-07-16,10.67388916015625,19.858211517333984,69.3308334350586,49.993202209472656,50.50896453857422
2021-07-19,10.260848045349121,19.31365203857422,68.0026626586914,48.532222747802734,48.77696990966797
2021-07-20,10.37455940246582,19.363569259643555,67.9436264038086,48.8693733215332,49.459529876708984
2021-07-21,10.68392276763916,19.644927978515625,68.996337890625,49.889461517333984,50.87582778930664
2021-07-22,10.667201042175293,19.599544525146484,70.39339447021484,49.759788513183594,50.89289093017578
2021-07-23,10.787603378295898,19.84006118774414,71.1804428100586,51.16890335083008,51.686363220214844
2021-07-26,10.964858055114746,19.76291275024414,70.89513397216797,51.03923034667969,53.08559799194336
2021-07-27,10.904657363891602,19.681232452392578,69.73420715332031,50.26119613647461,52.99174118041992
2021-07-28,10.889608383178711,19.731149673461914,71.4264144897461,50.5291862487793,53.52925491333008
2021-07-29,11.023388862609863,19.61769676208496,71.99703216552734,51.523338317871094,54.76639175415039
2021-07-30,10.929742813110352,19.622238159179688,71.64285278320312,51.160255432128906,53.53778076171875
2021-08-02,10.918036460876465,19.771991729736328,72.68571472167969,51.51469802856445,54.06676483154297
2021-08-03,11.03174877166748,19.885438919067383,72.23314666748047,51.117027282714844,54.732261657714844
2021-08-04,11.130411148071289,19.939895629882812,73.54165649414062,51.523338317871094,55.04793930053711
2021-08-05,11.209004402160645,19.96258544921875,74.2500228881836,51.713531494140625,53.665767669677734
2021-08-06,11.428070068359375,20.00796127319336,73.77777099609375,52.249507904052734,53.78521728515625
2021-08-09,11.46987533569336,20.0805721282959,74.1516342163086,51.88642883300781,53.921722412109375
2021-08-10,11.484926223754883,20.135026931762695,74.3680648803711,51.87778091430664,54.68107604980469
2021-08-11,11.586930274963379,20.162260055541992,73.9155044555664,52.07661819458008,55.141788482666016
2021-08-12,11.536765098571777,20.32108497619629,74.19099426269531,52.75090789794922,54.7749137878418
2021-08-13,11.546797752380371,20.371002197265625,73.79743194580078,52.82871627807617,54.80904006958008
2021-08-16,11.418036460876465,20.307472229003906,73.54165649414062,52.223575592041016,53.77667999267578
2021-08-17,11.254157066345215,20.371002197265625,73.53181457519531,51.21212387084961,53.52072525024414
2021-08-18,11.331077575683594,20.484455108642578,73.76792907714844,51.065162658691406,52.35184860229492
2021-08-19,11.056832313537598,20.266632080078125,72.9808578491211,49.638763427734375,50.44923400878906
2021-08-20,11.086932182312012,20.429996490478516,73.64002990722656,49.448577880859375,50.526023864746094
2021-08-23,11.16552734375,20.47537612915039,74.37791442871094,49.543670654296875,51.20857238769531
2021-08-24,11.16552734375,20.411846160888672,74.77145385742188,50.02778244018555,52.18121337890625
2021-08-25,11.35448932647705,20.45722770690918,74.9091796875,50.09694290161133,52.4627685546875
2021-08-26,11.265860557556152,20.389156341552734,74.79113006591797,49.94133758544922,51.65223693847656
2021-08-27,11.285929679870605,20.393692016601562,75.62739562988281,50.22661209106445,52.7101936340332
2021-08-30,11.200644493103027,20.361928939819336,76.00125122070312,50.304412841796875,53.04294204711914
2021-08-31,11.203989028930664,20.098726272583008,76.05043029785156,50.166099548339844,52.16415023803711
2021-09-01,11.321045875549316,20.148643493652344,77.14250183105469,49.9586296081543,51.82286834716797
2021-09-02,11.331077575683594,20.09418487548828,77.37860870361328,50.09694290161133,52.47983169555664
2021-09-03,11.257500648498535,19.9489688873291,77.08346557617188,49.889461517333984,52.68459701538086
2021-09-06,11.347801208496094,20.062421798706055,78.39195251464844,49.9586296081543,52.7784538269043
2021-09-07,11.314355850219727,20.076034545898438,77.98857116699219,49.93268585205078,52.72725296020508
2021-09-08,11.16218376159668,20.01250457763672,76.8375015258789,48.83479690551758,52.061767578125
2021-09-09,11.192281723022461,19.94443130493164,76.55218505859375,48.99039840698242,51.686363220214844
2021-09-10,11.108671188354492,19.658540725708008,77.00473022460938,49.042266845703125,52.25800323486328
2021-09-13,11.294288635253906,19.708454132080078,76.51283264160156,49.880821228027344,52.23241424560547
2021-09-14,11.198972702026367,19.622238159179688,77.48682403564453,50.22661209106445,51.242698669433594
2021-09-15,11.19729995727539,19.477020263671875,76.60136413574219,50.38222122192383,51.55838394165039
2021-09-16,11.277565956115723,19.50425148010254,77.06378173828125,49.8116569519043,50.218868255615234
2021-09-17,11.356163024902344,19.467945098876953,75.92252349853516,49.033626556396484,48.32478713989258
2021-09-20,10.762517929077148,19.227432250976562,74.55499267578125,47.2960090637207,46.550148010253906
2021-09-21,10.777567863464355,19.34088134765625,75.79463195800781,47.659095764160156,46.46482467651367
2021-09-22,11.120377540588379,19.48155975341797,76.1684799194336,48.947174072265625,47.77874755859375
2021-09-23,11.339442253112793,19.581396102905273,77.56552124023438,49.61282730102539,48.37598419189453
2021-09-24,11.347801208496094,19.48609733581543,76.32591247558594,49.84624481201172,47.94938659667969
2021-09-27,11.673888206481934,19.57231903076172,75.21415710449219,50.460025787353516,48.060306549072266
2021-09-28,11.486597061157227,19.245586395263672,71.62317657470703,49.975914001464844,47.23270034790039
2021-09-29,11.64713191986084,19.304576873779297,71.07223510742188,50.771240234375,47.45452117919922
2021-09-30,11.682249069213867,19.295499801635742,70.86561584472656,50.41680145263672,48.401573181152344
2021-10-01,11.620375633239746,19.259199142456055,69.83258819580078,50.37357711791992,47.86406326293945
2021-10-04,11.530075073242188,19.28642463684082,68.49458312988281,49.85488510131836,47.91525650024414
2021-10-05,11.946462631225586,19.454330444335938,70.06871795654297,50.40814971923828,48.62340545654297
2021-10-06,11.924722671508789,19.018686294555664,69.3800277709961,49.1546516418457,47.75315475463867
2021-10-07,12.152149200439453,19.227432250976562,70.74755859375,50.7193717956543,49.22917175292969
2021-10-08,12.180575370788574,19.191129684448242,70.09822845458984,51.28993225097656,49.13530731201172
2021-10-11,12.270875930786133,19.191129684448242,69.67517852783203,52.04203414916992,50.636932373046875
2021-10-12,12.289270401000977,19.204742431640625,69.43904876708984,51.869136810302734,50.295658111572266
2021-10-13,12.073552131652832,19.1729793548584,71.29850769042969,51.80862808227539,50.167686462402344
2021-10-14,12.205659866333008,19.30911636352539,73.04974365234375,52.448341369628906,51.797279357910156
2021-10-15,12.411761283874512,19.336116790771484,73.77897644042969,53.17504119873047,52.191165924072266
2021-10-18,12.400017738342285,19.18051528930664,73.59202575683594,52.11587905883789,51.69219207763672
2021-10-19,12.425183296203613,19.0432186126709,74.32999420166016,51.97697067260742,51.963565826416016
2021-10-20,12.453703880310059,19.221704483032227,73.4936294555664,51.655757904052734,51.53462219238281
2021-10-21,12.379884719848633,19.194242477416992,73.52313995361328,51.898841857910156,49.923885345458984
2021-10-22,12.420148849487305,19.11186408996582,74.62519836425781,52.22005844116211,49.993927001953125
2021-10-25,12.51074504852295,18.951684951782227,74.54647827148438,53.444175720214844,50.869327545166016
2021-10-26,12.572820663452148,19.070674896240234,74.95976257324219,53.6785774230957,50.77302551269531
2021-10-27,12.42182731628418,18.988296508789062,75.22541046142578,53.739341735839844,49.880123138427734
2021-10-28,12.39498233795166,18.72285270690918,76.22911071777344,53.34867477416992,49.74005889892578
2021-10-29,12.475513458251953,18.608442306518555,76.14053344726562,53.63516616821289,49.70504379272461
2021-11-01,12.655030250549316,18.732009887695312,76.23892974853516,54.208152770996094,49.90637969970703
2021-11-02,12.584566116333008,18.635900497436523,76.47509002685547,54.21683120727539,48.461978912353516
2021-11-03,12.648319244384766,18.681665420532227,77.22291564941406,54.3297004699707,48.89967346191406
2021-11-04,12.416794776916504,18.85557746887207,78.27579498291016,54.538055419921875,48.42695999145508
2021-11-05,12.540946006774902,19.034059524536133,78.63983917236328,55.20654296875,48.2693977355957
2021-11-08,12.507390975952148,18.988296508789062,78.79728698730469,54.71168899536133,48.90843200683594
2021-11-09,12.38323974609375,19.066097259521484,78.5020751953125,54.57278060913086,48.35693359375
2021-11-10,12.4553804397583,19.226280212402344,77.46891021728516,54.99818801879883,48.48823928833008
2021-11-11,12.547656059265137,19.21255111694336,78.18721008300781,54.71168899536133,50.282798767089844
2021-11-12,12.47215747833252,19.331546783447266,78.7087173461914,55.24126434326172,50.20402526855469
2021-11-15,12.579532623291016,19.221704483032227,79.3876724243164,55.493038177490234,49.652523040771484
2021-11-16,12.569466590881348,19.3040828704834,79.76158142089844,55.9184455871582,49.643760681152344
2021-11-17,12.566110610961914,19.322385787963867,80.28309631347656,56.10075378417969,50.160247802734375
2021-11-18,12.441960334777832,19.21255111694336,80.24373626708984,56.204925537109375,49.31986999511719
2021-11-19,12.153392791748047,19.221704483032227,80.17485046386719,55.388858795166016,49.67877960205078
2021-11-22,12.30774211883545,19.569522857666016,78.66936492919922,55.99657440185547,50.44038009643555
2021-11-23,12.269155502319336,19.331546783447266,75.81582641601562,55.119728088378906,50.7029914855957
2021-11-24,12.27586555480957,19.583255767822266,75.66822814941406,54.30364990234375,50.87807083129883
2021-11-25,12.314454078674316,19.542062759399414,76.11100769042969,54.121334075927734,50.71174621582031
2021-11-26,11.42861557006836,18.87845802307129,73.50345611572266,50.926490783691406,48.13807678222656
2021-11-29,11.577934265136719,19.029491424560547,74.89088439941406,50.865726470947266,49.13603210449219
2021-11-30,11.509149551391602,18.718280792236328,74.19224548339844,50.587913513183594,49.12727737426758
2021-12-01,11.767516136169434,19.08898162841797,76.84900665283203,52.532596588134766,50.387855529785156
2021-12-02,11.728930473327637,18.74116325378418,73.50345611572266,51.98565673828125,50.116485595703125
2021-12-03,11.6366548538208,18.603864669799805,72.67691802978516,51.534210205078125,48.768367767333984
2021-12-06,11.864823341369629,18.94253158569336,72.33252716064453,52.332923889160156,49.529964447021484
2021-12-07,12.030919075012207,19.107288360595703,76.33734130859375,54.01716232299805,51.83225631713867
2021-12-08,11.91347885131836,19.002029418945312,75.31397247314453,53.80012130737305,51.201969146728516
2021-12-09,11.85643482208252,19.04779052734375,74.63504028320312,53.58308029174805,51.096920013427734
2021-12-10,11.784295082092285,19.07525062561035,74.12335968017578,53.96506881713867,50.78178405761719
2021-12-13,11.613166809082031,19.10271644592285,73.99543762207031,53.930335998535156,50.53666305541992
2021-12-14,11.71382999420166,19.17593765258789,72.1849365234375,53.13163375854492,51.17570495605469
2021-12-15,11.619876861572266,19.07525062561035,73.16891479492188,53.001407623291016,50.344085693359375
2021-12-16,11.87824535369873,19.162206649780273,73.30664825439453,53.66989517211914,51.700950622558594
2021-12-17,11.72221851348877,19.166784286499023,72.89338684082031,52.28083801269531,51.81474304199219
2021-12-20,11.576257705688477,18.860149383544922,72.07669067382812,50.75285720825195,50.466644287109375
2021-12-21,11.849723815917969,19.066097259521484,73.37554931640625,51.898841857910156,51.82351303100586
2021-12-22,11.906765937805176,19.130170822143555,74.70391845703125,52.3763313293457,52.12113571166992
2021-12-23,12.09299373626709,19.322385787963867,75.56983184814453,53.01877212524414,52.70764923095703
2021-12-27,12.16849136352539,19.427650451660156,76.43572235107422,53.322628021240234,52.88273239135742
2021-12-28,12.250699043273926,19.58782958984375,76.48494720458984,53.339988708496094,52.970272064208984
2021-12-29,12.203725814819336,19.45968246459961,75.66822814941406,52.784366607666016,53.11033630371094
2021-12-30,12.232244491577148,19.50087547302246,76.37669372558594,52.68886947631836,53.39922332763672
2022-01-03,12.369817733764648,19.62444305419922,76.16022491455078,53.91297912597656,53.381717681884766
2022-01-04,12.7305269241333,19.6290225982666,75.01879119873047,55.640621185302734,54.33589172363281
2022-01-05,12.767437934875488,19.596982955932617,74.66455078125,57.14255142211914,55.360111236572266
2022-01-06,12.908364295959473,19.377309799194336,72.75563049316406,56.743194580078125,55.00119400024414
2022-01-07,13.040905952453613,19.326967239379883,72.98193359375,56.1528434753418,56.11294937133789
2022-01-10,13.072781562805176,19.23543357849121,70.16775512695312,55.84030532836914,55.38636779785156
2022-01-11,13.126468658447266,19.326967239379883,71.61422729492188,56.02261734008789,55.78030014038086
2022-01-12,13.305986404418945,19.391042709350586,72.61788177490234,56.222293853759766,57.592369079589844
2022-01-13,13.477112770080566,19.423072814941406,73.13937377929688,57.264095306396484,57.98629379272461
2022-01-14,13.455302238464355,19.368154525756836,71.87004852294922,57.0210075378418,57.1546630859375
2022-01-17,13.49427604675293,19.386770248413086,72.92396545410156,56.950191497802734,57.76557540893555
2022-01-18,13.388463973999023,19.50663948059082,71.24957275390625,56.6462516784668,57.6948356628418
2022-01-19,13.251935005187988,19.585018157958984,70.64876556396484,56.50729751586914,59.21567916870117
2022-01-20,13.204150199890137,19.681835174560547,71.673095703125,56.0904541015625,59.18915557861328
2022-01-21,12.922554969787598,19.37293815612793,70.32374572753906,54.74443054199219,57.15546417236328
2022-01-24,12.405450820922852,19.04098892211914,66.17720794677734,51.81789779663086,54.30830383300781
2022-01-25,12.750187873840332,19.52047348022461,65.4483642578125,52.04368591308594,55.11294174194336
2022-01-26,13.123937606811523,19.66800308227539,66.85679626464844,53.459190368652344,56.669151306152344
2022-01-27,13.318492889404297,20.018396377563477,65.91126251220703,53.745758056640625,57.24388885498047
2022-01-28,13.101752281188965,20.004562377929688,64.75892639160156,52.71236038208008,55.537357330322266
2022-01-31,13.125643730163574,20.16592788696289,66.98484802246094,52.842613220214844,54.493988037109375
2022-02-01,13.443077087402344,20.147485733032227,67.86143493652344,53.6068115234375,56.36851501464844
2022-02-02,13.492570877075195,20.318071365356445,67.93037414550781,53.398399353027344,56.288944244384766
2022-02-03,13.53864860534668,20.35956382751465,65.48776245117188,53.1639289855957,55.76725387573242
2022-02-04,13.432835578918457,20.133655548095703,64.92633819580078,51.47053146362305,55.34282684326172
2022-02-07,13.61885929107666,20.32729148864746,65.349853515625,51.3663215637207,56.2093620300293
2022-02-08,13.857787132263184,20.45638656616211,64.84754943847656,51.6789436340332,57.509151458740234
2022-02-09,13.980664253234863,20.70073699951172,66.71891021728516,53.78049850463867,58.18115997314453
2022-02-10,14.014795303344727,20.613136291503906,65.94082641601562,53.589447021484375,58.747047424316406
2022-02-11,13.920931816101074,20.696125030517578,64.56192779541016,54.09312438964844,58.39336395263672
2022-02-14,13.547182083129883,20.378005981445312,63.439109802246094,53.172611236572266,58.33147048950195
2022-02-15,13.664938926696777,20.622358322143555,64.2959976196289,54.34496307373047,58.128089904785156
2022-02-16,13.490862846374512,20.345733642578125,64.14824676513672,54.07575607299805,58.70283889770508
2022-02-17,13.315080642700195,20.147485733032227,63.77399444580078,54.006282806396484,57.90704345703125
2022-02-18,13.294601440429688,20.013784408569336,62.52313232421875,53.20734405517578,58.09272766113281
2022-02-21,13.132472038269043,19.769432067871094,60.8783073425293,51.8613166809082,57.92473220825195
2022-02-22,13.06079387664795,19.797094345092773,61.351070404052734,52.21736526489258,58.03083419799805
2022-02-23,13.002767562866211,19.695661544799805,60.84874725341797,52.78182601928711,57.7744140625
2022-02-24,11.948074340820312,19.022550582885742,59.7259407043457,49.568721771240234,56.315460205078125
2022-02-25,12.417397499084473,19.529693603515625,62.16854476928711,51.392372131347656,58.67631149291992
2022-02-28,11.883222579956055,19.31300163269043,63.02544021606445,50.002925872802734,59.01231384277344
2022-03-01,11.186921119689941,18.976444244384766,61.20332717895508,46.937442779541016,59.55167770385742
2022-03-02,11.345636367797852,19.06865119934082,62.030670166015625,46.12114334106445,60.95757293701172
2022-03-03,11.19033432006836,18.773584365844727,60.740413665771484,44.39300537109375,61.328948974609375
2022-03-04,10.444540023803711,18.36049461364746,57.39166259765625,41.88765335083008,59.463260650634766
2022-03-07,10.074202537536621,18.113374710083008,57.56895065307617,40.18991470336914,59.480934143066406
2022-03-08,10.275583267211914,17.94924545288086,56.16050720214844,40.02926254272461,58.95042037963867
2022-03-09,11.067458152770996,18.561506271362305,60.090362548828125,43.77643585205078,58.34915542602539
2022-03-10,10.821703910827637,18.450857162475586,58.38643264770508,41.766075134277344,59.73735046386719
2022-03-11,10.912155151367188,18.62605094909668,58.66221618652344,41.87028884887695,60.992942810058594
2022-03-14,11.219345092773438,18.879623413085938,58.29779052734375,43.19894790649414,59.29525375366211
2022-03-15,11.234705924987793,18.99488639831543,58.268245697021484,43.67222595214844,58.14578628540039
2022-03-16,11.77229118347168,19.18391227722168,62.02082443237305,46.01692581176758,60.259056091308594
2022-03-17,11.65282917022705,19.349885940551758,62.24734878540039,45.26141357421875,60.87799835205078
2022-03-18,11.705733299255371,19.368328094482422,64.13839721679688,45.00088882446289,61.16978454589844
2022-03-21,11.668188095092773,19.400602340698242,63.54743576049805,44.96615219116211,63.592529296875
2022-03-22,11.973674774169922,19.502025604248047,64.45359802246094,45.90403366088867,64.08769226074219
2022-03-23,11.744985580444336,19.317615509033203,63.271671295166016,45.05299377441406,64.37947845458984
2022-03-24,11.688667297363281,19.478975296020508,63.399715423583984,44.96615219116211,64.56515502929688
2022-03-25,11.649415969848633,19.644954681396484,63.53759765625,44.84457778930664,65.19296264648438
2022-03-28,11.67672061920166,19.750991821289062,63.626243591308594,45.2353630065918,64.25569915771484
2022-03-29,12.09996509552002,19.861642837524414,65.38925170898438,47.85795593261719,62.79673385620117
2022-03-30,11.903701782226562,20.009180068969727,64.47327423095703,46.937442779541016,64.43253326416016
2022-03-31,11.671601295471191,19.732547760009766,63.35047149658203,46.08639907836914,64.19379425048828
2022-04-01,11.785944938659668,19.976900100708008,63.1042366027832,46.138511657714844,65.61737823486328
2022-04-04,11.76375961303711,20.05988883972168,64.42404174804688,46.8419189453125,65.467041015625
2022-04-05,11.644294738769531,20.258136749267578,63.35047149658203,45.81719970703125,66.0771713256836
2022-04-06,11.381474494934082,20.253524780273438,60.98664474487305,44.497222900390625,65.47589874267578
2022-04-07,11.366117477416992,20.299631118774414,60.39567947387695,44.19327163696289,65.30790710449219
2022-04-08,11.591389656066895,20.562421798706055,60.316898345947266,44.72300338745117,66.62537384033203
2022-04-11,11.663068771362305,20.57164192199707,59.15468978881836,44.436424255371094,65.76768493652344
2022-04-12,11.488992691040039,20.590089797973633,59.400917053222656,44.531951904296875,66.47505950927734
2022-04-13,11.507765769958496,20.73761558532715,59.46000671386719,44.69695281982422,67.22664642333984
2022-04-14,11.61699104309082,20.728395462036133,59.07589340209961,44.80115509033203,67.84559631347656
2022-04-19,11.658880233764648,20.553043365478516,59.05498504638672,45.57403564453125,67.56166076660156
2022-04-20,11.901278495788574,20.580780029296875,60.57326126098633,45.99956512451172,65.93431854248047
2022-04-21,12.019061088562012,20.525306701660156,60.54368591308594,46.48587417602539,64.59881591796875
2022-04-22,11.7732515335083,20.294164657592773,59.380332946777344,45.28746795654297,62.166629791259766
2022-04-25,11.448919296264648,20.252559661865234,58.06909942626953,44.58406066894531,58.54931640625
2022-04-26,11.172383308410645,20.27104949951172,56.65926742553711,43.420387268066406,59.06228256225586
2022-04-27,11.218472480773926,20.363508224487305,56.8564453125,44.106441497802734,61.768646240234375
2022-04-28,11.28333854675293,20.24331283569336,58.31556701660156,45.02694320678711,61.016868591308594
2022-04-29,11.39941692352295,20.173969268798828,58.985984802246094,45.556671142578125,62.72383117675781
2022-05-02,11.177506446838379,19.965946197509766,57.82262420654297,44.79247283935547,61.22029495239258
2022-05-03,11.483059883117676,20.289541244506836,58.27613830566406,45.773773193359375,61.52099609375
2022-05-04,11.373811721801758,20.26643180847168,57.329673767089844,45.13115310668945,60.167816162109375
2022-05-05,11.145071983337402,20.22944450378418,57.231082916259766,44.34090042114258,59.56640625
2022-05-06,10.95729923248291,19.753293991088867,55.78182601928711,44.618797302246094,58.7262077331543
2022-05-09,10.71661376953125,19.401962280273438,53.041038513183594,43.45513153076172,56.17019271850586
2022-05-10,10.784893035888672,19.522153854370117,53.33680725097656,43.72433090209961,56.11712646484375
2022-05-11,11.040943145751953,19.65621566772461,55.0522575378418,45.28746795654297,58.0009651184082
2022-05-12,10.974370002746582,19.753293991088867,54.815650939941406,45.105098724365234,56.400150299072266
2022-05-13,11.252613067626953,19.99830436706543,56.531097412109375,46.22534942626953,57.39955139160156
2022-05-16,11.208230972290039,19.98443603515625,55.65365982055664,45.76509475708008,58.16016387939453
2022-05-17,11.442091941833496,20.173969268798828,56.94517517089844,46.39902877807617,60.30933380126953
2022-05-18,11.365275382995605,19.942832946777344,55.31845474243164,45.83456802368164,59.48680114746094
2022-05-19,11.310653686523438,19.753293991088867,55.21000671386719,45.6695671081543,59.53988265991211
2022-05-20,11.322600364685059,19.99830436706543,55.41704177856445,45.9735107421875,59.93785858154297
2022-05-23,11.704971313476562,20.26643180847168,56.353641510009766,46.35560989379883,61.299896240234375
2022-05-24,11.745940208435059,20.354257583618164,54.835365295410156,45.582725524902344,60.76039123535156
2022-05-25,11.913227081298828,20.502193450927734,54.924095153808594,46.08639907836914,61.68019104003906
2022-05-26,12.073684692382812,20.705596923828125,56.03815460205078,47.232704162597656,61.998592376708984
2022-05-27,12.135136604309082,20.770313262939453,57.78318405151367,47.65822219848633,63.05990982055664
2022-05-30,12.205126762390137,20.64087677001953,58.8676643371582,48.0750617980957,63.34292984008789
2022-05-31,12.094169616699219,20.650121688842773,57.51699447631836,47.80585479736328,62.98916244506836
2022-06-01,12.012232780456543,20.511438369750977,56.92546463012695,48.413734436035156,62.55579376220703
2022-06-02,12.02418327331543,20.469829559326172,57.63529586791992,48.90004348754883,63.900115966796875
2022-06-03,11.930296897888184,20.479076385498047,56.886024475097656,48.17058563232422,63.34292984008789
2022-06-06,12.186347961425781,20.6085205078125,58.029659271240234,48.92610168457031,64.48383331298828
2022-06-07,12.071979522705078,20.483699798583984,57.30995178222656,48.50057601928711,65.27983856201172
2022-06-08,11.981507301330566,20.26180648803711,57.6550178527832,48.83926010131836,64.40424346923828
2022-06-09,11.81421947479248,20.201709747314453,56.304351806640625,48.17058563232422,62.8476448059082
2022-06-10,11.238958358764648,19.734804153442383,54.20439529418945,46.59876251220703,59.911338806152344
2022-06-13,10.998270034790039,19.526779174804688,51.91712951660156,44.55800247192383,58.18669509887695
2022-06-14,11.083620071411133,19.351110458374023,51.2960090637207,44.141170501708984,56.96617889404297
2022-06-15,11.351619720458984,19.499040603637695,52.5875358581543,45.25273132324219,58.1955451965332
2022-06-16,11.02046012878418,19.337242126464844,50.07350158691406,43.75038528442383,56.267478942871094
2022-06-17,11.083620071411133,19.508285522460938,50.69461441040039,43.958805084228516,54.71088409423828
2022-06-20,11.43526554107666,19.785654067993164,51.26643371582031,44.84457778930664,55.0734977722168
2022-06-21,11.5069580078125,19.720935821533203,52.005855560302734,45.49588394165039,55.789894104003906
2022-06-22,11.442091941833496,19.845752716064453,51.79880905151367,44.67089080810547,52.90664291381836
2022-06-23,11.058015823364258,19.808767318725586,51.503047943115234,42.99053192138672,51.51808547973633
2022-06-24,11.281633377075195,20.063024520874023,53.5142707824707,43.25539016723633,52.199100494384766
2022-06-27,11.281633377075195,20.090763092041016,54.32270050048828,43.55933380126953,52.87126922607422
2022-06-28,11.327722549438477,20.247934341430664,53.47483825683594,43.863277435302734,53.44614791870117
2022-06-29,11.235543251037598,20.123123168945312,52.873443603515625,42.78211212158203,52.98624801635742
2022-06-30,10.907796859741211,19.952077865600586,51.77910232543945,41.444759368896484,50.96090316772461
2022-07-01,10.868535995483398,20.123123168945312,50.842498779296875,41.5098876953125,49.713844299316406
2022-07-04,10.895849227905273,20.220197677612305,50.162227630615234,41.01490020751953,50.27103805541992
2022-07-05,10.539083480834961,19.98443603515625,49.422813415527344,39.57334518432617,47.688499450683594
2022-07-06,10.499821662902832,20.01217269897461,50.94108581542969,39.68189239501953,48.44026565551758
2022-07-07,10.856586456298828,20.234067916870117,52.6762580871582,41.774757385253906,51.15547180175781
2022-07-08,10.926573753356934,20.275672912597656,52.86358642578125,43.120792388916016,51.1024055480957
2022-07-11,10.778063774108887,20.275672912597656,52.11430358886719,41.97883605957031,50.16490936279297
2022-07-12,10.759286880493164,20.511438369750977,51.93684387207031,42.156856536865234,50.43023681640625
2022-07-13,10.602243423461914,20.395870208740234,51.65093231201172,41.184242248535156,49.908424377441406
2022-07-14,10.276204109191895,19.979814529418945,51.36502456665039,40.56766891479492,48.006900787353516
2022-07-15,10.368337631225586,20.048419952392578,52.84192657470703,42.26168441772461,48.57807922363281
2022-07-18,10.583863258361816,20.048419952392578,53.73101806640625,43.09364318847656,50.02899169921875
2022-07-19,10.895572662353516,20.090238571166992,54.54107666015625,44.384769439697266,50.26775360107422
2022-07-20,10.811854362487793,19.93691062927246,55.65739059448242,43.966514587402344,50.451412200927734
2022-07-21,10.845698356628418,19.946205139160156,56.77370071411133,43.75739288330078,50.27693557739258
2022-07-22,10.694297790527344,19.7696475982666,56.98114776611328,43.70283889770508,50.44222640991211
2022-07-25,10.872416496276855,19.88580322265625,56.68479537963867,43.984703063964844,51.14013671875
2022-07-26,10.822543144226074,19.755708694458008,55.88460922241211,43.170928955078125,51.28705978393555
2022-07-27,10.931195259094238,19.80217170715332,56.665035247802734,43.43461227416992,51.50745391845703
2022-07-28,10.899134635925293,19.611677169799805,57.81097412109375,44.54389572143555,52.48085403442383
2022-07-29,11.086158752441406,19.792879104614258,58.670433044433594,45.298561096191406,53.79402542114258
2022-08-01,11.184125900268555,19.78823471069336,59.134742736816406,45.54405975341797,53.215492248535156
2022-08-02,11.177000045776367,19.83469581604004,58.23576736450195,45.83501052856445,52.444122314453125
2022-08-03,11.342652320861816,19.690662384033203,60.08311462402344,46.32600402832031,52.434940338134766
2022-08-04,11.335527420043945,19.611677169799805,60.7351188659668,46.089603424072266,52.98591995239258
2022-08-05,11.438836097717285,19.746417999267578,59.43111038208008,45.944122314453125,53.564449310302734
2022-08-08,11.490490913391113,19.723188400268555,59.63856506347656,46.88973617553711,54.041961669921875
2022-08-09,11.506521224975586,19.78823471069336,57.70231246948242,45.88047409057617,53.74810791015625
2022-08-10,11.563521385192871,19.686017990112305,59.03594970703125,46.62605285644531,54.64804458618164
2022-08-11,11.590237617492676,19.765005111694336,59.29280090332031,46.589691162109375,54.941898345947266
2022-08-12,11.70423412322998,19.704601287841797,59.36195755004883,46.862464904785156,54.82251739501953
2022-08-15,11.663267135620117,19.6999568939209,59.81637954711914,46.853370666503906,53.99605178833008
2022-08-16,11.716703414916992,20.020545959472656,59.51013946533203,47.13523864746094,55.69490051269531
2022-08-17,11.568863868713379,19.765005111694336,58.35431671142578,46.080509185791016,55.02454376220703
2022-08-18,11.549269676208496,19.83469581604004,59.07547378540039,46.49876403808594,55.91529846191406
2022-08-19,11.298121452331543,19.839340209960938,58.33455276489258,45.21217727661133,54.969444274902344
2022-08-22,11.134252548217773,19.78823471069336,56.704551696777344,43.57554244995117,55.18983840942383
2022-08-23,11.166314125061035,19.607030868530273,56.46745300292969,43.993797302246094,56.512184143066406
2022-08-24,11.103972434997559,19.449058532714844,56.91200256347656,43.9710693359375,55.557151794433594
2022-08-25,11.089722633361816,19.53269386291504,57.48497772216797,44.048343658447266,56.01631164550781
2022-08-26,10.918726921081543,19.226041793823242,56.18096923828125,43.066368103027344,55.67652893066406
2022-08-29,10.877758026123047,19.16099739074707,54.83744430541992,43.53916931152344,55.33676528930664
2022-08-30,10.961477279663086,19.165637969970703,54.39289855957031,43.780120849609375,53.74810791015625
2022-08-31,10.972162246704102,19.13776397705078,53.96810531616211,43.22548294067383,53.12366485595703
2022-09-01,10.797605514526367,18.961210250854492,52.36773681640625,42.525367736816406,51.415626525878906
2022-09-02,11.102189064025879,19.114534378051758,53.95823287963867,44.116539001464844,52.343109130859375
2022-09-05,10.961477279663086,18.942623138427734,53.2667121887207,41.97982406616211,52.57268524169922
2022-09-06,11.032722473144531,18.92868423461914,53.365501403808594,42.75267791748047,53.041011810302734
2022-09-07,10.897354125976562,18.7985897064209,53.31611633300781,43.21638870239258,51.874778747558594
2022-09-08,11.141377449035645,18.63132667541504,53.75078201293945,42.75267791748047,52.636966705322266
2022-09-09,11.380057334899902,18.910099029541016,55.133811950683594,43.29822540283203,54.2164421081543
2022-09-12,11.72739028930664,19.040191650390625,55.647518157958984,44.7984733581543,55.41022872924805
2022-09-13,11.586673736572266,18.840404510498047,53.87919998168945,43.88923263549805,54.868431091308594
2022-09-14,11.572425842285156,18.608095169067383,53.810054779052734,44.111995697021484,53.53689193725586
2022-09-15,11.7897310256958,18.568138122558594,52.881431579589844,44.03925704956055,53.30731964111328
2022-09-16,11.592020034790039,18.21688461303711,51.8836784362793,43.56190490722656,52.72879409790039
2022-09-19,11.606267929077148,18.207590103149414,52.03185272216797,43.90742111206055,52.636966705322266
2022-09-20,11.583112716674805,17.848905563354492,51.72562026977539,43.498252868652344,51.78294372558594
2022-09-21,11.540365219116211,17.882354736328125,52.436885833740234,43.72102355957031,52.260467529296875
2022-09-22,11.531458854675293,17.711374282836914,50.14499282836914,42.97089385986328,52.21453857421875
2022-09-23,11.11287784576416,17.376846313476562,49.27566146850586,41.17967987060547,49.331085205078125
2022-09-26,10.934758186340332,17.103649139404297,49.88814926147461,41.61612319946289,48.62399673461914
2022-09-27,10.760199546813965,17.111085891723633,49.88814926147461,41.54792404174805,49.58820724487305
2022-09-28,10.521519660949707,17.09064292907715,50.06596374511719,41.661582946777344,50.29529571533203
2022-09-29,10.284623146057129,16.694780349731445,48.51992416381836,39.59759521484375,50.59833908081055
2022-09-30,10.468084335327148,16.71336555480957,49.50288009643555,39.6794319152832,51.011573791503906
2022-10-03,10.553581237792969,17.129671096801758,49.92766571044922,39.99312210083008,52.3982048034668
2022-10-04,10.982850074768066,17.453046798706055,52.604827880859375,41.466094970703125,54.152164459228516
2022-10-05,10.758419036865234,17.094356536865234,52.28871154785156,40.343177795410156,53.6103630065918
2022-10-06,10.635517120361328,16.865764617919922,52.891319274902344,40.77961349487305,52.67369842529297
2022-10-07,10.573174476623535,16.743104934692383,50.589542388916016,40.13405227661133,52.223724365234375
2022-10-10,10.542895317077637,16.813724517822266,49.62141418457031,39.6430549621582,52.53594970703125
2022-10-11,10.430679321289062,16.7802734375,48.687870025634766,39.82490539550781,52.05842971801758
2022-10-12,10.309557914733887,16.631593704223633,48.26308059692383,39.656700134277344,51.47072219848633
2022-10-13,10.667577743530273,16.687349319458008,48.47053527832031,40.26134490966797,52.40739440917969
2022-10-14,10.712109565734863,16.77469825744629,47.93708038330078,40.31135177612305,51.810489654541016
2022-10-17,10.964811325073242,17.064212799072266,48.928916931152344,41.397193908691406,53.12375259399414
2022-10-18,11.033092498779297,17.096134185791016,49.344871520996094,42.07024383544922,52.3091926574707
2022-10-19,11.06004810333252,17.098011016845703,49.91432571411133,41.96110153198242,51.67253494262695
2022-10-20,11.142706871032715,16.69060516357422,50.95421600341797,42.17483901977539,52.29983139038086
2022-10-21,11.122939109802246,16.37518882751465,50.89479064941406,41.9565544128418,52.74924087524414
2022-10-24,11.290053367614746,16.546037673950195,51.32064437866211,42.8297004699707,52.73051071166992
2022-10-25,11.27028751373291,16.715011596679688,53.46974563598633,43.12074661254883,53.06756591796875
2022-10-26,11.219972610473633,16.827655792236328,53.44993591308594,43.28446578979492,54.481327056884766
2022-10-27,11.358336448669434,16.921527862548828,52.538795471191406,43.37996292114258,53.58251953125
2022-10-28,11.291850090026855,17.229433059692383,52.0931282043457,43.12074661254883,52.4028205871582
2022-10-31,11.338569641113281,17.398405075073242,52.00400161743164,43.334495544433594,52.31855773925781
2022-11-01,11.453574180603027,17.450971603393555,52.50908660888672,43.62098693847656,54.16299819946289
2022-11-02,11.437399864196777,17.518564224243164,51.796024322509766,43.225345611572266,53.23609161376953
2022-11-03,11.485918998718262,17.218168258666992,50.64719772338867,42.13846206665039,52.77732467651367
2022-11-04,11.759049415588379,17.420934677124023,51.91486740112305,43.64372634887695,55.548683166503906
2022-11-07,11.771628379821777,17.492277145385742,52.73686599731445,44.298587799072266,56.19469451904297
2022-11-08,11.816550254821777,17.62557601928711,54.48981475830078,44.4395637512207,56.681556701660156
2022-11-09,11.692564010620117,17.5974178314209,53.855979919433594,44.053016662597656,55.66102600097656
2022-11-10,11.75725269317627,17.820831298828125,57.99570083618164,45.785667419433594,56.353858947753906
2022-11-11,11.782408714294434,17.631208419799805,58.99596405029297,46.64971923828125,57.8144416809082
2022-11-14,11.848894119262695,17.717575073242188,59.70902633666992,46.79524612426758,57.711448669433594
2022-11-15,11.94772720336914,17.541091918945312,60.70929718017578,46.913482666015625,58.32938766479492
2022-11-16,11.874051094055176,17.40216064453125,59.4614372253418,45.16264343261719,57.33694839477539
2022-11-17,11.899210929870605,17.306406021118164,59.70902633666992,44.86704635620117,56.484947204589844
2022-11-18,12.044759750366211,17.559865951538086,59.67931365966797,45.82204818725586,56.868804931640625
2022-11-21,12.087884902954102,17.693164825439453,59.35249710083008,45.73109817504883,56.06362533569336
2022-11-22,12.184919357299805,17.642473220825195,59.42182540893555,45.903907775878906,57.39311599731445
2022-11-23,12.251404762268066,17.704431533813477,60.22401809692383,45.6583366394043,58.45109939575195
2022-11-24,12.323282241821289,17.88091278076172,60.2042121887207,45.95847702026367,58.928592681884766
2022-11-25,12.348440170288086,17.894052505493164,59.986324310302734,45.88571548461914,58.61962890625
2022-11-28,12.192106246948242,17.73259162902832,59.36240005493164,45.531002044677734,58.12340545654297
2022-11-29,12.378987312316895,17.541091918945312,58.619625091552734,45.86752700805664,59.57461929321289
2022-11-30,12.411332130432129,17.552356719970703,59.18413162231445,46.70429229736328,60.47343444824219
2022-12-01,12.27656078338623,17.892175674438477,60.946983337402344,46.74067306518555,60.454708099365234
2022-12-02,12.283750534057617,17.802061080932617,60.56074142456055,46.49509811401367,60.48279571533203
2022-12-05,12.24242115020752,17.70067596435547,60.31315612792969,46.722476959228516,60.75431442260742
2022-12-06,12.192106246948242,17.59929084777832,59.35249710083008,46.20404815673828,60.641963958740234
2022-12-07,12.113044738769531,17.377750396728516,58.89693069458008,45.76747512817383,59.612064361572266
2022-12-08,12.077104568481445,17.285757064819336,59.25346374511719,45.32635498046875,60.323631286621094
2022-12-09,12.211872100830078,17.42656707763672,59.84768295288086,45.72200012207031,60.66068649291992
2022-12-12,12.161561965942383,17.332693099975586,59.4614372253418,45.4946174621582,59.583980560302734
2022-12-13,12.305313110351562,17.415302276611328,61.442161560058594,45.831146240234375,60.31426239013672
2022-12-14,12.27656078338623,17.400279998779297,60.90736770629883,45.86752700805664,59.39672088623047
2022-12-15,11.94772720336914,17.11115074157715,58.04521560668945,44.69878005981445,57.87061309814453
2022-12-16,12.07530689239502,16.68309211730957,57.025142669677734,44.38044738769531,57.421207427978516
2022-12-19,12.07530689239502,16.760066986083984,56.76764678955078,44.785186767578125,57.59910202026367
2022-12-20,12.28734302520752,16.66244125366211,56.114009857177734,44.10758590698242,58.020423889160156
2022-12-21,12.47062873840332,16.835166931152344,57.13408279418945,44.73061752319336,59.28437423706055
2022-12-22,12.450862884521484,16.758188247680664,55.737674713134766,43.57551574707031,58.488555908203125
2022-12-23,12.454456329345703,16.76569938659668,55.46036911010742,43.830177307128906,58.78815460205078
2022-12-27,12.4796142578125,16.808883666992188,55.26229476928711,44.048465728759766,59.265647888183594
2022-12-28,12.467036247253418,16.780717849731445,54.727500915527344,43.79834747314453,59.022220611572266
2022-12-29,12.522740364074707,16.962833404541016,55.84660720825195,44.40773010253906,58.81624221801758
2022-12-30,12.438285827636719,16.730030059814453,55.0642204284668,44.12577819824219,58.394927978515625
2023-01-02,12.689854621887207,16.945938110351562,55.82679748535156,45.33544921875,59.55588912963867
2023-01-03,12.842592239379883,17.009767532348633,56.44083023071289,45.73109817504883,58.84433364868164
2023-01-04,13.192991256713867,17.29138946533203,58.0155029296875,46.840721130371094,57.89870834350586
2023-01-05,13.31697940826416,17.398405075073242,58.203678131103516,47.213626861572266,59.05030822753906
2023-01-06,13.428388595581055,17.563617706298828,59.213844299316406,47.56834411621094,60.763675689697266
2023-01-09,13.414013862609863,17.66500473022461,61.13514709472656,48.205013275146484,61.83102035522461
2023-01-10,13.38705825805664,17.58990478515625,60.8281364440918,48.241397857666016,61.20371627807617
2023-01-11,13.379870414733887,17.61243438720703,61.62043380737305,48.60520935058594,61.26925277709961
2023-01-12,13.523625373840332,17.86589241027832,61.828407287597656,49.10544967651367,62.24298095703125
2023-01-13,13.636833190917969,17.848995208740234,62.58108901977539,48.268680572509766,62.30851745605469
2023-01-16,13.652644157409668,17.96016502380371,62.57635498046875,48.432395935058594,61.75850296020508
2023-01-17,13.618356704711914,17.954484939575195,62.76474380493164,48.59611129760742,62.33033752441406
2023-01-18,13.670689582824707,17.812471389770508,63.458824157714844,48.441490173339844,63.77399826049805
2023-01-19,13.483002662658691,17.68181610107422,61.594722747802734,47.39553451538086,62.574073791503906
2023-01-20,13.609332084655762,17.789749145507812,61.80294418334961,47.46829605102539,63.10842514038086
2023-01-23,13.661667823791504,17.840871810913086,63.1217041015625,48.07767868041992,63.652130126953125
2023-01-24,13.759122848510742,17.795429229736328,63.14153289794922,48.08677673339844,63.32402801513672
2023-01-25,13.746489524841309,17.774599075317383,62.83415603637695,48.041297912597656,63.32402801513672
2023-01-26,13.972078323364258,17.79921531677246,63.567893981933594,48.468780517578125,63.60525894165039
2023-01-27,14.044266700744629,17.890108108520508,63.95458984375,49.02359390258789,63.277164459228516
2023-01-30,14.040657997131348,17.9241886138916,62.893646240234375,48.486968994140625,62.92093276977539
2023-01-31,14.116456031799316,17.88442611694336,62.96305847167969,48.932640075683594,62.236610412597656
2023-02-01,14.23376178741455,17.856021881103516,63.44890594482422,49.56930923461914,61.78664016723633
2023-02-02,14.116456031799316,18.16655921936035,66.43346405029297,51.79765319824219,61.833499908447266
2023-02-03,14.132697105407715,17.871170043945312,66.7309341430664,51.5611686706543,62.01161575317383
2023-02-06,14.04607105255127,17.77081298828125,65.60057830810547,51.142791748046875,61.11167526245117
2023-02-07,14.230154037475586,17.831403732299805,65.3427734375,51.424747467041016,61.777259826660156
2023-02-08,14.304146766662598,17.999927520751953,65.09487915039062,51.370174407958984,61.383541107177734
2023-02-09,14.522516250610352,18.03211784362793,65.80879211425781,52.20694351196289,61.43040466308594
2023-02-10,14.340240478515625,18.071882247924805,64.2917251586914,51.18826675415039,60.00550079345703
2023-02-13,14.426864624023438,18.138158798217773,65.06512451171875,51.27922058105469,60.446102142333984
2023-02-14,14.464764595031738,18.416507720947266,65.04529571533203,51.415653228759766,60.671077728271484
2023-02-15,14.401598930358887,18.530120849609375,65.650146484375,52.13417434692383,60.35234832763672
2023-02-16,14.681330680847168,18.675922393798828,65.46173095703125,52.37974548339844,60.84919357299805
2023-02-17,14.636211395263672,18.797107696533203,64.46028137207031,52.61622619628906,60.38047409057617
2023-02-20,14.601922035217285,18.842554092407227,64.08349609375,52.761749267578125,61.936622619628906
2023-02-21,14.717424392700195,18.791425704956055,63.05229187011719,52.25241470336914,61.0648078918457
2023-02-22,14.464764595031738,18.88420867919922,62.88372802734375,52.23422622680664,59.75238800048828
2023-02-23,14.61635971069336,18.770599365234375,63.18119430541992,52.74356460571289,58.852447509765625
2023-02-24,14.545976638793945,18.727046966552734,61.98142623901367,51.27012634277344,57.10880661010742
2023-02-27,14.782393455505371,18.903148651123047,62.98288345336914,52.13417434692383,57.73689651489258
2023-02-28,14.98452377319336,18.763023376464844,62.61601257324219,52.06141662597656,58.374351501464844
2023-03-01,14.748104095458984,18.668350219726562,62.45737075805664,52.5434684753418,59.77113723754883
2023-03-02,14.721033096313477,18.662670135498047,62.32846450805664,52.59803771972656,59.80863571166992
2023-03-03,14.914137840270996,18.91829490661621,63.419166564941406,54.48075866699219,61.027305603027344
2023-03-06,15.002568244934082,19.05368423461914,63.81578826904297,54.580810546875,59.480533599853516
2023-03-07,14.81307315826416,18.87663459777832,62.75482940673828,54.27157211303711,57.97126007080078
2023-03-08,14.90511417388916,18.963741302490234,63.320011138916016,54.52623748779297,58.65559005737305
2023-03-09,14.72283935546875,19.030014038085938,63.36958694458008,53.789520263671875,57.60565185546875
2023-03-10,14.154354095458984,18.914506912231445,62.497032165527344,52.88908767700195,57.043190002441406
2023-03-13,13.277265548706055,18.651308059692383,61.019630432128906,50.960880279541016,55.72140121459961
2023-03-14,13.659863471984863,18.79521369934082,62.30863571166992,51.49750900268555,56.67758560180664
2023-03-15,12.685318946838379,18.64373016357422,60.8114013671875,49.70573806762695,53.34968185424805
2023-03-16,12.844134330749512,18.617223739624023,62.5565185546875,50.20597839355469,53.34030532836914
2023-03-17,12.555378913879395,18.39189338684082,62.58626174926758,49.332828521728516,52.93720626831055
2023-03-20,12.706974983215332,18.656986236572266,62.96305847167969,49.45106887817383,54.5683479309082
2023-03-21,13.181614875793457,18.732725143432617,63.11178970336914,50.46974563598633,54.45586013793945
2023-03-22,13.1671781539917,18.600181579589844,63.359676361083984,50.73350524902344,54.324615478515625
2023-03-23,12.831501007080078,18.62668800354004,64.70817565917969,50.50611877441406,54.221492767333984
2023-03-24,12.401979446411133,18.452484130859375,63.250606536865234,49.551116943359375,53.612159729003906
2023-03-27,12.589668273925781,18.64373016357422,63.37950134277344,50.4879264831543,53.8277702331543
2023-03-28,12.65463924407959,18.62290382385254,62.58626174926758,50.615264892578125,54.577728271484375
2023-03-29,12.889251708984375,18.781957626342773,64.20249938964844,50.660736083984375,55.233924865722656
2023-03-30,13.109426498413086,18.916397094726562,65.85835266113281,51.24284362792969,55.85264205932617
2023-03-31,13.071526527404785,19.091550827026367,66.20539093017578,51.48841094970703,56.049503326416016
2023-04-03,13.14732551574707,19.096284866333008,65.54106903076172,51.415653228759766,55.38392639160156
2023-04-04,13.145520210266113,19.072614669799805,65.56090545654297,51.38836669921875,54.905826568603516
2023-04-05,13.091379165649414,19.451326370239258,64.45037078857422,50.333309173583984,54.324615478515625
2023-04-06,13.351258277893066,19.645410537719727,64.61893463134766,50.24236297607422,54.324615478515625
2023-04-11,13.367500305175781,19.593338012695312,64.63876342773438,51.133697509765625,56.21824264526367
2023-04-12,13.416227340698242,19.61700439453125,64.06365966796875,51.433841705322266,55.95575714111328
2023-04-13,13.44510269165039,19.579139709472656,64.42060852050781,51.688514709472656,56.37760543823242
2023-04-14,13.843944549560547,19.569669723510742,64.56935119628906,52.37974548339844,56.030757904052734
2023-04-17,13.667466163635254,19.670927047729492,63.924766540527344,51.853755950927734,56.53944778442383
2023-04-18,13.83564281463623,19.532800674438477,64.49073791503906,52.0840950012207,57.373939514160156
2023-04-19,13.935101509094238,19.499462127685547,63.189998626708984,51.964317321777344,56.72697830200195
2023-04-20,13.837450981140137,19.318471908569336,63.02119827270508,50.05712127685547,56.398799896240234
2023-04-21,13.756074905395508,19.28512954711914,63.59710693359375,50.232173919677734,54.251617431640625
2023-04-24,13.801283836364746,19.127952575683594,62.971553802490234,50.55464553833008,54.04533004760742
2023-04-25,13.497482299804688,19.156530380249023,62.653812408447266,50.22296142578125,52.38572311401367
2023-04-26,13.526415824890137,19.351810455322266,62.236785888671875,50.10318374633789,52.75139617919922
2023-04-27,13.700016021728516,19.43277931213379,62.564453125,50.16767883300781,52.938926696777344
2023-04-28,13.506523132324219,19.437543869018555,63.199928283691406,50.72049331665039,53.23896789550781
2023-05-02,13.323881149291992,19.0898494720459,63.219783782958984,50.130821228027344,52.11380386352539
2023-05-03,13.264205932617188,19.127952575683594,63.358795166015625,50.18610382080078,52.69514083862305
2023-05-04,13.07433032989502,19.056509017944336,62.96162033081055,50.3888053894043,52.0294189453125
2023-05-05,13.455889701843262,19.175580978393555,63.746036529541016,51.70634078979492,53.342105865478516
2023-05-08,13.573431968688965,19.16129493713379,63.9644775390625,51.761619567871094,54.05471420288086
2023-05-09,13.508331298828125,19.127952575683594,63.170135498046875,51.80768966674805,53.66090393066406
2023-05-10,13.430573463439941,19.023164749145508,64.00418853759766,52.0103874206543,53.24834442138672
2023-05-11,13.445039749145508,18.939340591430664,63.80561447143555,51.945892333984375,51.87002182006836
2023-05-12,13.54992389678955,18.966012954711914,64.10347747802734,52.0840950012207,52.02003860473633
2023-05-15,13.634917259216309,19.10413932800293,64.28221130371094,52.11173629760742,52.7232666015625
2023-05-16,13.569816589355469,18.945053100585938,64.76875305175781,51.58656311035156,52.14194107055664
2023-05-17,13.60779094696045,18.79645347595215,65.14606475830078,51.90904235839844,52.45135498046875
2023-05-18,13.779583930969238,18.73358154296875,66.92341613769531,53.17129135131836,52.20756530761719
2023-05-19,13.785009384155273,18.82122039794922,67.2907943725586,53.687252044677734,52.498233795166016
2023-05-22,13.920635223388672,18.798357009887695,67.50923919677734,53.8254508972168,52.35759353637695
2023-05-23,13.989351272583008,18.906949996948242,66.63546752929688,53.62275314331055,52.0294189453125
2023-05-24,13.638533592224121,18.750730514526367,64.99711608886719,52.32365036010742,50.838619232177734
2023-05-25,13.665657043457031,18.432565689086914,66.11913299560547,52.24073028564453,50.47294616699219
2023-05-26,13.752458572387695,18.436372756958008,68.08513641357422,53.263427734375,51.720001220703125
2023-05-29,13.698206901550293,18.447803497314453,67.6681137084961,53.051517486572266,51.879398345947266
2023-05-30,13.542691230773926,18.27252960205078,68.03549194335938,52.92252731323242,50.876121520996094
2023-05-31,13.336540222167969,18.259193420410156,67.68797302246094,51.59577560424805,50.27604293823242
2023-06-01,13.560773849487305,18.325876235961914,68.50215911865234,52.24073028564453,51.316810607910156
2023-06-02,13.855535507202148,17.826717376708984,68.87948608398438,53.72410202026367,53.379615783691406
2023-06-05,13.754266738891602,17.982942581176758,68.55181884765625,53.78860092163086,53.154579162597656
2023-06-06,13.902552604675293,17.803855895996094,68.46244812011719,53.8254508972168,53.62339782714844
2023-06-07,13.973076820373535,17.796234130859375,68.54188537597656,53.98208236694336,53.84843444824219
2023-06-08,14.021902084350586,17.700977325439453,68.35322570800781,54.553321838378906,54.101593017578125
2023-06-09,13.964035034179688,17.729551315307617,68.50215911865234,54.42433166503906,54.3172492980957
2023-06-12,13.911592483520508,17.554279327392578,69.27664947509766,55.24433517456055,53.66090393066406
2023-06-13,14.0020112991333,17.525699615478516,70.25965118408203,55.81557846069336,55.16111755371094
2023-06-14,14.153911590576172,17.605716705322266,70.32916259765625,56.35917282104492,56.548824310302734
2023-06-15,14.034561157226562,17.68573570251465,69.86248779296875,56.082767486572266,56.286277770996094
2023-06-16,14.153911590576172,17.754322052001953,69.75325775146484,56.193328857421875,55.92060470581055
2023-06-19,14.157526969909668,17.668588638305664,69.39580535888672,55.84321212768555,54.720436096191406
2023-06-20,14.119553565979004,17.582857131958008,68.6312484741211,55.06005859375,53.48275375366211
2023-06-21,14.153911590576172,17.409482955932617,67.54894256591797,54.70995330810547,52.65763473510742
2023-06-22,13.875426292419434,17.34661293029785,67.60852813720703,54.03736877441406,52.41384506225586
2023-06-23,13.680124282836914,17.457115173339844,66.63546752929688,53.8254508972168,51.42932891845703
2023-06-26,13.743416786193848,17.43806266784668,66.84397888183594,53.90837478637695,51.9262809753418
2023-06-27,13.879043579101562,17.552371978759766,67.04255676269531,53.8254508972168,51.954410552978516
2023-06-28,13.936908721923828,17.68383026123047,68.31352233886719,54.62702941894531,51.3355712890625
2023-06-29,14.12136173248291,17.744794845581055,68.44258880615234,55.38254165649414,51.3355712890625
2023-06-30,14.300386428833008,17.794330596923828,69.09791564941406,55.87085723876953,51.7293701171875
2023-07-03,14.459521293640137,17.86863136291504,68.72061920166016,55.81557846069336,52.86391830444336
2023-07-04,14.381762504577637,17.86863136291504,69.0284194946289,55.49310302734375,53.08894729614258
2023-07-05,14.296770095825195,17.773374557495117,68.09507751464844,55.714229583740234,52.47948455810547
2023-07-06,13.974884986877441,17.54094123840332,66.03970336914062,54.24005889892578,50.576080322265625
2023-07-07,14.092429161071777,17.451398849487305,66.48652648925781,54.68231201171875,51.27930450439453
2023-07-10,14.076152801513672,17.394245147705078,66.88370513916016,54.700740814208984,50.97926330566406
2023-07-11,14.211779594421387,17.43996810913086,66.7943344116211,54.89422607421875,51.879398345947266
2023-07-12,14.46133041381836,17.68573570251465,68.51210021972656,55.5023193359375,53.82030487060547
2023-07-13,14.58791446685791,17.771469116210938,69.71354675292969,55.677371978759766,54.77668762207031
2023-07-14,14.501113891601562,17.537134170532227,70.49795532226562,55.622093200683594,54.27974319458008
2023-07-17,14.5931978225708,17.43316078186035,69.57583618164062,55.49622344970703,53.118141174316406
2023-07-18,14.728023529052734,17.25150489807129,69.50626373291016,55.60149002075195,53.37739181518555
2023-07-19,14.733641624450684,17.387271881103516,69.27765655517578,55.67805480957031,52.78207015991211
2023-07-20,14.834762573242188,17.52876853942871,67.62771606445312,55.60149002075195,53.627044677734375
2023-07-21,14.855361938476562,17.532594680786133,67.27983856201172,55.51536178588867,52.78207015991211
2023-07-24,14.919029235839844,17.77735137939453,66.7828598022461,56.04171371459961,53.2813720703125
2023-07-25,14.99393367767334,17.698951721191406,67.58795928955078,55.85987854003906,55.56664276123047
2023-07-26,14.954607963562012,17.67791748046875,66.7828598022461,55.58235549926758,54.48162078857422
2023-07-27,15.037002563476562,17.781173706054688,69.65536499023438,56.95085525512695,54.635257720947266
2023-07-28,15.057602882385254,17.804119110107422,69.36710357666016,57.46763229370117,53.991920471191406
2023-07-31,15.08194637298584,17.61481475830078,69.41680145263672,57.180538177490234,54.635257720947266
2023-08-01,14.93401050567627,17.475229263305664,69.01922607421875,56.21397018432617,53.86709213256836
2023-08-02,14.658737182617188,17.16546058654785,67.76686096191406,55.92687225341797,52.484405517578125
2023-08-03,14.787946701049805,16.955120086669922,66.64372253417969,55.390953063964844,52.484405517578125
2023-08-04,14.868468284606934,16.979982376098633,66.55426025390625,55.50579071044922,52.647640228271484
2023-08-07,14.958354949951172,16.901580810546875,66.70335388183594,55.26654052734375,52.14834213256836
2023-08-08,14.555743217468262,16.79641342163086,65.82868194580078,54.45309829711914,51.23615264892578
2023-08-09,14.68308162689209,16.9742431640625,65.98770904541016,54.1947135925293,51.6778450012207
2023-08-10,14.89094066619873,17.12912940979004,66.96178436279297,54.7019157409668,51.61063003540039
2023-08-11,14.765477180480957,16.999103546142578,65.56031799316406,53.6875,50.852073669433594
2023-08-14,14.784202575683594,17.08514976501465,65.87837219238281,53.72577667236328,50.09351348876953
2023-08-15,14.583833694458008,16.955120086669922,65.45098876953125,53.12287139892578,49.3349609375
2023-08-16,14.503310203552246,16.909231185913086,65.31183624267578,53.31427001953125,49.315757751464844
2023-08-17,14.505184173583984,16.890108108520508,64.14892578125,52.78792190551758,49.757442474365234
2023-08-18,14.411553382873535,16.895845413208008,64.19862365722656,52.338134765625,49.08530807495117
2023-08-21,14.434024810791016,16.848041534423828,64.41728210449219,52.9410400390625,49.2197380065918
2023-08-22,14.449006080627441,16.88245964050293,65.6497802734375,53.12287139892578,50.17033004760742
2023-08-23,14.398446083068848,17.033519744873047,66.11691284179688,52.893192291259766,50.602420806884766
2023-08-24,14.411553382873535,16.955120086669922,64.55642700195312,52.35727310180664,50.026302337646484
2023-08-25,14.400317192077637,16.96468162536621,64.22843170166016,52.491249084472656,50.04550552368164
2023-08-28,14.653119087219238,17.144424438476562,65.39134216308594,52.80706024169922,50.554412841796875
2023-08-29,14.716789245605469,17.327993392944336,66.17655944824219,53.41953659057617,51.24575424194336
2023-08-30,14.707425117492676,17.34711456298828,65.9280776977539,53.20899963378906,51.48580551147461
2023-08-31,14.548254013061523,17.446544647216797,65.99765014648438,53.199432373046875,51.697044372558594
2023-09-01,14.540763854980469,17.4924373626709,66.04734802246094,51.86920928955078,52.465206146240234
2023-09-04,14.52016544342041,17.43316078186035,66.28589630126953,52.01275634765625,52.7436637878418
2023-09-05,14.4696044921875,17.521120071411133,66.41510009765625,52.51996612548828,52.52281188964844
2023-09-06,14.243019104003906,17.532594680786133,66.22625732421875,52.338134765625,52.177146911621094
2023-09-07,14.138154983520508,17.616727828979492,65.03353118896484,51.8787727355957,51.09212112426758
2023-09-08,14.149389266967773,17.605257034301758,64.9440689086914,52.0223274230957,50.900081634521484
2023-09-11,14.316051483154297,17.77352523803711,64.4968032836914,52.59652328491211,52.11953353881836
2023-09-12,14.394700050354004,17.903553009033203,64.06940460205078,53.008033752441406,51.850677490234375
2023-09-13,14.484586715698242,17.884431838989258,63.84080123901367,52.97932052612305,51.61063003540039
2023-09-14,14.767349243164062,18.05652618408203,64.48686981201172,52.70178985595703,53.751869201660156
2023-09-15,14.754240036010742,18.022106170654297,63.622135162353516,53.49610137939453,54.443214416503906
2023-09-18,14.507057189941406,18.025930404663086,62.7872200012207,52.644371032714844,53.9055061340332
2023-09-19,14.662483215332031,18.108154296875,62.419464111328125,53.180294036865234,53.84789276123047
2023-09-20,14.909666061401367,18.299367904663086,62.866737365722656,54.23298263549805,54.42400360107422
2023-09-21,14.898429870605469,18.171255111694336,62.03182601928711,53.31427001953125,53.01251983642578
2023-09-22,14.787946701049805,18.089035034179688,62.44927978515625,53.21857452392578,53.07972717285156
2023-09-25,14.71491527557373,17.80220603942871,62.07158660888672,52.69222640991211,52.7436637878418
2023-09-26,14.690571784973145,17.695127487182617,60.888797760009766,52.01275634765625,52.52281188964844
2023-09-27,14.733641624450684,17.48478889465332,61.22673416137695,51.9266242980957,52.7148551940918
2023-09-28,14.911537170410156,17.44272232055664,61.55473709106445,52.47211456298828,53.94390869140625
2023-09-29,14.928391456604004,17.5039119720459,62.200801849365234,52.45297622680664,54.1839599609375
2023-10-02,14.729896545410156,17.45802116394043,62.12128448486328,52.414695739746094,53.540618896484375
2023-10-03,14.591322898864746,17.196054458618164,61.20685958862305,51.5916748046875,52.08112716674805
2023-10-04,14.550127029418945,17.119565963745117,61.962249755859375,51.60124588012695,51.6490364074707
2023-10-05,14.615668296813965,17.178844451904297,61.56467819213867,51.438560485839844,51.639434814453125
2023-10-06,14.847870826721191,17.234294891357422,62.69777297973633,51.763938903808594,52.426795959472656
2023-10-09,14.638137817382812,17.371971130371094,61.872798919677734,51.33328628540039,52.36919021606445
2023-10-10,14.997678756713867,17.605257034301758,63.522743225097656,52.61566162109375,53.91510009765625
2023-10-11,15.055728912353516,17.60143280029297,63.40346145629883,52.93147277832031,53.91510009765625
2023-10-12,15.02202320098877,17.54024314880371,64.19862365722656,52.969749450683594,53.63664627075195
2023-10-13,14.804800987243652,17.49435043334961,62.55861282348633,52.48168182373047,53.18534851074219
2023-10-16,14.946759223937988,17.504886627197266,62.603721618652344,52.803157806396484,54.31373977661133
2023-10-17,14.926017761230469,17.37108612060547,62.454376220703125,52.726478576660156,53.90573501586914
2023-10-18,14.820427894592285,17.378843307495117,60.99083709716797,52.13221740722656,52.399986267089844
2023-10-19,14.637529373168945,17.11705207824707,61.40898895263672,51.077880859375,51.7685432434082
2023-10-20,14.318869590759277,16.975494384765625,59.975318908691406,50.17689895629883,50.02964782714844
2023-10-23,14.318869590759277,16.81454086303711,60.124656677246094,50.263160705566406,49.58277893066406
2023-10-24,14.16425609588623,16.833932876586914,60.82158279418945,49.80308532714844,50.77766418457031
2023-10-25,14.179340362548828,16.85138702392578,60.951011657714844,49.525123596191406,51.33139419555664
2023-10-26,14.103918075561523,16.839752197265625,61.1003532409668,48.43244934082031,51.56454086303711
2023-10-27,13.998327255249023,16.866899490356445,60.781761169433594,47.962791442871094,51.953121185302734
2023-10-30,14.030381202697754,16.934770584106445,60.27399826049805,47.775882720947266,52.1862678527832
2023-10-31,14.100147247314453,17.0297908782959,61.0605354309082,48.106563568115234,52.137691497802734
2023-11-01,14.137858390808105,17.13450813293457,61.71763229370117,48.6241455078125,52.15712356567383
2023-11-02,14.279273986816406,17.39435577392578,63.42011642456055,50.1385612487793,53.12857437133789
2023-11-03,14.450860023498535,17.601844787597656,64.08717346191406,50.90534973144531,53.49772644042969
2023-11-06,14.469715118408203,17.565000534057617,63.75862503051758,50.73282241821289,53.79887390136719
2023-11-07,14.39240837097168,17.469982147216797,64.74427032470703,50.15773010253906,52.58456039428711
2023-11-08,14.413148880004883,17.46028709411621,64.90357208251953,50.665733337402344,52.20569610595703
2023-11-09,14.526280403137207,17.568880081176758,65.6104507446289,50.598636627197266,52.4388427734375
2023-11-10,14.43200397491455,17.477737426757812,65.47107696533203,50.05229949951172,51.68111801147461
2023-11-13,14.641300201416016,17.619300842285156,65.95891571044922,50.6178092956543,52.079410552978516
2023-11-14,14.777058601379395,17.597965240478516,67.12377166748047,51.930931091308594,53.934871673583984
2023-11-15,14.884535789489746,17.520401000976562,68.5674057006836,52.553955078125,54.73146438598633
2023-11-16,14.844940185546875,17.518463134765625,68.1890640258789,51.74882125854492,53.85715866088867
2023-11-17,15.031608581542969,17.613481521606445,68.58731079101562,52.208892822265625,54.85775375366211
2023-11-20,15.088175773620605,17.718196868896484,69.11498260498047,52.60187911987305,55.13947296142578
2023-11-21,15.007097244262695,17.650325775146484,68.5674057006836,51.796749114990234,55.04233169555664
2023-11-22,14.942988395690918,17.7938232421875,69.5829086303711,52.093875885009766,54.614891052246094
2023-11-23,15.044808387756348,17.815155029296875,69.4335708618164,51.91176223754883,54.78975296020508
2023-11-24,15.105144500732422,17.89853858947754,69.32405853271484,52.304744720458984,54.73146438598633
2023-11-27,14.999554634094238,17.906295776367188,69.18467712402344,52.055538177490234,54.51774215698242
2023-11-28,15.06177806854248,17.917930603027344,69.13489532470703,51.969276428222656,54.712032318115234
2023-11-29,15.122117042541504,17.976104736328125,70.289794921875,53.20572280883789,54.449745178222656
2023-11-30,15.15605640411377,18.018768310546875,70.14044952392578,53.061954498291016,54.42060089111328
2023-12-01,15.301241874694824,18.164203643798828,70.93694305419922,53.33032989501953,56.81036376953125
2023-12-04,15.301241874694824,18.164203643798828,70.93694305419922,53.33032989501953,56.81036376953125
2023-12-05,15.301241874694824,18.164203643798828,70.93694305419922,53.33032989501953,56.81036376953125
2023-12-06,15.301241874694824,18.164203643798828,70.93694305419922,53.33032989501953,56.81036376953125
2023-12-07,15.472827911376953,18.358121871948242,71.56417083740234,55.017269134521484,56.07206726074219
2023-12-08,15.619901657104492,18.396907806396484,72.281005859375,55.640289306640625,54.74117660522461
2023-12-11,15.602930068969727,18.377513885498047,72.6394271850586,55.73613739013672,54.391456604003906
2023-12-12,15.523737907409668,18.288311004638672,72.91819763183594,55.45817565917969,53.83772659301758
2023-12-13,15.476598739624023,18.07500457763672,72.94806671142578,54.940589904785156,53.507442474365234
2023-12-14,15.591618537902832,18.051733016967773,73.58525848388672,55.899078369140625,55.27547836303711
2023-12-15,15.557679176330566,17.884963989257812,74.46138763427734,56.25372314453125,55.965206146240234
2023-12-18,15.531281471252441,17.8616943359375,72.9878921508789,55.5252685546875,56.40235900878906
2023-12-19,15.553905487060547,17.844242095947266,73.34630584716797,55.34315872192383,57.11151885986328
2023-12-20,15.580303192138672,18.03040313720703,73.12727355957031,55.256893157958984,56.92694091796875
2023-12-21,15.563333511352539,18.016828536987305,72.99784851074219,54.79681396484375,56.81036376953125
2023-12-22,15.648183822631836,18.12348175048828,72.3905258178711,54.777645111083984,57.10179901123047
2023-12-27,15.75377368927002,18.049793243408203,72.93811798095703,54.7488899230957,57.26694869995117
2023-12-28,15.650070190429688,18.014888763427734,72.87837219238281,54.566776275634766,57.2378044128418
2023-12-29,15.706635475158691,18.022645950317383,72.89828491210938,54.7488899230957,57.043514251708984
2024-01-02,15.840510368347168,18.25922393798828,71.43475341796875,55.07477951049805,57.043514251708984
2024-01-03,15.6972074508667,18.28249740600586,70.02098846435547,53.90542221069336,55.829200744628906
2024-01-04,15.974385261535645,18.424055099487305,69.80194854736328,54.020442962646484,56.00406265258789
2024-01-05,16.051692962646484,18.42987060546875,69.60282897949219,53.97251892089844,56.07206726074219
2024-01-08,16.11014175415039,18.476411819458008,70.35948944091797,54.624290466308594,55.80977249145508
2024-01-09,15.970613479614258,18.433748245239258,70.27984619140625,54.49968338012695,55.05204391479492
2024-01-10,15.865021705627441,18.34454917907715,70.16036987304688,54.33673858642578,54.449745178222656
2024-01-11,15.565220832824707,18.29800796508789,70.03094482421875,53.924591064453125,54.061161041259766
2024-01-12,15.610474586486816,18.443445205688477,70.74777221679688,53.44534683227539,54.57603454589844
2024-01-15,15.504880905151367,18.532649993896484,70.40927124023438,52.98527145385742,54.03202438354492
2024-01-16,15.349736213684082,18.555593490600586,70.52758026123047,52.86215591430664,53.73884963989258
2024-01-17,15.220538139343262,18.45005226135254,70.0989990234375,51.82677459716797,52.570404052734375
2024-01-18,15.336435317993164,18.438325881958008,72.19210052490234,52.239013671875,53.037776947021484
2024-01-19,15.285138130187988,18.438325881958008,72.56088256835938,51.69255447387695,52.20039367675781
2024-01-22,15.505532264709473,18.57122802734375,74.08585357666016,51.80760192871094,51.75248718261719
2024-01-23,15.47323226928711,18.6513614654541,74.00611877441406,52.21024703979492,52.60934829711914
2024-01-24,15.667028427124023,18.584909439086914,77.6640625,52.47868347167969,53.70963668823242
2024-01-25,15.627129554748535,18.723674774169922,78.94982147216797,52.05685806274414,53.61227035522461
2024-01-26,15.746826171875,18.813581466674805,78.28203582763672,52.81422424316406,54.33280944824219
2024-01-29,15.674628257751465,18.686540603637695,78.51126861572266,53.0443115234375,54.67361068725586
2024-01-30,15.866522789001465,18.4735050201416,78.57108306884766,53.65787124633789,53.98227310180664
2024-01-31,15.889322280883789,18.41291618347168,78.16242218017578,54.26184844970703,54.34254837036133
2024-02-01,15.59103012084961,18.350374221801758,78.35179138183594,54.98086166381836,53.73884963989258
2024-02-02,15.744926452636719,18.305423736572266,78.6109390258789,55.5848388671875,53.11567687988281
2024-02-05,15.651827812194824,18.109975814819336,79.04949188232422,54.95210266113281,52.258811950683594
2024-02-06,15.744926452636719,18.086523056030273,79.64752960205078,55.41227340698242,52.862518310546875
2024-02-07,15.583429336547852,17.857852935791016,80.235595703125,55.73822784423828,52.24907684326172
2024-02-08,15.522632598876953,17.816810607910156,80.92332458496094,56.5147705078125,52.10301971435547
2024-02-09,15.469433784484863,17.72690200805664,81.90010070800781,56.792789459228516,51.59669876098633
2024-02-12,15.619527816772461,17.853944778442383,82.04961395263672,57.099571228027344,52.278289794921875
2024-02-13,15.577730178833008,17.724950790405273,79.8568344116211,56.95576477050781,51.58695983886719
2024-02-14,15.653729438781738,17.72690200805664,80.7239761352539,57.118743896484375,51.41169357299805
2024-02-15,15.722126007080078,17.879350662231445,80.94325256347656,58.28834533691406,51.781700134277344
2024-02-16,15.8646240234375,17.859806060791016,81.53131866455078,58.54719161987305,53.04751968383789
2024-02-19,15.915922164916992,17.99271011352539,80.84358978271484,58.07743453979492,52.424346923828125
2024-02-20,16.05841827392578,18.031797409057617,79.33854675292969,57.540565490722656,51.470115661621094
2024-02-21,15.906421661376953,17.977073669433594,79.27873992919922,58.41297149658203,51.061153411865234
2024-02-22,16.035619735717773,18.066980361938477,81.73066711425781,59.88935470581055,51.23642349243164
2024-02-23,16.145816802978516,18.059160232543945,81.48148345947266,60.55084991455078,51.363006591796875
2024-02-26,16.094518661499023,17.979028701782227,81.85027313232422,60.22489929199219,50.34061813354492
2024-02-27,16.153417587280273,18.115840911865234,82.65760040283203,60.733001708984375,51.23642349243164
2024-02-28,16.23511505126953,17.998571395874023,81.53131866455078,61.35615158081055,50.73983383178711
2024-02-29,16.229413986206055,17.984891891479492,81.3818130493164,61.15482711791992,50.8566780090332
2024-03-01,16.385211944580078,18.023983001708984,82.51806640625,61.23152160644531,51.23642349243164
2024-03-04,16.453609466552734,18.04547882080078,83.23570251464844,60.886390686035156,50.66193771362305
2024-03-05,16.49540901184082,18.13929557800293,81.90010070800781,60.82887268066406,50.23350524902344
2024-03-06,16.59990692138672,18.149066925048828,82.99649047851562,60.598785400390625,50.61325454711914
2024-03-07,16.708202362060547,18.1119327545166,84.77064514160156,60.608375549316406,51.9374885559082
2024-03-08,16.683504104614258,18.13147735595703,83.39517974853516,60.57002258300781,51.84986114501953
2024-03-11,16.672103881835938,18.092388153076172,81.75059509277344,60.35911178588867,51.645381927490234
2024-03-12,16.99509620666504,18.02593421936035,82.97655487060547,61.71086883544922,52.40487289428711
2024-03-13,17.05589485168457,17.9321231842041,82.48816680908203,60.982261657714844,53.08646774291992
2024-03-14,16.945697784423828,17.869579315185547,82.0595703125,60.6850700378418,52.463294982910156
2024-03-15,17.160390853881836,18.086523056030273,80.64424896240234,61.28904342651367,52.78461837768555
2024-03-18,17.200292587280273,17.834400177001953,80.79374694824219,61.739627838134766,52.580135345458984
2024-03-19,17.384586334228516,17.912578582763672,80.39506530761719,62.59286117553711,52.8138313293457
2024-03-20,17.390287399291992,17.969257354736328,80.41499328613281,62.65038299560547,52.96962356567383
2024-03-21,17.680978775024414,18.016162872314453,82.98652648925781,62.5257568359375,54.38149642944336
2024-03-22,17.717077255249023,18.07088851928711,82.27886199951172,62.57368469238281,54.245174407958984
2024-03-25,17.74557876586914,18.117794036865234,82.2389907836914,62.91881561279297,54.10886001586914
2024-03-26,17.916574478149414,18.235063552856445,82.34862518310547,62.928401947021484,53.74858474731445
2024-03-27,17.880475997924805,18.364055633544922,82.10940551757812,63.01469039916992,54.14780807495117
2024-03-28,18.040071487426758,18.446142196655273,81.77052307128906,62.96675109863281,54.556766510009766
2024-04-02,18.049571990966797,18.264379501342773,81.1525650024414,62.16144943237305,55.49152374267578
2024-04-03,18.28896713256836,18.266332626342773,81.68082427978516,62.669559478759766,55.87126541137695
2024-04-04,18.497962951660156,18.26242446899414,81.75059509277344,63.465267181396484,56.92286682128906
2024-04-05,18.345966339111328,17.96339225769043,81.57118225097656,62.813358306884766,56.221805572509766
2024-04-08,18.5169620513916,17.984891891479492,82.03964233398438,63.685768127441406,57.41946029663086
2024-04-09,18.32886505126953,18.053298950195312,81.26219940185547,63.49403381347656,58.06210708618164
2024-04-10,18.501760482788086,18.061115264892578,81.56121826171875,63.43650436401367,57.63367462158203
2024-04-11,18.072372436523438,17.875442504882812,81.43164825439453,63.321468353271484,57.31235122680664
2024-04-12,18.072372436523438,17.90671157836914,80.95321655273438,62.57368469238281,58.7144889831543
2024-04-15,18.138277053833008,17.81859588623047,81.07928466796875,62.97633743286133,58.60820770263672
2024-04-16,17.66440773010254,17.600048065185547,80.42042541503906,61.66292953491211,56.884437561035156
2024-04-17,17.888973236083984,17.70046043395996,78.27416229248047,61.49036407470703,57.53694152832031
2024-04-18,18.178241729736328,17.852067947387695,77.64524841308594,62.02722930908203,57.809627532958984
2024-04-19,18.189659118652344,18.07258415222168,76.2077407836914,61.58623504638672,57.79014587402344
2024-04-22,18.5036678314209,18.460460662841797,76.39741516113281,61.66292953491211,57.653804779052734
2024-04-23,18.811967849731445,18.566781997680664,78.29412078857422,62.190216064453125,56.96234893798828
2024-04-24,18.64259147644043,18.411237716674805,79.2524642944336,62.03681945800781,57.84857940673828
2024-04-25,18.714908599853516,18.320667266845703,78.43387603759766,61.241111755371094,59.017234802246094
2024-04-26,18.886188507080078,18.40532875061035,79.88136291503906,61.99847412109375,59.883995056152344
2024-04-29,18.857643127441406,18.434864044189453,79.15263366699219,62.24773406982422,60.809181213378906
2024-04-30,18.78532600402832,18.172998428344727,78.19429779052734,59.62092208862305,60.10798645019531
2024-05-02,18.90522003173828,18.259632110595703,77.39568328857422,59.49629592895508,59.913211822509766
2024-05-03,18.8290958404541,18.346261978149414,78.66348266601562,60.02357482910156,60.30276107788086
2024-05-06,19.078399658203125,18.426986694335938,79.55194091796875,60.45498275756836,60.83839797973633
2024-05-07,19.36861801147461,18.40532875061035,80.88961791992188,60.38787841796875,61.03316879272461
2024-05-08,19.335315704345703,18.354137420654297,80.78978729248047,59.64968490600586,60.35145568847656
2024-05-09,19.263952255249023,18.45061683654785,81.36878967285156,59.95646667480469,61.01369857788086
2024-05-10,19.387649536132812,18.52346420288086,81.99769592285156,59.79348373413086,61.74410629272461
2024-05-13,19.468530654907227,18.61993980407715,81.79804229736328,60.57002258300781,61.37403106689453
2024-05-14,19.635051727294922,18.846364974975586,81.92781066894531,61.39449691772461,61.656455993652344
2024-05-15,19.67786979675293,18.96449851989746,82.85620880126953,61.145240783691406,61.60776138305664
2024-05-16,19.620777130126953,19.068851470947266,83.00594329833984,60.80010986328125,62.15313720703125
2024-05-17,19.78729820251465,19.16139030456543,82.60663604736328,60.579612731933594,63.20492935180664
2024-05-20,19.792055130004883,19.208642959594727,83.34535217285156,60.07150650024414,63.57500076293945
2024-05-21,19.79681396484375,19.112167358398438,82.87616729736328,59.78390121459961,63.88664627075195
2024-05-22,19.682628631591797,19.123981475830078,83.33537292480469,59.30455780029297,62.62060546875
2024-05-23,19.682628631591797,18.944808959960938,84.25377655029297,59.17033767700195,62.240787506103516
2024-05-24,19.668354034423828,18.887712478637695,84.00421142578125,59.40042495727539,62.0460090637207
